{
	"credit": "Made with Blockbench",
	"texture_size": [64, 64],
	"textures": {
		"1": "item/2tier/crossbow/wtf"
	},
	"elements": [
		{
			"from": [1.12828, 0.975, 5.4794],
			"to": [2.25328, 2.175, 7.7294],
			"rotation": {"angle": -22.5, "axis": "y", "origin": [1.15328, 2.5, 6.7294]},
			"faces": {
				"north": {"uv": [4, 7, 4.28125, 7.375], "texture": "#1", "cullface": "north"},
				"east": {"uv": [3, 5.75, 3.5625, 6.125], "texture": "#1"},
				"south": {"uv": [5.5, 7, 5.78125, 7.375], "texture": "#1"},
				"west": {"uv": [0, 6, 0.5625, 6.375], "texture": "#1"},
				"up": {"uv": [0.28125, 7.0625, 0, 6.5], "texture": "#1"},
				"down": {"uv": [0.78125, 6.5, 0.5, 7.0625], "texture": "#1"}
			}
		},
		{
			"from": [1.12828, 0.975, 9.2706],
			"to": [2.22828, 2.175, 11.5206],
			"rotation": {"angle": 22.5, "axis": "y", "origin": [1.15328, 2.5, 10.2706]},
			"faces": {
				"north": {"uv": [6.75, 7, 7.03125, 7.375], "texture": "#1", "cullface": "north"},
				"east": {"uv": [6, 0.5, 6.5625, 0.875], "texture": "#1"},
				"south": {"uv": [0, 7.25, 0.28125, 7.625], "texture": "#1"},
				"west": {"uv": [0.75, 6, 1.3125, 6.375], "texture": "#1"},
				"up": {"uv": [1.28125, 7.0625, 1, 6.5], "texture": "#1"},
				"down": {"uv": [6.78125, 5.5, 6.5, 6.0625], "texture": "#1"}
			}
		},
		{
			"from": [1.41865, 0.725, 10.86836],
			"to": [2.66865, 2.275, 13.36836],
			"rotation": {"angle": 0, "axis": "y", "origin": [3.16414, 2.5, 7.512]},
			"faces": {
				"north": {"uv": [4.5, 6.75, 4.8125, 7.125], "texture": "#1", "cullface": "north"},
				"east": {"uv": [0, 5.25, 0.625, 5.625], "texture": "#1"},
				"south": {"uv": [5, 6.75, 5.3125, 7.125], "texture": "#1"},
				"west": {"uv": [0.75, 5.25, 1.375, 5.6375], "texture": "#1"},
				"up": {"uv": [1.8125, 6.625, 1.5, 6], "texture": "#1"},
				"down": {"uv": [2.3125, 6, 2, 6.625], "texture": "#1"}
			}
		},
		{
			"from": [1.41865, 0.75, 3.61836],
			"to": [2.66865, 2.3, 6.11836],
			"rotation": {"angle": 0, "axis": "y", "origin": [3.16414, 2.5, 7.512]},
			"faces": {
				"north": {"uv": [6.75, 6.5, 7.0625, 6.875], "texture": "#1", "cullface": "north"},
				"east": {"uv": [1.5, 5.25, 2.125, 5.625], "texture": "#1"},
				"south": {"uv": [1.5, 7, 1.8125, 7.375], "texture": "#1"},
				"west": {"uv": [2.25, 5.25, 2.875, 5.6375], "texture": "#1"},
				"up": {"uv": [2.8125, 6.625, 2.5, 6], "texture": "#1"},
				"down": {"uv": [6.5625, 5.5, 6.25, 6.125], "texture": "#1"}
			}
		},
		{
			"from": [0.80253, 0.775, 1.63092],
			"to": [6.05253, 2.275, 2.88092],
			"rotation": {"angle": 45, "axis": "y", "origin": [3.55253, 2.5, 1.88092]},
			"faces": {
				"north": {"uv": [3.25, 2, 4.5625, 2.375], "texture": "#1", "cullface": "north"},
				"east": {"uv": [2, 7, 2.3125, 7.375], "texture": "#1"},
				"south": {"uv": [3.25, 2.5, 4.5625, 2.875], "texture": "#1"},
				"west": {"uv": [2.5, 7, 2.8125, 7.375], "texture": "#1"},
				"up": {"uv": [1.3125, 4.5625, 0, 4.25], "texture": "#1"},
				"down": {"uv": [2.8125, 4.25, 1.5, 4.5625], "texture": "#1"}
			}
		},
		{
			"from": [-2.07945, 0.75, 10.30486],
			"to": [-0.82945, 2.25, 15.55486],
			"rotation": {"angle": 45, "axis": "y", "origin": [3.16414, 2.5, 7.512]},
			"faces": {
				"north": {"uv": [3, 7, 3.3125, 7.375], "texture": "#1", "cullface": "north"},
				"east": {"uv": [3.5, 0, 4.8125, 0.375], "texture": "#1"},
				"south": {"uv": [3.5, 7, 3.8125, 7.375], "texture": "#1"},
				"west": {"uv": [3.5, 0.5, 4.8125, 0.875], "texture": "#1"},
				"up": {"uv": [3.3125, 5.5625, 3, 4.25], "texture": "#1"},
				"down": {"uv": [0, 12.11129, 0.3125, 13.42379], "texture": "#1"}
			}
		},
		{
			"from": [0.41865, 0.75, 3.36836],
			"to": [3.66865, 2.4, 4.86836],
			"rotation": {"angle": -22.5, "axis": "y", "origin": [2.04365, 1.525, 4.86836]},
			"faces": {
				"north": {"uv": [0, 3, 0.8125, 3.625], "texture": "#1", "cullface": "north"},
				"east": {"uv": [4, 5.5, 4.375, 6.125], "texture": "#1"},
				"south": {"uv": [1, 3, 1.8125, 3.625], "texture": "#1"},
				"west": {"uv": [4.5, 5.5, 4.875, 6.1375], "texture": "#1"},
				"up": {"uv": [0.8125, 5.125, 0, 4.75], "texture": "#1"},
				"down": {"uv": [1.8125, 4.75, 1, 5.125], "texture": "#1"}
			}
		},
		{
			"from": [0.41865, 0.75, 12.11836],
			"to": [3.66865, 2.4, 13.61836],
			"rotation": {"angle": 22.5, "axis": "y", "origin": [2.04365, 1.525, 13.11836]},
			"faces": {
				"north": {"uv": [2, 3, 2.8125, 3.625], "texture": "#1", "cullface": "north"},
				"east": {"uv": [5, 5.5, 5.375, 6.125], "texture": "#1"},
				"south": {"uv": [3, 3, 3.8125, 3.625], "texture": "#1"},
				"west": {"uv": [5.5, 5.5, 5.875, 6.1375], "texture": "#1"},
				"up": {"uv": [2.8125, 5.125, 2, 4.75], "texture": "#1"},
				"down": {"uv": [5.5625, 2, 4.75, 2.375], "texture": "#1"}
			}
		},
		{
			"from": [0.16865, 1, 11.86836],
			"to": [3.91865, 2.05, 13.86836],
			"rotation": {"angle": 22.5, "axis": "y", "origin": [2.04365, 1.525, 13.11836]},
			"faces": {
				"north": {"uv": [5.5, 3.75, 6.4375, 4], "texture": "#1", "cullface": "north"},
				"east": {"uv": [1.5, 6.75, 2, 7], "texture": "#1"},
				"south": {"uv": [5.5, 4, 6.4375, 4.25], "texture": "#1"},
				"west": {"uv": [2, 6.75, 2.5, 7.0125], "texture": "#1"},
				"up": {"uv": [4.4375, 1.5, 3.5, 1], "texture": "#1"},
				"down": {"uv": [4.4375, 1.5, 3.5, 2], "texture": "#1"}
			}
		},
		{
			"from": [0.16865, 1, 3.11836],
			"to": [3.91865, 2.05, 5.11836],
			"rotation": {"angle": -22.5, "axis": "y", "origin": [2.04365, 1.525, 4.86836]},
			"faces": {
				"north": {"uv": [5.5, 3.75, 6.4375, 4], "texture": "#1", "cullface": "north"},
				"east": {"uv": [1.5, 6.75, 2, 7], "texture": "#1"},
				"south": {"uv": [5.5, 4, 6.4375, 4.25], "texture": "#1"},
				"west": {"uv": [2, 6.75, 2.5, 7.0125], "texture": "#1"},
				"up": {"uv": [4.4375, 1.5, 3.5, 1], "texture": "#1"},
				"down": {"uv": [4.4375, 1.5, 3.5, 2], "texture": "#1"}
			}
		},
		{
			"from": [0, 1, 8],
			"to": [13.75, 2, 9],
			"rotation": {"angle": 0, "axis": "y", "origin": [6.6875, 2, 8.5]},
			"faces": {
				"north": {"uv": [0, 0, 3.4375, 0.25], "texture": "#1"},
				"east": {"uv": [3.75, 5.75, 4, 6], "texture": "#1"},
				"south": {"uv": [0, 0.25, 3.4375, 0.5], "texture": "#1"},
				"west": {"uv": [3.75, 6, 4, 6.25], "texture": "#1"},
				"up": {"uv": [3.4375, 0.75, 0, 0.5], "texture": "#1"},
				"down": {"uv": [3.4375, 0.75, 0, 1], "texture": "#1"}
			}
		},
		{
			"from": [-0.25, 1.89645, 8.56066],
			"to": [13.5, 2.89645, 9.06066],
			"rotation": {"angle": 45, "axis": "x", "origin": [6.6875, 2, 8.5]},
			"faces": {
				"north": {"uv": [0, 1, 3.4375, 1.25], "texture": "#1"},
				"east": {"uv": [1.25, 7.25, 1.375, 7.5], "texture": "#1"},
				"south": {"uv": [0, 1.25, 3.4375, 1.5], "texture": "#1"},
				"west": {"uv": [5.25, 7.25, 5.375, 7.5], "texture": "#1"},
				"up": {"uv": [5.4375, 3.875, 2, 3.75], "texture": "#1"},
				"down": {"uv": [5.4375, 4, 2, 4.125], "texture": "#1"}
			}
		},
		{
			"from": [-0.25, 0.81066, 9.45711],
			"to": [12.25, 1.31066, 10.45711],
			"rotation": {"angle": 45, "axis": "x", "origin": [6.25, 2.06066, 9.70711]},
			"faces": {
				"north": {"uv": [4, 3.5, 7.125, 3.625], "texture": "#1"},
				"east": {"uv": [7.75, 6, 8, 6.125], "texture": "#1"},
				"south": {"uv": [4, 4.25, 7.125, 4.375], "texture": "#1"},
				"west": {"uv": [6.5, 7.75, 6.75, 7.875], "texture": "#1"},
				"up": {"uv": [3.125, 2.25, 0, 2], "texture": "#1"},
				"down": {"uv": [3.125, 2.25, 0, 2.5], "texture": "#1"}
			}
		},
		{
			"from": [-0.25, 0.57322, 7.53033],
			"to": [12.25, 1.07322, 8.53033],
			"rotation": {"angle": -45, "axis": "x", "origin": [6.25, 0.82322, 7.53033]},
			"faces": {
				"north": {"uv": [4.5, 1, 7.625, 1.125], "texture": "#1"},
				"east": {"uv": [6.75, 7.75, 7, 7.875], "texture": "#1"},
				"south": {"uv": [4.5, 1.25, 7.625, 1.375], "texture": "#1"},
				"west": {"uv": [7.75, 6.75, 8, 6.875], "texture": "#1"},
				"up": {"uv": [3.125, 2.75, 0, 2.5], "texture": "#1"},
				"down": {"uv": [3.125, 2.75, 0, 3], "texture": "#1"}
			}
		},
		{
			"from": [-0.25, 1.89645, 7.93934],
			"to": [13.5, 2.89645, 8.43934],
			"rotation": {"angle": -45, "axis": "x", "origin": [6.6875, 2, 8.5]},
			"faces": {
				"north": {"uv": [0, 1.5, 3.4375, 1.75], "texture": "#1"},
				"east": {"uv": [7, 7.75, 7.125, 8], "texture": "#1"},
				"south": {"uv": [0, 1.75, 3.4375, 2], "texture": "#1"},
				"west": {"uv": [7.75, 7, 7.875, 7.25], "texture": "#1"},
				"up": {"uv": [7.4375, 3.125, 4, 3], "texture": "#1"},
				"down": {"uv": [7.4375, 3.25, 4, 3.375], "texture": "#1"}
			}
		},
		{
			"from": [7, 2, 7.375],
			"to": [13, 2.75, 7.875],
			"rotation": {"angle": 22.5, "axis": "z", "origin": [8.6875, 2, 8.5]},
			"faces": {
				"north": {"uv": [4.75, 2.5, 6.25, 2.6875], "texture": "#1"},
				"east": {"uv": [2.75, 8, 2.875, 8.1875], "texture": "#1"},
				"south": {"uv": [4.75, 2.75, 6.25, 2.9375], "texture": "#1"},
				"west": {"uv": [8, 3, 8.125, 3.1875], "texture": "#1"},
				"up": {"uv": [7.25, 2.375, 5.75, 2.25], "texture": "#1"},
				"down": {"uv": [7.75, 2.5, 6.25, 2.625], "texture": "#1"}
			}
		},
		{
			"from": [7, 2, 9.125],
			"to": [13, 2.75, 9.625],
			"rotation": {"angle": 22.5, "axis": "z", "origin": [8.6875, 2, 8.5]},
			"faces": {
				"north": {"uv": [5, 0, 6.5, 0.1875], "texture": "#1"},
				"east": {"uv": [8, 3.25, 8.125, 3.4375], "texture": "#1"},
				"south": {"uv": [5, 0.25, 6.5, 0.4375], "texture": "#1"},
				"west": {"uv": [8, 3.5, 8.125, 3.6875], "texture": "#1"},
				"up": {"uv": [7.75, 2.875, 6.25, 2.75], "texture": "#1"},
				"down": {"uv": [4.5, 6.25, 3, 6.375], "texture": "#1"}
			}
		},
		{
			"from": [12.28774, 3.82394, 7.625],
			"to": [12.53774, 4.07394, 9.375],
			"rotation": {"angle": 0, "axis": "y", "origin": [12.41274, 3.94894, 8.5]},
			"faces": {
				"north": {"uv": [2.25, 8.25, 2.3125, 8.3125], "texture": "#1"},
				"east": {"uv": [7.25, 7.75, 7.6875, 7.8125], "texture": "#1"},
				"south": {"uv": [8.25, 2.25, 8.3125, 2.3125], "texture": "#1"},
				"west": {"uv": [7.75, 7.25, 8.1875, 7.3125], "texture": "#1"},
				"up": {"uv": [7.8125, 8.1875, 7.75, 7.75], "texture": "#1"},
				"down": {"uv": [0.0625, 8, 0, 8.4375], "texture": "#1"}
			}
		},
		{
			"from": [5.25, 0.85, 7.525],
			"to": [8.5, 2.1, 9.45],
			"rotation": {"angle": 0, "axis": "y", "origin": [6.6875, 2, 8.5]},
			"faces": {
				"north": {"uv": [5, 0.5, 5.8125, 0.8125], "texture": "#1"},
				"east": {"uv": [6.5, 3.75, 6.96875, 4.0625], "texture": "#1"},
				"south": {"uv": [4, 5, 4.8125, 5.3125], "texture": "#1"},
				"west": {"uv": [5.75, 6.5, 6.23125, 6.8125], "texture": "#1"},
				"up": {"uv": [5.3125, 1.96875, 4.5, 1.5], "texture": "#1"},
				"down": {"uv": [4.8125, 4.5, 4, 4.96875], "texture": "#1"}
			}
		},
		{
			"from": [6.875, 1.35, 7.275],
			"to": [7.125, 1.6, 9.7],
			"rotation": {"angle": 45, "axis": "z", "origin": [6.6875, 2, 8.5]},
			"faces": {
				"north": {"uv": [2.5, 8.25, 2.5625, 8.3125], "texture": "#1"},
				"east": {"uv": [4.5, 7.75, 5.09375, 7.8125], "texture": "#1"},
				"south": {"uv": [2.75, 8.25, 2.8125, 8.3125], "texture": "#1"},
				"west": {"uv": [5.25, 7.75, 5.85625, 7.8125], "texture": "#1"},
				"up": {"uv": [6.0625, 8.34375, 6, 7.75], "texture": "#1"},
				"down": {"uv": [6.3125, 7.75, 6.25, 8.34375], "texture": "#1"}
			}
		},
		{
			"from": [11.7706, -1.15328, 8.25],
			"to": [12.2706, 0.09672, 8.75],
			"rotation": {"angle": -22.5, "axis": "z", "origin": [14.7706, 0.59672, 8.5]},
			"faces": {
				"north": {"uv": [3, 7.75, 3.125, 8.0625], "texture": "#1"},
				"east": {"uv": [3.25, 7.75, 3.375, 8.0625], "texture": "#1"},
				"south": {"uv": [3.5, 7.75, 3.625, 8.0625], "texture": "#1"},
				"west": {"uv": [3.75, 7.75, 3.875, 8.0625], "texture": "#1"},
				"up": {"uv": [8.125, 4.375, 8, 4.25], "texture": "#1"},
				"down": {"uv": [4.625, 8, 4.5, 8.125], "texture": "#1"}
			}
		},
		{
			"from": [13.25, 0.25, 8.25],
			"to": [16.75, 1.25, 8.75],
			"rotation": {"angle": -22.5, "axis": "z", "origin": [14.5, 1.25, 8.5]},
			"faces": {
				"north": {"uv": [2, 5.75, 2.875, 6], "texture": "#1"},
				"east": {"uv": [5.5, 6.75, 5.625, 7], "texture": "#1"},
				"south": {"uv": [5.75, 2, 6.625, 2.25], "texture": "#1"},
				"west": {"uv": [6, 7, 6.125, 7.25], "texture": "#1"},
				"up": {"uv": [7.875, 5.625, 7, 5.5], "texture": "#1"},
				"down": {"uv": [7.875, 5.75, 7, 5.875], "texture": "#1"}
			}
		},
		{
			"from": [12.2706, -1.15328, 8.25],
			"to": [13.7706, -0.65328, 8.75],
			"rotation": {"angle": -22.5, "axis": "z", "origin": [14.7706, 0.84672, 8.5]},
			"faces": {
				"north": {"uv": [0, 7.75, 0.375, 7.875], "texture": "#1"},
				"east": {"uv": [4.75, 8, 4.875, 8.125], "texture": "#1"},
				"south": {"uv": [0.5, 7.75, 0.875, 7.875], "texture": "#1"},
				"west": {"uv": [5, 8, 5.125, 8.125], "texture": "#1"},
				"up": {"uv": [1.375, 7.875, 1, 7.75], "texture": "#1"},
				"down": {"uv": [8.125, 1, 7.75, 1.125], "texture": "#1"}
			}
		},
		{
			"from": [13.04848, -0.95589, 8.275],
			"to": [13.79848, -0.45589, 8.725],
			"rotation": {"angle": -45, "axis": "z", "origin": [13.52348, -0.53089, 8.5]},
			"faces": {
				"north": {"uv": [8, 2, 8.1875, 2.125], "texture": "#1"},
				"east": {"uv": [5.25, 8, 5.375, 8.125], "texture": "#1"},
				"south": {"uv": [2.25, 8, 2.4375, 8.125], "texture": "#1"},
				"west": {"uv": [5.5, 8, 5.6125, 8.125], "texture": "#1"},
				"up": {"uv": [8.1875, 2.375, 8, 2.25], "texture": "#1"},
				"down": {"uv": [2.6875, 8, 2.5, 8.125], "texture": "#1"}
			}
		},
		{
			"from": [13.54848, -1.03089, 8.25],
			"to": [14.79848, -0.55589, 8.75],
			"rotation": {"angle": -22.5, "axis": "z", "origin": [13.52348, -0.53089, 8.5]},
			"faces": {
				"north": {"uv": [7.75, 2.75, 8.0625, 2.875], "texture": "#1"},
				"east": {"uv": [8, 5.5, 8.125, 5.625], "texture": "#1"},
				"south": {"uv": [7.75, 3.75, 8.0625, 3.875], "texture": "#1"},
				"west": {"uv": [5.75, 8, 5.875, 8.11875], "texture": "#1"},
				"up": {"uv": [4.3125, 7.875, 4, 7.75], "texture": "#1"},
				"down": {"uv": [8.0625, 4, 7.75, 4.125], "texture": "#1"}
			}
		},
		{
			"from": [-1.18135, 1.15, 9.64336],
			"to": [1.56865, 1.4, 10.39336],
			"rotation": {"angle": 22.5, "axis": "y", "origin": [0.54365, 1.275, 11.11836]},
			"faces": {
				"north": {"uv": [7.75, 1.25, 8.4375, 1.3125], "texture": "#1", "cullface": "north"},
				"east": {"uv": [8, 5.75, 8.1875, 5.8125], "texture": "#1"},
				"south": {"uv": [1.5, 7.75, 2.1875, 7.8125], "texture": "#1"},
				"west": {"uv": [8, 6, 8.1875, 6.0625], "texture": "#1"},
				"up": {"uv": [7.4375, 0.6875, 8.125, 0.5], "texture": "#1"},
				"down": {"uv": [7.4375, 0.75, 6.75, 0.9375], "texture": "#1"}
			}
		},
		{
			"from": [-1.13135, 1.15, 6.71836],
			"to": [1.49365, 1.4, 7.46836],
			"rotation": {"angle": -22.5, "axis": "y", "origin": [0.54365, 1.275, 5.86836]},
			"faces": {
				"north": {"uv": [2.25, 15.65, 2.90625, 15.7125], "texture": "#1", "cullface": "north"},
				"east": {"uv": [8, 6.25, 8.1875, 6.3125], "texture": "#1"},
				"south": {"uv": [7.75, 2.5, 8.40625, 2.5625], "texture": "#1"},
				"west": {"uv": [6.5, 8, 6.6875, 8.0625], "texture": "#1"},
				"up": {"uv": [3.65625, 6.9375, 3, 6.75], "texture": "#1"},
				"down": {"uv": [4.40625, 6.75, 3.75, 6.9375], "texture": "#1"}
			}
		},
		{
			"from": [-2.78247, 1.175, 6.38284],
			"to": [-1.28247, 1.375, 7.13284],
			"rotation": {"angle": 45, "axis": "y", "origin": [-1.78247, 1.275, 6.25784]},
			"faces": {
				"north": {"uv": [0.25, 8, 0.625, 8.0625], "texture": "#1", "cullface": "north"},
				"east": {"uv": [8, 6.5, 8.1875, 6.5625], "texture": "#1"},
				"south": {"uv": [0.75, 8, 1.125, 8.0625], "texture": "#1"},
				"west": {"uv": [6.75, 8, 6.9375, 8.05], "texture": "#1"},
				"up": {"uv": [7.625, 6.9375, 7.25, 6.75], "texture": "#1"},
				"down": {"uv": [7.625, 7, 7.25, 7.1875], "texture": "#1"}
			}
		},
		{
			"from": [-2.35569, 1.175, 9.91317],
			"to": [-0.85569, 1.375, 10.66317],
			"rotation": {"angle": -45, "axis": "y", "origin": [-1.60569, 1.275, 10.28817]},
			"faces": {
				"north": {"uv": [1.25, 8, 1.625, 8.0625], "texture": "#1", "cullface": "north"},
				"east": {"uv": [8, 6.75, 8.1875, 6.8125], "texture": "#1"},
				"south": {"uv": [1.75, 8, 2.125, 8.0625], "texture": "#1"},
				"west": {"uv": [7, 8, 7.1875, 8.05], "texture": "#1"},
				"up": {"uv": [7.625, 7.4375, 7.25, 7.25], "texture": "#1"},
				"down": {"uv": [0.875, 7.5, 0.5, 7.6875], "texture": "#1"}
			}
		},
		{
			"from": [-2.38069, 1.1, 7.03817],
			"to": [-1.63069, 1.45, 10.03817],
			"rotation": {"angle": 0, "axis": "y", "origin": [-1.60569, 1.275, 10.28817]},
			"faces": {
				"north": {"uv": [4, 8, 4.1875, 8.09375], "texture": "#1", "cullface": "north"},
				"east": {"uv": [7.5, 0.5, 8.25, 0.59375], "texture": "#1"},
				"south": {"uv": [4.25, 8, 4.4375, 8.09375], "texture": "#1"},
				"west": {"uv": [7.5, 0.75, 8.25, 0.8375], "texture": "#1"},
				"up": {"uv": [6.4375, 7.25, 6.25, 6.5], "texture": "#1"},
				"down": {"uv": [6.6875, 6.5, 6.5, 7.25], "texture": "#1"}
			}
		},
		{
			"from": [6, 1.775, 0.8],
			"to": [6, 2.025, 16.05],
			"faces": {
				"north": {"uv": [0, 0, 0, 0.0625], "texture": "#1"},
				"east": {"uv": [5.5, 1.5, 9.3125, 1.5625], "texture": "#1"},
				"south": {"uv": [0, 0, 0, 0.0625], "texture": "#1"},
				"west": {"uv": [5.5, 1.75, 9.3125, 1.8125], "texture": "#1"},
				"up": {"uv": [0, 3.8125, 0, 0], "texture": "#1"},
				"down": {"uv": [0, 0, 0, 3.8125], "texture": "#1"}
			}
		}
	],
	"display": {
		"thirdperson_righthand": {
			"rotation": [-163.5, -76.9, -167.88],
			"translation": [1.75, 5.25, -2.25]
		},
		"thirdperson_lefthand": {
			"rotation": [-20, 87, 28],
			"translation": [0.5, 5.75, -2]
		},
		"firstperson_righthand": {
			"rotation": [179.66, -80.87, -171.48],
			"translation": [1.5, 9.5, 0.75],
			"scale": [1, 1.3, 1]
		},
		"firstperson_lefthand": {
			"rotation": [-9, 63, 0],
			"translation": [1.75, 6.75, 0.75]
		},
		"ground": {
			"rotation": [0, 0, 39],
			"translation": [0, 3.5, 0],
			"scale": [0.5, 0.5, 0.5]
		},
		"gui": {
			"rotation": [44, 44, 0],
			"translation": [1, 5.5, 0]
		},
		"head": {
			"rotation": [0, -90, 0],
			"translation": [0.75, 6, 2],
			"scale": [1.5, 1.5, 1.5]
		},
		"fixed": {
			"rotation": [-90, 0, 0],
			"translation": [1, 0, -7]
		}
	},
	"groups": [
		{
			"name": "shooter",
			"origin": [3.0222, 2.5, 13.37141],
			"color": 0,
			"children": [0, 1, 2, 3, 4, 5, 6, 7, 8, 9]
		},
		{
			"name": "body",
			"origin": [1, 1, 8],
			"color": 0,
			"children": [10, 11, 12, 13, 14, 15, 16, 17, 18, 19]
		},
		{
			"name": "handle",
			"origin": [14.0206, 0.84672, 8.5],
			"color": 0,
			"children": [20, 21, 22, 23, 24]
		},
		{
			"name": "nose",
			"origin": [-2.60569, 1.875, 10.28817],
			"color": 0,
			"children": [25, 26, 27, 28, 29]
		},
		{
			"name": "thin",
			"origin": [5.875, 1.9, 8.425],
			"color": 0,
			"children": [30]
		}
	]
}