{"textures":{"0":"modelengine:entity/boneshading_white","2":"modelengine:entity/fallen_knight"},"elements":[{"from":[5.5,9.0,6.15],"to":[7.5,11.0,9.85],"faces":{"east":{"uv":[6.75,9.125,7.25,9.375],"tintindex":-2,"rotation":0,"texture":"#2"},"south":{"uv":[10.625,7.125,10.875,7.375],"tintindex":-2,"rotation":0,"texture":"#2"},"north":{"uv":[10.625,6.75,10.875,7.0],"tintindex":-2,"rotation":0,"texture":"#2"},"west":{"uv":[0.375,9.25,0.875,9.5],"tintindex":-2,"rotation":0,"texture":"#2"},"up":{"uv":[1.25,9.75,1.0,9.25],"tintindex":-2,"rotation":0,"texture":"#2"},"down":{"uv":[3.875,9.25,3.625,9.75],"tintindex":-2,"rotation":0,"texture":"#2"}}},{"from":[6.994,7.244,5.569],"to":[9.006,9.256,5.831],"faces":{"east":{"uv":[11.875,2.5,12.0,2.75],"tintindex":-2,"rotation":0,"texture":"#2"},"south":{"uv":[10.5,3.5,10.75,3.75],"tintindex":-2,"rotation":0,"texture":"#2"},"north":{"uv":[10.5,3.125,10.75,3.375],"tintindex":-2,"rotation":0,"texture":"#2"},"west":{"uv":[3.625,11.875,3.75,12.125],"tintindex":-2,"rotation":0,"texture":"#2"},"up":{"uv":[12.125,0.375,11.875,0.25],"tintindex":-2,"rotation":0,"texture":"#2"},"down":{"uv":[12.125,3.875,11.875,4.0],"tintindex":-2,"rotation":0,"texture":"#2"}}},{"from":[6.0,9.0,9.9375],"to":[10.0,14.0,10.9375],"faces":{"east":{"uv":[6.0,10.0,6.125,10.625],"tintindex":-2,"rotation":0,"texture":"#2"},"south":{"uv":[3.0,5.875,3.5,6.5],"tintindex":-2,"rotation":0,"texture":"#2"},"north":{"uv":[2.375,5.875,2.875,6.5],"tintindex":-2,"rotation":0,"texture":"#2"},"west":{"uv":[8.5,10.0,8.625,10.625],"tintindex":-2,"rotation":0,"texture":"#2"},"up":{"uv":[10.75,10.875,10.25,10.75],"tintindex":-2,"rotation":0,"texture":"#2"},"down":{"uv":[0.5,10.875,0.0,11.0],"tintindex":-2,"rotation":0,"texture":"#2"}}},{"from":[10.5,9.0,6.0],"to":[11.5,11.0,10.0],"faces":{"east":{"uv":[2.375,9.0,2.875,9.25],"tintindex":-2,"rotation":0,"texture":"#2"},"south":{"uv":[6.0,8.75,6.125,9.0],"tintindex":-2,"rotation":0,"texture":"#2"},"north":{"uv":[2.875,4.5,3.0,4.75],"tintindex":-2,"rotation":0,"texture":"#2"},"west":{"uv":[9.0,2.5,9.5,2.75],"tintindex":-2,"rotation":0,"texture":"#2"},"up":{"uv":[1.0,10.875,0.875,10.375],"tintindex":-2,"rotation":0,"texture":"#2"},"down":{"uv":[1.25,10.375,1.125,10.875],"tintindex":-2,"rotation":0,"texture":"#2"}}},{"from":[4.5,11.0,6.0],"to":[5.5,12.0,10.0],"faces":{"east":{"uv":[0.25,10.625,0.75,10.75],"tintindex":-2,"rotation":0,"texture":"#2"},"south":{"uv":[12.625,6.625,12.75,6.75],"tintindex":-2,"rotation":0,"texture":"#2"},"north":{"uv":[12.625,6.375,12.75,6.5],"tintindex":-2,"rotation":0,"texture":"#2"},"west":{"uv":[10.625,0.25,11.125,0.375],"tintindex":-2,"rotation":0,"texture":"#2"},"up":{"uv":[1.75,11.125,1.625,10.625],"tintindex":-2,"rotation":0,"texture":"#2"},"down":{"uv":[2.0,10.625,1.875,11.125],"tintindex":-2,"rotation":0,"texture":"#2"}}},{"from":[6.7187176,8.7045,5.5535],"to":[7.212218,9.198,5.6865],"faces":{"east":{"uv":[1.0,12.625,1.125,12.75],"tintindex":-2,"rotation":0,"texture":"#2"},"south":{"uv":[1.25,12.625,1.375,12.75],"tintindex":-2,"rotation":0,"texture":"#2"},"north":{"uv":[0.75,12.625,0.875,12.75],"tintindex":-2,"rotation":0,"texture":"#2"},"west":{"uv":[1.5,12.625,1.625,12.75],"tintindex":-2,"rotation":0,"texture":"#2"},"up":{"uv":[1.875,12.75,1.75,12.625],"tintindex":-2,"rotation":0,"texture":"#2"},"down":{"uv":[2.125,12.625,2.0,12.75],"tintindex":-2,"rotation":0,"texture":"#2"}},"rotation":{"origin":[6.9392176,8.925,5.3575],"angle":-45.0,"axis":"z"}},{"from":[6.625298,7.5249996,5.54972],"to":[7.325298,8.925,5.69028],"faces":{"east":{"uv":[12.625,4.625,12.75,4.75],"tintindex":-2,"rotation":0,"texture":"#2"},"south":{"uv":[4.875,12.625,5.0,12.75],"tintindex":-2,"rotation":0,"texture":"#2"},"north":{"uv":[3.75,12.625,3.875,12.75],"tintindex":-2,"rotation":0,"texture":"#2"},"west":{"uv":[12.625,4.875,12.75,5.0],"tintindex":-2,"rotation":0,"texture":"#2"},"up":{"uv":[5.25,12.75,5.125,12.625],"tintindex":-2,"rotation":0,"texture":"#2"},"down":{"uv":[5.75,12.625,5.625,12.75],"tintindex":-2,"rotation":0,"texture":"#2"}}},{"from":[7.768718,8.9545,5.5535],"to":[8.2622175,9.448,5.6865],"faces":{"east":{"uv":[7.0,12.5,7.125,12.625],"tintindex":-2,"rotation":0,"texture":"#2"},"south":{"uv":[7.25,12.5,7.375,12.625],"tintindex":-2,"rotation":0,"texture":"#2"},"north":{"uv":[6.75,12.5,6.875,12.625],"tintindex":-2,"rotation":0,"texture":"#2"},"west":{"uv":[7.875,12.5,8.0,12.625],"tintindex":-2,"rotation":0,"texture":"#2"},"up":{"uv":[12.625,8.5,12.5,8.375],"tintindex":-2,"rotation":0,"texture":"#2"},"down":{"uv":[8.625,12.5,8.5,12.625],"tintindex":-2,"rotation":0,"texture":"#2"}},"rotation":{"origin":[7.9892178,9.174999,5.3575],"angle":-45.0,"axis":"z"}},{"from":[8.5,9.0,6.15],"to":[10.5,11.0,9.85],"faces":{"east":{"uv":[3.0,9.0,3.5,9.25],"tintindex":-2,"rotation":0,"texture":"#2"},"south":{"uv":[10.375,1.375,10.625,1.625],"tintindex":-2,"rotation":0,"texture":"#2"},"north":{"uv":[6.125,2.75,6.375,3.0],"tintindex":-2,"rotation":0,"texture":"#2"},"west":{"uv":[9.0,4.125,9.5,4.375],"tintindex":-2,"rotation":0,"texture":"#2"},"up":{"uv":[9.25,5.0,9.0,4.5],"tintindex":-2,"rotation":0,"texture":"#2"},"down":{"uv":[0.25,9.125,0.0,9.625],"tintindex":-2,"rotation":0,"texture":"#2"}}},{"from":[3.9,7.6625,5.6],"to":[12.1,8.8625,10.3],"faces":{"east":{"uv":[10.0,9.375,10.625,9.5],"tintindex":-2,"rotation":0,"texture":"#2"},"south":{"uv":[9.0,5.125,10.0,5.25],"tintindex":-2,"rotation":0,"texture":"#2"},"north":{"uv":[9.0,2.875,10.0,3.0],"tintindex":-2,"rotation":0,"texture":"#2"},"west":{"uv":[10.0,9.625,10.625,9.75],"tintindex":-2,"rotation":0,"texture":"#2"},"up":{"uv":[1.0,5.125,0.0,4.5],"tintindex":-2,"rotation":0,"texture":"#2"},"down":{"uv":[5.5,0.0,4.5,0.625],"tintindex":-2,"rotation":0,"texture":"#2"}}},{"from":[6.843146,17.86396,6.01],"to":[7.843146,18.86396,9.99],"faces":{"east":{"uv":[10.125,2.875,10.625,3.0],"tintindex":-2,"rotation":0,"texture":"#2"},"south":{"uv":[12.375,12.125,12.5,12.25],"tintindex":-2,"rotation":0,"texture":"#2"},"north":{"uv":[11.0,12.375,11.125,12.5],"tintindex":-2,"rotation":0,"texture":"#2"},"west":{"uv":[10.125,5.0,10.625,5.125],"tintindex":-2,"rotation":0,"texture":"#2"},"up":{"uv":[0.125,10.75,0.0,10.25],"tintindex":-2,"rotation":0,"texture":"#2"},"down":{"uv":[10.375,3.125,10.25,3.625],"tintindex":-2,"rotation":0,"texture":"#2"}},"rotation":{"origin":[-1.6568546,18.36396,9.5],"angle":-45.0,"axis":"z"}},{"from":[4.5,8.0,6.0],"to":[7.5,9.0,10.0],"faces":{"east":{"uv":[7.875,10.375,8.375,10.5],"tintindex":-2,"rotation":0,"texture":"#2"},"south":{"uv":[11.625,0.75,12.0,0.875],"tintindex":-2,"rotation":0,"texture":"#2"},"north":{"uv":[11.625,0.5,12.0,0.625],"tintindex":-2,"rotation":0,"texture":"#2"},"west":{"uv":[10.375,8.75,10.875,8.875],"tintindex":-2,"rotation":0,"texture":"#2"},"up":{"uv":[9.0,3.625,8.625,3.125],"tintindex":-2,"rotation":0,"texture":"#2"},"down":{"uv":[4.0,8.625,3.625,9.125],"tintindex":-2,"rotation":0,"texture":"#2"}}},{"from":[7.0,9.0,5.7],"to":[9.0,13.0,6.7],"faces":{"east":{"uv":[2.875,10.625,3.0,11.125],"tintindex":-2,"rotation":0,"texture":"#2"},"south":{"uv":[9.375,0.0,9.625,0.5],"tintindex":-2,"rotation":0,"texture":"#2"},"north":{"uv":[6.25,9.25,6.5,9.75],"tintindex":-2,"rotation":0,"texture":"#2"},"west":{"uv":[10.625,7.5,10.75,8.0],"tintindex":-2,"rotation":0,"texture":"#2"},"up":{"uv":[5.875,12.125,5.625,12.0],"tintindex":-2,"rotation":0,"texture":"#2"},"down":{"uv":[10.875,12.0,10.625,12.125],"tintindex":-2,"rotation":0,"texture":"#2"}}},{"from":[7.6752977,7.2749996,5.54972],"to":[8.375298,9.174999,5.69028],"faces":{"east":{"uv":[4.75,11.875,4.875,12.125],"tintindex":-2,"rotation":0,"texture":"#2"},"south":{"uv":[11.875,5.125,12.0,5.375],"tintindex":-2,"rotation":0,"texture":"#2"},"north":{"uv":[4.5,11.875,4.625,12.125],"tintindex":-2,"rotation":0,"texture":"#2"},"west":{"uv":[11.875,5.5,12.0,5.75],"tintindex":-2,"rotation":0,"texture":"#2"},"up":{"uv":[12.75,0.375,12.625,0.25],"tintindex":-2,"rotation":0,"texture":"#2"},"down":{"uv":[0.625,12.625,0.5,12.75],"tintindex":-2,"rotation":0,"texture":"#2"}}},{"from":[10.5,11.0,6.0],"to":[11.5,12.0,10.0],"faces":{"east":{"uv":[10.5,3.875,11.0,4.0],"tintindex":-2,"rotation":0,"texture":"#2"},"south":{"uv":[12.625,6.125,12.75,6.25],"tintindex":-2,"rotation":0,"texture":"#2"},"north":{"uv":[6.125,12.625,6.25,12.75],"tintindex":-2,"rotation":0,"texture":"#2"},"west":{"uv":[10.5,9.875,11.0,10.0],"tintindex":-2,"rotation":0,"texture":"#2"},"up":{"uv":[9.375,11.0,9.25,10.5],"tintindex":-2,"rotation":0,"texture":"#2"},"down":{"uv":[10.125,10.5,10.0,11.0],"tintindex":-2,"rotation":0,"texture":"#2"}}},{"from":[8.156855,17.86396,6.01],"to":[9.156855,18.86396,9.99],"faces":{"east":{"uv":[10.125,8.25,10.625,8.375],"tintindex":-2,"rotation":0,"texture":"#2"},"south":{"uv":[12.5,0.0,12.625,0.125],"tintindex":-2,"rotation":0,"texture":"#2"},"north":{"uv":[12.375,12.375,12.5,12.5],"tintindex":-2,"rotation":0,"texture":"#2"},"west":{"uv":[10.125,8.5,10.625,8.625],"tintindex":-2,"rotation":0,"texture":"#2"},"up":{"uv":[3.75,10.75,3.625,10.25],"tintindex":-2,"rotation":0,"texture":"#2"},"down":{"uv":[4.0,10.25,3.875,10.75],"tintindex":-2,"rotation":0,"texture":"#2"}},"rotation":{"origin":[17.656855,18.36396,9.5],"angle":45.0,"axis":"z"}},{"from":[8.725298,7.5249996,5.54972],"to":[9.425298,8.925,5.69028],"faces":{"east":{"uv":[12.5,1.75,12.625,1.875],"tintindex":-2,"rotation":0,"texture":"#2"},"south":{"uv":[12.5,2.0,12.625,2.125],"tintindex":-2,"rotation":0,"texture":"#2"},"north":{"uv":[12.5,1.5,12.625,1.625],"tintindex":-2,"rotation":0,"texture":"#2"},"west":{"uv":[12.5,2.25,12.625,2.375],"tintindex":-2,"rotation":0,"texture":"#2"},"up":{"uv":[12.625,2.625,12.5,2.5],"tintindex":-2,"rotation":0,"texture":"#2"},"down":{"uv":[12.625,2.75,12.5,2.875],"tintindex":-2,"rotation":0,"texture":"#2"}}},{"from":[5.032,11.007,6.057],"to":[10.968,12.193001,9.943],"faces":{"east":{"uv":[0.0075,7.0075,1.9575,7.5075],"tintindex":-2,"rotation":0,"texture":"#0"},"south":{"uv":[1.0,3.0,4.975,4.0],"tintindex":-2,"rotation":0,"texture":"#0"},"north":{"uv":[0.75,2.5,5.25,5.0],"tintindex":-2,"rotation":0,"texture":"#0"},"west":{"uv":[0.0075,7.0075,1.9575,7.5075],"tintindex":-2,"rotation":0,"texture":"#0"},"up":{"uv":[0.71775,1.124,4.69275,3.074],"tintindex":-2,"rotation":0,"texture":"#0"},"down":{"uv":[0.999,1.001,4.974,2.951],"tintindex":-2,"rotation":0,"texture":"#0"}}},{"from":[6.5,6.0,6.075],"to":[9.5,8.0,9.925],"faces":{"east":{"uv":[8.75,8.375,9.25,8.625],"tintindex":-2,"rotation":0,"texture":"#2"},"south":{"uv":[1.75,9.75,2.125,10.0],"tintindex":-2,"rotation":0,"texture":"#2"},"north":{"uv":[6.25,6.875,6.625,7.125],"tintindex":-2,"rotation":0,"texture":"#2"},"west":{"uv":[8.625,8.75,9.125,9.0],"tintindex":-2,"rotation":0,"texture":"#2"},"up":{"uv":[8.875,4.625,8.5,4.125],"tintindex":-2,"rotation":0,"texture":"#2"},"down":{"uv":[8.875,4.75,8.5,5.25],"tintindex":-2,"rotation":0,"texture":"#2"}}},{"from":[4.5,9.0,6.0],"to":[5.5,11.0,10.0],"faces":{"east":{"uv":[9.125,3.125,9.625,3.375],"tintindex":-2,"rotation":0,"texture":"#2"},"south":{"uv":[11.875,1.0,12.0,1.25],"tintindex":-2,"rotation":0,"texture":"#2"},"north":{"uv":[0.5,11.875,0.625,12.125],"tintindex":-2,"rotation":0,"texture":"#2"},"west":{"uv":[4.125,9.125,4.625,9.375],"tintindex":-2,"rotation":0,"texture":"#2"},"up":{"uv":[7.0,10.875,6.875,10.375],"tintindex":-2,"rotation":0,"texture":"#2"},"down":{"uv":[7.25,10.375,7.125,10.875],"tintindex":-2,"rotation":0,"texture":"#2"}}},{"from":[8.818718,7.3044996,5.5535],"to":[9.312218,7.7980003,5.6865],"faces":{"east":{"uv":[12.5,5.125,12.625,5.25],"tintindex":-2,"rotation":0,"texture":"#2"},"south":{"uv":[5.375,12.5,5.5,12.625],"tintindex":-2,"rotation":0,"texture":"#2"},"north":{"uv":[4.625,12.5,4.75,12.625],"tintindex":-2,"rotation":0,"texture":"#2"},"west":{"uv":[12.5,5.375,12.625,5.5],"tintindex":-2,"rotation":0,"texture":"#2"},"up":{"uv":[12.625,5.75,12.5,5.625],"tintindex":-2,"rotation":0,"texture":"#2"},"down":{"uv":[6.625,12.5,6.5,12.625],"tintindex":-2,"rotation":0,"texture":"#2"}},"rotation":{"origin":[9.039218,7.5249996,5.3575],"angle":-45.0,"axis":"z"}},{"from":[8.5,8.0,6.0],"to":[11.5,9.0,10.0],"faces":{"east":{"uv":[10.375,0.875,10.875,1.0],"tintindex":-2,"rotation":0,"texture":"#2"},"south":{"uv":[11.625,0.0,12.0,0.125],"tintindex":-2,"rotation":0,"texture":"#2"},"north":{"uv":[11.375,11.5,11.75,11.625],"tintindex":-2,"rotation":0,"texture":"#2"},"west":{"uv":[10.375,1.125,10.875,1.25],"tintindex":-2,"rotation":0,"texture":"#2"},"up":{"uv":[0.875,9.125,0.5,8.625],"tintindex":-2,"rotation":0,"texture":"#2"},"down":{"uv":[1.375,8.625,1.0,9.125],"tintindex":-2,"rotation":0,"texture":"#2"}}},{"from":[6.7187176,7.3044996,5.5535],"to":[7.212218,7.7980003,5.6865],"faces":{"east":{"uv":[2.5,12.625,2.625,12.75],"tintindex":-2,"rotation":0,"texture":"#2"},"south":{"uv":[2.75,12.625,2.875,12.75],"tintindex":-2,"rotation":0,"texture":"#2"},"north":{"uv":[2.25,12.625,2.375,12.75],"tintindex":-2,"rotation":0,"texture":"#2"},"west":{"uv":[3.0,12.625,3.125,12.75],"tintindex":-2,"rotation":0,"texture":"#2"},"up":{"uv":[12.75,3.375,12.625,3.25],"tintindex":-2,"rotation":0,"texture":"#2"},"down":{"uv":[3.625,12.625,3.5,12.75],"tintindex":-2,"rotation":0,"texture":"#2"}},"rotation":{"origin":[6.9392176,7.5249996,5.3575],"angle":-45.0,"axis":"z"}},{"from":[8.818718,8.7045,5.5535],"to":[9.312218,9.198,5.6865],"faces":{"east":{"uv":[12.5,3.625,12.625,3.75],"tintindex":-2,"rotation":0,"texture":"#2"},"south":{"uv":[12.5,3.875,12.625,4.0],"tintindex":-2,"rotation":0,"texture":"#2"},"north":{"uv":[12.5,3.0,12.625,3.125],"tintindex":-2,"rotation":0,"texture":"#2"},"west":{"uv":[12.5,4.125,12.625,4.25],"tintindex":-2,"rotation":0,"texture":"#2"},"up":{"uv":[4.5,12.625,4.375,12.5],"tintindex":-2,"rotation":0,"texture":"#2"},"down":{"uv":[12.625,4.375,12.5,4.5],"tintindex":-2,"rotation":0,"texture":"#2"}},"rotation":{"origin":[9.039218,8.925,5.3575],"angle":-45.0,"axis":"z"}},{"from":[6.005,7.5,9.730393],"to":[9.995,9.5,10.730393],"faces":{"east":{"uv":[3.125,3.375,3.25,3.625],"tintindex":-2,"rotation":0,"texture":"#2"},"south":{"uv":[8.75,7.625,9.25,7.875],"tintindex":-2,"rotation":0,"texture":"#2"},"north":{"uv":[8.75,7.25,9.25,7.5],"tintindex":-2,"rotation":0,"texture":"#2"},"west":{"uv":[4.5,0.75,4.625,1.0],"tintindex":-2,"rotation":0,"texture":"#2"},"up":{"uv":[10.75,2.625,10.25,2.5],"tintindex":-2,"rotation":0,"texture":"#2"},"down":{"uv":[4.625,10.25,4.125,10.375],"tintindex":-2,"rotation":0,"texture":"#2"}},"rotation":{"origin":[8.5,9.0,10.230393],"angle":45.0,"axis":"x"}},{"from":[7.768718,7.0544996,5.5535],"to":[8.2622175,7.5480003,5.6865],"faces":{"east":{"uv":[9.875,12.5,10.0,12.625],"tintindex":-2,"rotation":0,"texture":"#2"},"south":{"uv":[11.75,12.5,11.875,12.625],"tintindex":-2,"rotation":0,"texture":"#2"},"north":{"uv":[8.75,12.5,8.875,12.625],"tintindex":-2,"rotation":0,"texture":"#2"},"west":{"uv":[12.0,12.5,12.125,12.625],"tintindex":-2,"rotation":0,"texture":"#2"},"up":{"uv":[0.125,12.75,0.0,12.625],"tintindex":-2,"rotation":0,"texture":"#2"},"down":{"uv":[0.375,12.625,0.25,12.75],"tintindex":-2,"rotation":0,"texture":"#2"}},"rotation":{"origin":[7.9892178,7.2749996,5.3575],"angle":-45.0,"axis":"z"}},{"from":[6.995,9.995,10.195],"to":[9.005,14.005,11.205],"faces":{"east":{"uv":[8.375,10.75,8.5,11.25],"tintindex":-2,"rotation":0,"texture":"#2"},"south":{"uv":[2.25,9.375,2.5,9.875],"tintindex":-2,"rotation":0,"texture":"#2"},"north":{"uv":[1.375,9.375,1.625,9.875],"tintindex":-2,"rotation":0,"texture":"#2"},"west":{"uv":[9.5,10.75,9.625,11.25],"tintindex":-2,"rotation":0,"texture":"#2"},"up":{"uv":[12.375,2.875,12.125,2.75],"tintindex":-2,"rotation":0,"texture":"#2"},"down":{"uv":[12.375,3.0,12.125,3.125],"tintindex":-2,"rotation":0,"texture":"#2"}}}],"display":{"gui":{"rotation":[30,225,0]}}}