{"textures":{"0":"modelengine:entity/boneshading_white","2":"modelengine:entity/fallen_knight"},"elements":[{"from":[6.538433,6.727953,6.5],"to":[9.538433,8.727953,9.5],"faces":{"east":{"uv":[0.004,2.004,5.996,5.996],"tintindex":-2,"rotation":0,"texture":"#0"},"south":{"uv":[0.004,2.004,5.996,5.996],"tintindex":-2,"rotation":0,"texture":"#0"},"north":{"uv":[0.004,2.004,5.996,5.996],"tintindex":-2,"rotation":0,"texture":"#0"},"west":{"uv":[0.004,2.004,5.996,5.996],"tintindex":-2,"rotation":0,"texture":"#0"},"up":{"uv":[0.004,0.004,5.996,3.996],"tintindex":-2,"rotation":0,"texture":"#0"},"down":{"uv":[0.004,0.004,5.996,3.996],"tintindex":-2,"rotation":0,"texture":"#0"}}},{"from":[6.038433,-0.27204704,6.0],"to":[10.038433,3.727953,10.0],"faces":{"east":{"uv":[6.625,5.375,7.125,4.875],"tintindex":-2,"rotation":270,"texture":"#2"},"south":{"uv":[6.625,5.5,7.125,6.0],"tintindex":-2,"rotation":0,"texture":"#2"},"north":{"uv":[6.625,0.625,7.125,1.125],"tintindex":-2,"rotation":0,"texture":"#2"},"west":{"uv":[2.5,6.625,3.0,7.125],"tintindex":-2,"rotation":0,"texture":"#2"},"up":{"uv":[3.625,7.125,3.125,6.625],"tintindex":-2,"rotation":0,"texture":"#2"},"down":{"uv":[7.125,4.875,6.625,5.375],"tintindex":-2,"rotation":0,"texture":"#2"}}},{"from":[9.538433,1.0279531,6.0],"to":[10.538433,2.0279531,7.0],"faces":{"east":{"uv":[12.75,3.0,12.875,3.125],"tintindex":-2,"rotation":0,"texture":"#2"},"south":{"uv":[3.25,12.75,3.375,12.875],"tintindex":-2,"rotation":0,"texture":"#2"},"north":{"uv":[12.75,2.75,12.875,2.875],"tintindex":-2,"rotation":0,"texture":"#2"},"west":{"uv":[12.75,3.5,12.875,3.625],"tintindex":-2,"rotation":0,"texture":"#2"},"up":{"uv":[12.875,3.875,12.75,3.75],"tintindex":-2,"rotation":0,"texture":"#2"},"down":{"uv":[4.125,12.75,4.0,12.875],"tintindex":-2,"rotation":0,"texture":"#2"}},"rotation":{"origin":[10.038433,2.0279531,5.5],"angle":45.0,"axis":"z"}},{"from":[6.238433,3.6904528,6.2374997],"to":[9.838433,7.290454,9.837501],"faces":{"east":{"uv":[5.5,6.25,6.0,6.75],"tintindex":-2,"rotation":0,"texture":"#2"},"south":{"uv":[6.75,2.125,6.25,2.625],"tintindex":-2,"rotation":0,"texture":"#2"},"north":{"uv":[6.25,2.125,6.75,2.625],"tintindex":-2,"rotation":0,"texture":"#2"},"west":{"uv":[6.5,2.75,7.0,3.25],"tintindex":-2,"rotation":0,"texture":"#2"},"up":{"uv":[7.0,4.75,6.5,4.25],"tintindex":-2,"rotation":0,"texture":"#2"},"down":{"uv":[0.5,6.625,0.0,7.125],"tintindex":-2,"rotation":0,"texture":"#2"}}},{"from":[6.038433,5.027952,6.05],"to":[10.038433,6.027952,10.05],"faces":{"east":{"uv":[2.5,10.375,3.0,10.5],"tintindex":-2,"rotation":0,"texture":"#2"},"south":{"uv":[5.0,10.375,5.5,10.5],"tintindex":-2,"rotation":0,"texture":"#2"},"north":{"uv":[1.625,10.375,2.125,10.5],"tintindex":-2,"rotation":0,"texture":"#2"},"west":{"uv":[10.375,5.25,10.875,5.375],"tintindex":-2,"rotation":0,"texture":"#2"},"up":{"uv":[7.75,1.75,7.25,1.25],"tintindex":-2,"rotation":0,"texture":"#2"},"down":{"uv":[2.375,7.25,1.875,7.75],"tintindex":-2,"rotation":0,"texture":"#2"}}},{"from":[9.538433,1.0279531,5.0],"to":[10.538433,3.0279531,6.0],"faces":{"east":{"uv":[4.25,12.0,4.375,12.25],"tintindex":-2,"rotation":0,"texture":"#2"},"south":{"uv":[8.375,12.0,8.5,12.25],"tintindex":-2,"rotation":0,"texture":"#2"},"north":{"uv":[3.375,12.0,3.5,12.25],"tintindex":-2,"rotation":0,"texture":"#2"},"west":{"uv":[9.375,12.0,9.5,12.25],"tintindex":-2,"rotation":0,"texture":"#2"},"up":{"uv":[12.875,2.375,12.75,2.25],"tintindex":-2,"rotation":0,"texture":"#2"},"down":{"uv":[12.875,2.5,12.75,2.625],"tintindex":-2,"rotation":0,"texture":"#2"}},"rotation":{"origin":[10.038433,2.0279531,5.5],"angle":45.0,"axis":"z"}}],"display":{"gui":{"rotation":[30,225,0]}}}