{"textures":{"0":"modelengine:entity/boneshading_white","2":"modelengine:entity/fallen_knight"},"elements":[{"from":[5.75,6.0,6.5],"to":[9.75,7.0,10.5],"faces":{"east":{"uv":[11.5,9.875,12.0,10.0],"tintindex":-2,"rotation":0,"texture":"#2"},"south":{"uv":[11.5,10.125,12.0,10.25],"tintindex":-2,"rotation":0,"texture":"#2"},"north":{"uv":[11.5,9.0,12.0,9.125],"tintindex":-2,"rotation":0,"texture":"#2"},"west":{"uv":[11.5,10.375,12.0,10.5],"tintindex":-2,"rotation":0,"texture":"#2"},"up":{"uv":[8.625,7.375,8.125,6.875],"tintindex":-2,"rotation":0,"texture":"#2"},"down":{"uv":[8.625,7.5,8.125,8.0],"tintindex":-2,"rotation":0,"texture":"#2"}}},{"from":[5.9,7.0,6.525],"to":[9.6,9.0,10.525],"faces":{"east":{"uv":[4.75,8.75,5.25,9.0],"tintindex":-2,"rotation":0,"texture":"#2"},"south":{"uv":[5.375,8.75,5.875,9.0],"tintindex":-2,"rotation":0,"texture":"#2"},"north":{"uv":[8.625,6.5,9.125,6.75],"tintindex":-2,"rotation":0,"texture":"#2"},"west":{"uv":[8.75,6.875,9.25,7.125],"tintindex":-2,"rotation":0,"texture":"#2"},"up":{"uv":[7.625,3.0,7.125,2.5],"tintindex":-2,"rotation":0,"texture":"#2"},"down":{"uv":[7.625,4.0,7.125,4.5],"tintindex":-2,"rotation":0,"texture":"#2"}}},{"from":[5.6875,1.9875,6.4249997],"to":[9.7875,3.0874999,10.525001],"faces":{"east":{"uv":[7.25,11.5,7.75,11.625],"tintindex":-2,"rotation":0,"texture":"#2"},"south":{"uv":[11.5,7.375,12.0,7.5],"tintindex":-2,"rotation":0,"texture":"#2"},"north":{"uv":[11.5,6.0,12.0,6.125],"tintindex":-2,"rotation":0,"texture":"#2"},"west":{"uv":[11.5,7.625,12.0,7.75],"tintindex":-2,"rotation":0,"texture":"#2"},"up":{"uv":[8.5,6.75,8.0,6.25],"tintindex":-2,"rotation":0,"texture":"#2"},"down":{"uv":[7.375,8.0,6.875,8.5],"tintindex":-2,"rotation":0,"texture":"#2"}}},{"from":[6.25,5.0,7.0],"to":[9.25,8.25,10.0],"faces":{"east":{"uv":[0.504,6.5,5.496,11.996],"tintindex":-2,"rotation":0,"texture":"#0"},"south":{"uv":[0.504,6.5,5.496,11.996],"tintindex":-2,"rotation":0,"texture":"#0"},"north":{"uv":[0.504,6.5,5.496,11.996],"tintindex":-2,"rotation":0,"texture":"#0"},"west":{"uv":[0.504,6.5,5.496,11.996],"tintindex":-2,"rotation":0,"texture":"#0"},"up":{"uv":[0.504,7.0,5.496,11.996],"tintindex":-2,"rotation":0,"texture":"#0"},"down":{"uv":[0.504,7.0,5.496,11.996],"tintindex":-2,"rotation":0,"texture":"#0"}}},{"from":[5.525,4.85,6.325],"to":[9.825,6.15,10.625],"faces":{"east":{"uv":[6.25,10.375,6.75,10.5],"tintindex":-2,"rotation":0,"texture":"#2"},"south":{"uv":[10.375,6.25,10.875,6.375],"tintindex":-2,"rotation":0,"texture":"#2"},"north":{"uv":[10.375,5.5,10.875,5.625],"tintindex":-2,"rotation":0,"texture":"#2"},"west":{"uv":[10.375,6.5,10.875,6.625],"tintindex":-2,"rotation":0,"texture":"#2"},"up":{"uv":[3.0,7.75,2.5,7.25],"tintindex":-2,"rotation":0,"texture":"#2"},"down":{"uv":[3.625,7.25,3.125,7.75],"tintindex":-2,"rotation":0,"texture":"#2"}}},{"from":[6.0,1.0,6.5],"to":[9.5,5.0,10.5],"faces":{"east":{"uv":[6.75,6.75,7.25,7.25],"tintindex":-2,"rotation":0,"texture":"#2"},"south":{"uv":[6.875,0.0,7.375,0.5],"tintindex":-2,"rotation":0,"texture":"#2"},"north":{"uv":[6.75,6.125,7.25,6.625],"tintindex":-2,"rotation":0,"texture":"#2"},"west":{"uv":[6.875,1.875,7.375,2.375],"tintindex":-2,"rotation":0,"texture":"#2"},"up":{"uv":[5.5,7.375,5.0,6.875],"tintindex":-2,"rotation":0,"texture":"#2"},"down":{"uv":[6.125,6.875,5.625,7.375],"tintindex":-2,"rotation":0,"texture":"#2"}}},{"from":[5.725,0.0,6.5],"to":[9.825,1.0,10.525],"faces":{"east":{"uv":[10.375,0.0,10.875,0.125],"tintindex":-2,"rotation":0,"texture":"#2"},"south":{"uv":[0.25,10.375,0.75,10.5],"tintindex":-2,"rotation":0,"texture":"#2"},"north":{"uv":[10.25,9.125,10.75,9.25],"tintindex":-2,"rotation":0,"texture":"#2"},"west":{"uv":[10.375,0.625,10.875,0.75],"tintindex":-2,"rotation":0,"texture":"#2"},"up":{"uv":[0.5,7.75,0.0,7.25],"tintindex":-2,"rotation":0,"texture":"#2"},"down":{"uv":[7.75,0.625,7.25,1.125],"tintindex":-2,"rotation":0,"texture":"#2"}}}],"display":{"gui":{"rotation":[30,225,0]}}}