{"textures":{"0":"modelengine:entity/boneshading_white","2":"modelengine:entity/fallen_knight"},"elements":[{"from":[4.4,6.9,5.9],"to":[8.6,9.1,10.1],"faces":{"east":{"uv":[8.75,9.375,9.25,9.625],"tintindex":-2,"rotation":0,"texture":"#2"},"south":{"uv":[9.375,9.375,9.875,9.625],"tintindex":-2,"rotation":0,"texture":"#2"},"north":{"uv":[9.375,3.75,9.875,4.0],"tintindex":-2,"rotation":0,"texture":"#2"},"west":{"uv":[9.5,0.625,10.0,0.875],"tintindex":-2,"rotation":0,"texture":"#2"},"up":{"uv":[4.25,8.5,3.75,8.0],"tintindex":-2,"rotation":0,"texture":"#2"},"down":{"uv":[4.875,8.0,4.375,8.5],"tintindex":-2,"rotation":0,"texture":"#2"}},"rotation":{"origin":[6.5,8.0,8.0],"angle":-22.5,"axis":"z"}},{"from":[5.5,8.0,6.0],"to":[8.5,9.0,10.0],"faces":{"east":{"uv":[4.75,2.375,5.25,2.5],"tintindex":-2,"rotation":0,"texture":"#2"},"south":{"uv":[6.0,11.5,6.375,11.625],"tintindex":-2,"rotation":0,"texture":"#2"},"north":{"uv":[4.25,5.875,4.625,6.0],"tintindex":-2,"rotation":0,"texture":"#2"},"west":{"uv":[1.625,10.125,2.125,10.25],"tintindex":-2,"rotation":0,"texture":"#2"},"up":{"uv":[0.375,9.0,0.0,8.5],"tintindex":-2,"rotation":0,"texture":"#2"},"down":{"uv":[2.25,8.5,1.875,9.0],"tintindex":-2,"rotation":0,"texture":"#2"}}},{"from":[5.0,2.0,6.5],"to":[8.0,4.0,9.5],"faces":{"east":{"uv":[0.004,0.004,5.996,3.996],"tintindex":-2,"rotation":0,"texture":"#0"},"south":{"uv":[0.004,0.004,5.996,3.996],"tintindex":-2,"rotation":0,"texture":"#0"},"north":{"uv":[0.004,0.004,5.996,3.996],"tintindex":-2,"rotation":0,"texture":"#0"},"west":{"uv":[0.004,0.004,5.996,3.996],"tintindex":-2,"rotation":0,"texture":"#0"},"up":{"uv":[0.004,0.004,5.996,3.996],"tintindex":-2,"rotation":0,"texture":"#0"},"down":{"uv":[0.004,0.004,5.996,3.996],"tintindex":-2,"rotation":0,"texture":"#0"}}},{"from":[4.5,4.0,6.0],"to":[8.5,8.0,10.0],"faces":{"east":{"uv":[6.0,5.0,6.5,5.5],"tintindex":-2,"rotation":0,"texture":"#2"},"south":{"uv":[6.0,5.625,6.5,6.125],"tintindex":-2,"rotation":0,"texture":"#2"},"north":{"uv":[6.0,1.5,6.5,2.0],"tintindex":-2,"rotation":0,"texture":"#2"},"west":{"uv":[1.25,6.125,1.75,6.625],"tintindex":-2,"rotation":0,"texture":"#2"},"up":{"uv":[6.625,4.125,6.125,3.625],"tintindex":-2,"rotation":0,"texture":"#2"},"down":{"uv":[4.75,6.125,4.25,6.625],"tintindex":-2,"rotation":0,"texture":"#2"}}},{"from":[4.5,3.0,6.0],"to":[5.5,4.0,10.0],"faces":{"east":{"uv":[10.25,6.0,10.75,6.125],"tintindex":-2,"rotation":0,"texture":"#2"},"south":{"uv":[12.5,1.25,12.625,1.375],"tintindex":-2,"rotation":0,"texture":"#2"},"north":{"uv":[12.5,1.0,12.625,1.125],"tintindex":-2,"rotation":0,"texture":"#2"},"west":{"uv":[8.75,10.25,9.25,10.375],"tintindex":-2,"rotation":0,"texture":"#2"},"up":{"uv":[7.75,10.75,7.625,10.25],"tintindex":-2,"rotation":0,"texture":"#2"},"down":{"uv":[10.375,9.875,10.25,10.375],"tintindex":-2,"rotation":0,"texture":"#2"}}},{"from":[5.5,8.0,7.0],"to":[8.5,10.0,9.0],"faces":{"east":{"uv":[3.625,11.5,3.875,11.75],"tintindex":-2,"rotation":0,"texture":"#2"},"south":{"uv":[9.875,8.75,10.25,9.0],"tintindex":-2,"rotation":0,"texture":"#2"},"north":{"uv":[9.875,6.375,10.25,6.625],"tintindex":-2,"rotation":0,"texture":"#2"},"west":{"uv":[11.5,4.0,11.75,4.25],"tintindex":-2,"rotation":0,"texture":"#2"},"up":{"uv":[0.75,10.25,0.375,10.0],"tintindex":-2,"rotation":0,"texture":"#2"},"down":{"uv":[3.5,10.0,3.125,10.25],"tintindex":-2,"rotation":0,"texture":"#2"}},"rotation":{"origin":[7.0,9.5,8.0],"angle":22.5,"axis":"z"}},{"from":[5.0031357,7.252096,6.005],"to":[6.0031357,8.502096,9.995],"faces":{"east":{"uv":[10.125,1.875,10.625,2.0],"tintindex":-2,"rotation":0,"texture":"#2"},"south":{"uv":[7.125,3.125,7.25,3.25],"tintindex":-2,"rotation":0,"texture":"#2"},"north":{"uv":[6.875,2.5,7.0,2.625],"tintindex":-2,"rotation":0,"texture":"#2"},"west":{"uv":[2.5,10.125,3.0,10.25],"tintindex":-2,"rotation":0,"texture":"#2"},"up":{"uv":[9.625,10.625,9.5,10.125],"tintindex":-2,"rotation":0,"texture":"#2"},"down":{"uv":[9.875,10.125,9.75,10.625],"tintindex":-2,"rotation":0,"texture":"#2"}},"rotation":{"origin":[6.5031357,8.502096,8.0],"angle":-22.5,"axis":"z"}},{"from":[7.5,3.0,6.0],"to":[8.5,4.0,10.0],"faces":{"east":{"uv":[10.25,4.125,10.75,4.25],"tintindex":-2,"rotation":0,"texture":"#2"},"south":{"uv":[12.5,0.75,12.625,0.875],"tintindex":-2,"rotation":0,"texture":"#2"},"north":{"uv":[12.5,0.5,12.625,0.625],"tintindex":-2,"rotation":0,"texture":"#2"},"west":{"uv":[10.25,5.75,10.75,5.875],"tintindex":-2,"rotation":0,"texture":"#2"},"up":{"uv":[4.875,10.75,4.75,10.25],"tintindex":-2,"rotation":0,"texture":"#2"},"down":{"uv":[7.5,10.25,7.375,10.75],"tintindex":-2,"rotation":0,"texture":"#2"}}}],"display":{"gui":{"rotation":[30,225,0]}}}