{"textures":{"2":"modelengine:entity/fallen_knight"},"elements":[{"from":[7.0,7.1636686,2.4047132],"to":[9.0,9.163669,3.4047132],"faces":{"east":{"uv":[7.25,9.5,7.375,9.75],"tintindex":-2,"rotation":0,"texture":"#2"},"south":{"uv":[5.625,10.375,5.875,10.625],"tintindex":-2,"rotation":0,"texture":"#2"},"north":{"uv":[3.125,10.375,3.375,10.625],"tintindex":-2,"rotation":0,"texture":"#2"},"west":{"uv":[11.75,11.75,11.875,12.0],"tintindex":-2,"rotation":0,"texture":"#2"},"up":{"uv":[7.0,4.125,6.75,4.0],"tintindex":-2,"rotation":0,"texture":"#2"},"down":{"uv":[7.625,3.75,7.375,3.875],"tintindex":-2,"rotation":0,"texture":"#2"}}},{"from":[6.1,8.163669,7.404713],"to":[9.9,10.163669,10.304713],"faces":{"east":{"uv":[2.375,5.375,2.75,5.625],"tintindex":-2,"rotation":0,"texture":"#2"},"south":{"uv":[8.75,8.0,9.25,8.25],"tintindex":-2,"rotation":0,"texture":"#2"},"north":{"uv":[8.0,8.75,8.5,9.0],"tintindex":-2,"rotation":0,"texture":"#2"},"west":{"uv":[1.875,6.125,2.25,6.375],"tintindex":-2,"rotation":0,"texture":"#2"},"up":{"uv":[2.875,8.875,2.375,8.5],"tintindex":-2,"rotation":0,"texture":"#2"},"down":{"uv":[3.5,8.5,3.0,8.875],"tintindex":-2,"rotation":0,"texture":"#2"}}},{"from":[5.995,7.1586685,3.399713],"to":[10.005,9.168669,10.409713],"faces":{"east":{"uv":[8.375,3.75,9.25,4.0],"tintindex":-2,"rotation":0,"texture":"#2"},"south":{"uv":[9.125,2.125,9.625,2.375],"tintindex":-2,"rotation":0,"texture":"#2"},"north":{"uv":[9.125,1.75,9.625,2.0],"tintindex":-2,"rotation":0,"texture":"#2"},"west":{"uv":[8.5,0.625,9.375,0.875],"tintindex":-2,"rotation":0,"texture":"#2"},"up":{"uv":[5.25,2.25,4.75,1.375],"tintindex":-2,"rotation":0,"texture":"#2"},"down":{"uv":[3.375,4.875,2.875,5.75],"tintindex":-2,"rotation":0,"texture":"#2"}}}],"display":{"gui":{"rotation":[30,225,0]}}}