{"textures":{"2":"modelengine:entity/fallen_knight"},"elements":[{"from":[5.995,7.1587,3.3996997],"to":[10.005,9.1687,10.4097],"faces":{"east":{"uv":[8.5,1.0,9.375,1.25],"tintindex":-2,"rotation":0,"texture":"#2"},"south":{"uv":[2.625,9.375,3.125,9.625],"tintindex":-2,"rotation":0,"texture":"#2"},"north":{"uv":[9.25,8.75,9.75,9.0],"tintindex":-2,"rotation":0,"texture":"#2"},"west":{"uv":[8.5,1.375,9.375,1.625],"tintindex":-2,"rotation":0,"texture":"#2"},"up":{"uv":[4.0,5.75,3.5,4.875],"tintindex":-2,"rotation":0,"texture":"#2"},"down":{"uv":[4.625,4.875,4.125,5.75],"tintindex":-2,"rotation":0,"texture":"#2"}}},{"from":[7.0,7.1637,2.4046998],"to":[9.0,9.1637,3.4046998],"faces":{"east":{"uv":[11.0,12.0,11.125,12.25],"tintindex":-2,"rotation":0,"texture":"#2"},"south":{"uv":[2.375,11.0,2.625,11.25],"tintindex":-2,"rotation":0,"texture":"#2"},"north":{"uv":[0.875,11.0,1.125,11.25],"tintindex":-2,"rotation":0,"texture":"#2"},"west":{"uv":[12.125,3.25,12.25,3.5],"tintindex":-2,"rotation":0,"texture":"#2"},"up":{"uv":[12.375,4.5,12.125,4.375],"tintindex":-2,"rotation":0,"texture":"#2"},"down":{"uv":[12.375,5.125,12.125,5.25],"tintindex":-2,"rotation":0,"texture":"#2"}}},{"from":[6.1,8.1637,7.4047003],"to":[9.9,10.1637,10.3047],"faces":{"east":{"uv":[9.5,9.75,9.875,10.0],"tintindex":-2,"rotation":0,"texture":"#2"},"south":{"uv":[9.25,6.375,9.75,6.625],"tintindex":-2,"rotation":0,"texture":"#2"},"north":{"uv":[9.25,5.375,9.75,5.625],"tintindex":-2,"rotation":0,"texture":"#2"},"west":{"uv":[3.625,9.875,4.0,10.125],"tintindex":-2,"rotation":0,"texture":"#2"},"up":{"uv":[7.25,9.0,6.75,8.625],"tintindex":-2,"rotation":0,"texture":"#2"},"down":{"uv":[9.25,0.0,8.75,0.375],"tintindex":-2,"rotation":0,"texture":"#2"}}}],"display":{"gui":{"rotation":[30,225,0]}}}