{"textures":{"0":"modelengine:entity/boneshading_white","2":"modelengine:entity/fallen_knight"},"elements":[{"from":[6.5,1.0,6.5],"to":[10.0,5.0,10.5],"faces":{"east":{"uv":[2.5,7.875,3.0,8.375],"tintindex":-2,"rotation":0,"texture":"#2"},"south":{"uv":[3.125,7.875,3.625,8.375],"tintindex":-2,"rotation":0,"texture":"#2"},"north":{"uv":[1.875,7.875,2.375,8.375],"tintindex":-2,"rotation":0,"texture":"#2"},"west":{"uv":[7.875,4.375,8.375,4.875],"tintindex":-2,"rotation":0,"texture":"#2"},"up":{"uv":[8.375,5.5,7.875,5.0],"tintindex":-2,"rotation":0,"texture":"#2"},"down":{"uv":[1.125,8.0,0.625,8.5],"tintindex":-2,"rotation":0,"texture":"#2"}}},{"from":[6.25,6.0,6.5],"to":[10.25,7.0,10.5],"faces":{"east":{"uv":[10.75,11.5,11.25,11.625],"tintindex":-2,"rotation":0,"texture":"#2"},"south":{"uv":[11.5,10.875,12.0,11.0],"tintindex":-2,"rotation":0,"texture":"#2"},"north":{"uv":[11.5,10.625,12.0,10.75],"tintindex":-2,"rotation":0,"texture":"#2"},"west":{"uv":[11.5,11.125,12.0,11.25],"tintindex":-2,"rotation":0,"texture":"#2"},"up":{"uv":[8.625,8.625,8.125,8.125],"tintindex":-2,"rotation":0,"texture":"#2"},"down":{"uv":[8.875,2.5,8.375,3.0],"tintindex":-2,"rotation":0,"texture":"#2"}}},{"from":[6.1749997,4.85,6.325],"to":[10.474999,6.15,10.625],"faces":{"east":{"uv":[11.0,1.75,11.5,1.875],"tintindex":-2,"rotation":0,"texture":"#2"},"south":{"uv":[11.0,2.0,11.5,2.125],"tintindex":-2,"rotation":0,"texture":"#2"},"north":{"uv":[11.0,1.5,11.5,1.625],"tintindex":-2,"rotation":0,"texture":"#2"},"west":{"uv":[11.0,2.25,11.5,2.375],"tintindex":-2,"rotation":0,"texture":"#2"},"up":{"uv":[8.375,1.125,7.875,0.625],"tintindex":-2,"rotation":0,"texture":"#2"},"down":{"uv":[8.375,1.25,7.875,1.75],"tintindex":-2,"rotation":0,"texture":"#2"}}},{"from":[6.75,5.0,7.0],"to":[9.75,8.25,10.0],"faces":{"east":{"uv":[5.496,6.5,0.504,11.996],"tintindex":-2,"rotation":0,"texture":"#0"},"south":{"uv":[5.496,6.5,0.504,11.996],"tintindex":-2,"rotation":0,"texture":"#0"},"north":{"uv":[5.496,6.5,0.504,11.996],"tintindex":-2,"rotation":0,"texture":"#0"},"west":{"uv":[5.496,6.5,0.504,11.996],"tintindex":-2,"rotation":0,"texture":"#0"},"up":{"uv":[5.496,7.0,0.504,11.996],"tintindex":-2,"rotation":0,"texture":"#0"},"down":{"uv":[5.496,7.0,0.504,11.996],"tintindex":-2,"rotation":0,"texture":"#0"}}},{"from":[6.2124996,1.9875,6.4249997],"to":[10.3125,3.0874999,10.525001],"faces":{"east":{"uv":[11.5,8.125,12.0,8.25],"tintindex":-2,"rotation":0,"texture":"#2"},"south":{"uv":[11.5,8.375,12.0,8.5],"tintindex":-2,"rotation":0,"texture":"#2"},"north":{"uv":[11.5,7.875,12.0,8.0],"tintindex":-2,"rotation":0,"texture":"#2"},"west":{"uv":[8.625,11.5,9.125,11.625],"tintindex":-2,"rotation":0,"texture":"#2"},"up":{"uv":[8.625,0.5,8.125,0.0],"tintindex":-2,"rotation":0,"texture":"#2"},"down":{"uv":[8.625,1.875,8.125,2.375],"tintindex":-2,"rotation":0,"texture":"#2"}}},{"from":[6.4,7.0,6.525],"to":[10.1,9.0,10.525],"faces":{"east":{"uv":[9.625,2.5,10.125,2.75],"tintindex":-2,"rotation":0,"texture":"#2"},"south":{"uv":[9.625,4.125,10.125,4.375],"tintindex":-2,"rotation":0,"texture":"#2"},"north":{"uv":[0.375,9.625,0.875,9.875],"tintindex":-2,"rotation":0,"texture":"#2"},"west":{"uv":[9.75,0.0,10.25,0.25],"tintindex":-2,"rotation":0,"texture":"#2"},"up":{"uv":[5.5,8.625,5.0,8.125],"tintindex":-2,"rotation":0,"texture":"#2"},"down":{"uv":[6.125,8.125,5.625,8.625],"tintindex":-2,"rotation":0,"texture":"#2"}}},{"from":[6.175,0.0,6.5],"to":[10.275,1.0,10.525],"faces":{"east":{"uv":[11.0,5.375,11.5,5.5],"tintindex":-2,"rotation":0,"texture":"#2"},"south":{"uv":[11.0,6.25,11.5,6.375],"tintindex":-2,"rotation":0,"texture":"#2"},"north":{"uv":[11.0,5.125,11.5,5.25],"tintindex":-2,"rotation":0,"texture":"#2"},"west":{"uv":[11.0,6.5,11.5,6.625],"tintindex":-2,"rotation":0,"texture":"#2"},"up":{"uv":[1.75,8.5,1.25,8.0],"tintindex":-2,"rotation":0,"texture":"#2"},"down":{"uv":[8.5,3.125,8.0,3.625],"tintindex":-2,"rotation":0,"texture":"#2"}}}],"display":{"gui":{"rotation":[30,225,0]}}}