{"textures":{"2":"modelengine:entity/fallen_knight","3":"modelengine:entity/em_whitkrystelum_fk"},"elements":[{"from":[8.156654,5.3712463,-4.6438694],"to":[8.344154,5.821246,-3.1438694],"faces":{"east":{"uv":[11.75,8.625,12.125,8.75],"tintindex":-2,"rotation":0,"texture":"#2"},"south":{"uv":[8.625,13.0,8.75,13.125],"tintindex":-2,"rotation":0,"texture":"#2"},"north":{"uv":[13.0,8.375,13.125,8.5],"tintindex":-2,"rotation":0,"texture":"#2"},"west":{"uv":[10.75,11.75,11.125,11.875],"tintindex":-2,"rotation":0,"texture":"#2"},"up":{"uv":[11.375,12.125,11.25,11.75],"tintindex":-2,"rotation":0,"texture":"#2"},"down":{"uv":[11.625,11.75,11.5,12.125],"tintindex":-2,"rotation":0,"texture":"#2"}},"rotation":{"origin":[8.250404,8.142927,1.5877151],"angle":22.5,"axis":"x"}},{"from":[8.154155,7.8904266,-4.846875],"to":[8.346655,8.395427,-3.841875],"faces":{"east":{"uv":[12.375,7.625,12.625,7.75],"tintindex":-2,"rotation":0,"texture":"#2"},"south":{"uv":[13.0,9.625,13.125,9.75],"tintindex":-2,"rotation":0,"texture":"#2"},"north":{"uv":[13.0,9.125,13.125,9.25],"tintindex":-2,"rotation":0,"texture":"#2"},"west":{"uv":[12.375,7.875,12.625,8.0],"tintindex":-2,"rotation":0,"texture":"#2"},"up":{"uv":[8.375,12.625,8.25,12.375],"tintindex":-2,"rotation":0,"texture":"#2"},"down":{"uv":[12.5,8.875,12.375,9.125],"tintindex":-2,"rotation":0,"texture":"#2"}}},{"from":[8.156654,7.3929267,-3.8443756],"to":[8.344154,8.892927,3.1556249],"faces":{"east":{"uv":[3.125,3.75,4.875,4.125],"tintindex":-2,"rotation":0,"texture":"#2"},"south":{"uv":[8.625,11.75,8.75,12.125],"tintindex":-2,"rotation":0,"texture":"#2"},"north":{"uv":[7.5,11.75,7.625,12.125],"tintindex":-2,"rotation":0,"texture":"#2"},"west":{"uv":[4.25,2.625,6.0,3.0],"tintindex":-2,"rotation":0,"texture":"#2"},"up":{"uv":[7.625,10.125,7.5,8.375],"tintindex":-2,"rotation":0,"texture":"#2"},"down":{"uv":[7.875,8.375,7.75,10.125],"tintindex":-2,"rotation":0,"texture":"#2"}}},{"from":[8.076905,7.9549856,2.3089862],"to":[8.423904,8.305539,2.6595392],"faces":{"east":{"uv":[12.625,12.875,12.75,13.0],"tintindex":-2,"rotation":270,"texture":"#2"},"south":{"uv":[13.125,0.625,13.0,0.5],"tintindex":-2,"rotation":0,"texture":"#2"},"north":{"uv":[13.125,0.75,13.0,0.875],"tintindex":-2,"rotation":180,"texture":"#2"},"west":{"uv":[13.0,0.0,13.125,0.125],"tintindex":-2,"rotation":90,"texture":"#2"},"up":{"uv":[12.375,12.875,12.5,13.0],"tintindex":-2,"rotation":180,"texture":"#2"},"down":{"uv":[12.875,12.875,13.0,13.0],"tintindex":-2,"rotation":0,"texture":"#2"}},"rotation":{"origin":[8.250404,8.142927,1.5877151],"angle":-45.0,"axis":"x"}},{"from":[8.075405,5.3686743,6.903928],"to":[8.4254055,5.7186747,7.753927],"faces":{"east":{"uv":[12.25,9.625,12.5,9.75],"tintindex":-2,"rotation":0,"texture":"#2"},"south":{"uv":[13.0,3.75,13.125,3.875],"tintindex":-2,"rotation":0,"texture":"#2"},"north":{"uv":[13.0,3.5,13.125,3.625],"tintindex":-2,"rotation":0,"texture":"#2"},"west":{"uv":[9.875,12.25,10.125,12.375],"tintindex":-2,"rotation":0,"texture":"#2"},"up":{"uv":[10.375,12.5,10.25,12.25],"tintindex":-2,"rotation":0,"texture":"#2"},"down":{"uv":[10.625,12.25,10.5,12.5],"tintindex":-2,"rotation":0,"texture":"#2"}},"rotation":{"origin":[8.250404,8.142927,1.5877151],"angle":-22.5,"axis":"x"}},{"from":[7.9254045,3.537362,5.2932796],"to":[8.575405,4.4373617,6.19328],"faces":{"east":{"uv":[1.625,11.25,1.875,11.5],"tintindex":-2,"rotation":0,"texture":"#2"},"south":{"uv":[2.75,11.25,3.0,11.5],"tintindex":-2,"rotation":0,"texture":"#2"},"north":{"uv":[11.125,11.125,11.375,11.375],"tintindex":-2,"rotation":0,"texture":"#2"},"west":{"uv":[11.25,4.375,11.5,4.625],"tintindex":-2,"rotation":0,"texture":"#2"},"up":{"uv":[6.75,11.5,6.5,11.25],"tintindex":-2,"rotation":0,"texture":"#2"},"down":{"uv":[7.125,11.25,6.875,11.5],"tintindex":-2,"rotation":0,"texture":"#2"}},"rotation":{"origin":[8.250404,8.142927,1.5877151],"angle":-45.0,"axis":"x"}},{"from":[8.075405,8.517927,2.2306252],"to":[8.425405,9.017927,3.2306252],"faces":{"east":{"uv":[12.25,4.875,12.5,5.0],"tintindex":-2,"rotation":0,"texture":"#2"},"south":{"uv":[12.875,12.25,13.0,12.375],"tintindex":-2,"rotation":0,"texture":"#2"},"north":{"uv":[12.125,12.875,12.25,13.0],"tintindex":-2,"rotation":0,"texture":"#2"},"west":{"uv":[5.375,12.25,5.625,12.375],"tintindex":-2,"rotation":0,"texture":"#2"},"up":{"uv":[5.875,12.5,5.75,12.25],"tintindex":-2,"rotation":0,"texture":"#2"},"down":{"uv":[6.125,12.25,6.0,12.5],"tintindex":-2,"rotation":0,"texture":"#2"}}},{"from":[8.158155,12.840983,-3.3562078],"to":[8.342655,13.08685,-3.110342],"faces":{"east":{"uv":[7.625,13.0,7.75,13.125],"tintindex":-2,"rotation":270,"texture":"#2"},"south":{"uv":[13.125,8.0,13.0,7.875],"tintindex":-2,"rotation":0,"texture":"#2"},"north":{"uv":[8.25,13.0,8.125,13.125],"tintindex":-2,"rotation":180,"texture":"#2"},"west":{"uv":[7.875,13.0,8.0,13.125],"tintindex":-2,"rotation":90,"texture":"#2"},"up":{"uv":[7.125,13.0,7.25,13.125],"tintindex":-2,"rotation":180,"texture":"#2"},"down":{"uv":[13.0,7.625,13.125,7.75],"tintindex":-2,"rotation":0,"texture":"#2"}},"rotation":{"origin":[8.250404,8.142927,1.5877151],"angle":-45.0,"axis":"x"}},{"from":[8.002405,7.0418825,2.8449073],"to":[8.498405,8.037882,3.8409076],"faces":{"east":{"uv":[11.125,9.875,11.375,10.125],"tintindex":-2,"rotation":270,"texture":"#2"},"south":{"uv":[3.75,12.5,3.625,12.25],"tintindex":-2,"rotation":0,"texture":"#2"},"north":{"uv":[12.375,3.625,12.25,3.875],"tintindex":-2,"rotation":180,"texture":"#2"},"west":{"uv":[10.75,11.125,11.0,11.375],"tintindex":-2,"rotation":90,"texture":"#2"},"up":{"uv":[2.375,12.25,2.5,12.5],"tintindex":-2,"rotation":180,"texture":"#2"},"down":{"uv":[3.0,12.25,3.125,12.5],"tintindex":-2,"rotation":0,"texture":"#2"}},"rotation":{"origin":[8.250404,8.142927,1.5877151],"angle":-45.0,"axis":"x"}},{"from":[7.825405,6.4324703,2.4481716],"to":[8.6754055,7.2824707,3.2981715],"faces":{"east":{"uv":[0.0,3.0,2.0,5.0],"tintindex":-2,"rotation":0,"texture":"#3"},"south":{"uv":[3.0,0.0,5.0,2.0],"tintindex":-2,"rotation":0,"texture":"#3"},"north":{"uv":[0.0,0.0,2.0,2.0],"tintindex":-2,"rotation":0,"texture":"#3"},"west":{"uv":[3.0,3.0,5.0,5.0],"tintindex":-2,"rotation":0,"texture":"#3"},"up":{"uv":[2.0,8.0,0.0,6.0],"tintindex":-2,"rotation":0,"texture":"#3"},"down":{"uv":[8.0,0.0,6.0,2.0],"tintindex":-2,"rotation":0,"texture":"#3"}},"rotation":{"origin":[8.250404,8.142927,1.5877151],"angle":-45.0,"axis":"x"}},{"from":[7.9254045,7.8179264,4.5806246],"to":[8.575405,8.467926,5.230625],"faces":{"east":{"uv":[6.125,12.875,6.25,13.0],"tintindex":-2,"rotation":0,"texture":"#2"},"south":{"uv":[12.875,6.125,13.0,6.25],"tintindex":-2,"rotation":0,"texture":"#2"},"north":{"uv":[12.875,5.875,13.0,6.0],"tintindex":-2,"rotation":0,"texture":"#2"},"west":{"uv":[12.875,6.375,13.0,6.5],"tintindex":-2,"rotation":0,"texture":"#2"},"up":{"uv":[13.0,6.75,12.875,6.625],"tintindex":-2,"rotation":0,"texture":"#2"},"down":{"uv":[13.0,6.875,12.875,7.0],"tintindex":-2,"rotation":0,"texture":"#2"}}},{"from":[8.155155,10.463108,-4.6453695],"to":[8.345655,10.916107,-3.1423693],"faces":{"east":{"uv":[11.75,4.875,12.125,5.0],"tintindex":-2,"rotation":0,"texture":"#2"},"south":{"uv":[8.375,13.0,8.5,13.125],"tintindex":-2,"rotation":0,"texture":"#2"},"north":{"uv":[13.0,8.125,13.125,8.25],"tintindex":-2,"rotation":0,"texture":"#2"},"west":{"uv":[11.75,7.0,12.125,7.125],"tintindex":-2,"rotation":0,"texture":"#2"},"up":{"uv":[9.75,12.125,9.625,11.75],"tintindex":-2,"rotation":0,"texture":"#2"},"down":{"uv":[10.0,11.75,9.875,12.125],"tintindex":-2,"rotation":0,"texture":"#2"}},"rotation":{"origin":[8.250404,8.142927,1.5877151],"angle":-22.5,"axis":"x"}},{"from":[8.074405,7.9669266,7.9796247],"to":[8.426405,8.318927,8.831625],"faces":{"east":{"uv":[12.25,7.0,12.5,7.125],"tintindex":-2,"rotation":0,"texture":"#2"},"south":{"uv":[13.0,2.75,13.125,2.875],"tintindex":-2,"rotation":0,"texture":"#2"},"north":{"uv":[13.0,2.5,13.125,2.625],"tintindex":-2,"rotation":0,"texture":"#2"},"west":{"uv":[7.25,12.25,7.5,12.375],"tintindex":-2,"rotation":0,"texture":"#2"},"up":{"uv":[6.375,12.5,6.25,12.25],"tintindex":-2,"rotation":0,"texture":"#2"},"down":{"uv":[7.75,12.25,7.625,12.5],"tintindex":-2,"rotation":0,"texture":"#2"}}},{"from":[8.076905,7.8135643,1.5665236],"to":[8.423904,8.164118,1.9170771],"faces":{"east":{"uv":[12.875,8.625,13.0,8.75],"tintindex":-2,"rotation":0,"texture":"#2"},"south":{"uv":[12.875,8.875,13.0,9.0],"tintindex":-2,"rotation":0,"texture":"#2"},"north":{"uv":[12.875,7.375,13.0,7.5],"tintindex":-2,"rotation":0,"texture":"#2"},"west":{"uv":[9.0,12.875,9.125,13.0],"tintindex":-2,"rotation":0,"texture":"#2"},"up":{"uv":[9.375,13.0,9.25,12.875],"tintindex":-2,"rotation":0,"texture":"#2"},"down":{"uv":[13.0,9.375,12.875,9.5],"tintindex":-2,"rotation":0,"texture":"#2"}},"rotation":{"origin":[8.250404,8.142927,1.5877151],"angle":-45.0,"axis":"x"}},{"from":[8.075405,10.613373,6.8847933],"to":[8.4254055,10.963373,7.7347937],"faces":{"east":{"uv":[8.625,12.25,8.875,12.375],"tintindex":-2,"rotation":0,"texture":"#2"},"south":{"uv":[3.25,13.0,3.375,13.125],"tintindex":-2,"rotation":0,"texture":"#2"},"north":{"uv":[13.0,3.0,13.125,3.125],"tintindex":-2,"rotation":0,"texture":"#2"},"west":{"uv":[12.25,8.625,12.5,8.75],"tintindex":-2,"rotation":0,"texture":"#2"},"up":{"uv":[9.125,12.5,9.0,12.25],"tintindex":-2,"rotation":0,"texture":"#2"},"down":{"uv":[9.75,12.25,9.625,12.5],"tintindex":-2,"rotation":0,"texture":"#2"}},"rotation":{"origin":[8.250404,8.142927,1.5877151],"angle":22.5,"axis":"x"}},{"from":[7.900405,6.2574706,2.2731714],"to":[8.600405,7.4574704,3.4731712],"faces":{"east":{"uv":[4.625,11.125,4.875,11.375],"tintindex":-2,"rotation":0,"texture":"#2"},"south":{"uv":[11.75,12.125,11.875,12.375],"tintindex":-2,"rotation":0,"texture":"#2"},"north":{"uv":[12.125,11.375,12.25,11.625],"tintindex":-2,"rotation":0,"texture":"#2"},"west":{"uv":[6.125,11.125,6.375,11.375],"tintindex":-2,"rotation":0,"texture":"#2"},"up":{"uv":[0.625,12.5,0.5,12.25],"tintindex":-2,"rotation":0,"texture":"#2"},"down":{"uv":[0.875,12.25,0.75,12.5],"tintindex":-2,"rotation":0,"texture":"#2"}},"rotation":{"origin":[8.250404,8.142927,1.5877151],"angle":-45.0,"axis":"x"}},{"from":[7.996905,7.3894267,3.652125],"to":[8.503904,8.896427,4.659125],"faces":{"east":{"uv":[1.0,9.875,1.25,10.25],"tintindex":-2,"rotation":0,"texture":"#2"},"south":{"uv":[7.25,11.75,7.375,12.125],"tintindex":-2,"rotation":0,"texture":"#2"},"north":{"uv":[6.25,11.75,6.375,12.125],"tintindex":-2,"rotation":0,"texture":"#2"},"west":{"uv":[6.25,9.875,6.5,10.25],"tintindex":-2,"rotation":0,"texture":"#2"},"up":{"uv":[12.25,10.875,12.125,10.625],"tintindex":-2,"rotation":0,"texture":"#2"},"down":{"uv":[12.25,11.0,12.125,11.25],"tintindex":-2,"rotation":0,"texture":"#2"}}},{"from":[8.000404,7.583062,4.09127],"to":[8.500404,8.583062,4.59127],"faces":{"east":{"uv":[3.25,12.375,3.375,12.625],"tintindex":-2,"rotation":0,"texture":"#2"},"south":{"uv":[12.375,3.25,12.5,3.5],"tintindex":-2,"rotation":0,"texture":"#2"},"north":{"uv":[11.5,12.25,11.625,12.5],"tintindex":-2,"rotation":0,"texture":"#2"},"west":{"uv":[4.125,12.375,4.25,12.625],"tintindex":-2,"rotation":0,"texture":"#2"},"up":{"uv":[13.125,5.625,13.0,5.5],"tintindex":-2,"rotation":0,"texture":"#2"},"down":{"uv":[6.5,13.0,6.375,13.125],"tintindex":-2,"rotation":0,"texture":"#2"}},"rotation":{"origin":[8.250404,8.142927,1.5877151],"angle":-22.5,"axis":"x"}},{"from":[8.075405,7.2679267,2.2306252],"to":[8.425405,7.7679267,3.2306252],"faces":{"east":{"uv":[4.5,12.25,4.75,12.375],"tintindex":-2,"rotation":0,"texture":"#2"},"south":{"uv":[10.0,12.875,10.125,13.0],"tintindex":-2,"rotation":0,"texture":"#2"},"north":{"uv":[9.5,12.875,9.625,13.0],"tintindex":-2,"rotation":0,"texture":"#2"},"west":{"uv":[12.25,4.625,12.5,4.75],"tintindex":-2,"rotation":0,"texture":"#2"},"up":{"uv":[5.0,12.5,4.875,12.25],"tintindex":-2,"rotation":0,"texture":"#2"},"down":{"uv":[5.25,12.25,5.125,12.5],"tintindex":-2,"rotation":0,"texture":"#2"}}},{"from":[8.000404,7.8929267,5.155625],"to":[8.500404,8.392927,7.155625],"faces":{"east":{"uv":[0.0,11.125,0.5,11.25],"tintindex":-2,"rotation":0,"texture":"#2"},"south":{"uv":[5.875,12.875,6.0,13.0],"tintindex":-2,"rotation":0,"texture":"#2"},"north":{"uv":[5.625,12.875,5.75,13.0],"tintindex":-2,"rotation":0,"texture":"#2"},"west":{"uv":[11.125,3.75,11.625,3.875],"tintindex":-2,"rotation":0,"texture":"#2"},"up":{"uv":[4.25,11.625,4.125,11.125],"tintindex":-2,"rotation":0,"texture":"#2"},"down":{"uv":[4.5,11.125,4.375,11.625],"tintindex":-2,"rotation":0,"texture":"#2"}}},{"from":[8.076905,7.071102,1.4251022],"to":[8.423904,7.4216557,1.7756557],"faces":{"east":{"uv":[10.5,12.875,10.625,13.0],"tintindex":-2,"rotation":0,"texture":"#2"},"south":{"uv":[10.75,12.875,10.875,13.0],"tintindex":-2,"rotation":0,"texture":"#2"},"north":{"uv":[10.25,12.875,10.375,13.0],"tintindex":-2,"rotation":0,"texture":"#2"},"west":{"uv":[11.0,12.875,11.125,13.0],"tintindex":-2,"rotation":0,"texture":"#2"},"up":{"uv":[11.375,13.0,11.25,12.875],"tintindex":-2,"rotation":0,"texture":"#2"},"down":{"uv":[13.0,12.0,12.875,12.125],"tintindex":-2,"rotation":0,"texture":"#2"}},"rotation":{"origin":[8.250404,8.142927,1.5877151],"angle":-45.0,"axis":"x"}},{"from":[8.075405,7.8929267,1.805625],"to":[8.425405,8.392927,2.805625],"faces":{"east":{"uv":[12.125,8.375,12.375,8.5],"tintindex":-2,"rotation":0,"texture":"#2"},"south":{"uv":[7.375,12.875,7.5,13.0],"tintindex":-2,"rotation":0,"texture":"#2"},"north":{"uv":[12.875,7.125,13.0,7.25],"tintindex":-2,"rotation":0,"texture":"#2"},"west":{"uv":[12.25,0.25,12.5,0.375],"tintindex":-2,"rotation":0,"texture":"#2"},"up":{"uv":[4.0,12.5,3.875,12.25],"tintindex":-2,"rotation":0,"texture":"#2"},"down":{"uv":[12.375,4.0,12.25,4.25],"tintindex":-2,"rotation":0,"texture":"#2"}}},{"from":[7.9704046,7.8629265,6.8756247],"to":[8.530405,8.422927,7.310625],"faces":{"east":{"uv":[13.0,1.25,13.125,1.375],"tintindex":-2,"rotation":0,"texture":"#2"},"south":{"uv":[13.0,1.5,13.125,1.625],"tintindex":-2,"rotation":0,"texture":"#2"},"north":{"uv":[13.0,1.0,13.125,1.125],"tintindex":-2,"rotation":0,"texture":"#2"},"west":{"uv":[13.0,1.75,13.125,1.875],"tintindex":-2,"rotation":0,"texture":"#2"},"up":{"uv":[13.125,2.125,13.0,2.0],"tintindex":-2,"rotation":0,"texture":"#2"},"down":{"uv":[13.125,2.25,13.0,2.375],"tintindex":-2,"rotation":0,"texture":"#2"}}},{"from":[8.000404,6.702791,3.5912695],"to":[8.500404,8.702791,4.09127],"faces":{"east":{"uv":[8.375,11.375,8.5,11.875],"tintindex":-2,"rotation":0,"texture":"#2"},"south":{"uv":[11.375,9.25,11.5,9.75],"tintindex":-2,"rotation":0,"texture":"#2"},"north":{"uv":[5.75,11.375,5.875,11.875],"tintindex":-2,"rotation":0,"texture":"#2"},"west":{"uv":[9.375,11.375,9.5,11.875],"tintindex":-2,"rotation":0,"texture":"#2"},"up":{"uv":[5.375,13.125,5.25,13.0],"tintindex":-2,"rotation":0,"texture":"#2"},"down":{"uv":[13.125,5.25,13.0,5.375],"tintindex":-2,"rotation":0,"texture":"#2"}},"rotation":{"origin":[8.250404,8.142927,1.5877151],"angle":22.5,"axis":"x"}},{"from":[8.002405,5.8897343,1.6927595],"to":[8.498405,6.8857346,2.6887598],"faces":{"east":{"uv":[8.625,11.125,8.875,11.375],"tintindex":-2,"rotation":0,"texture":"#2"},"south":{"uv":[1.25,12.25,1.375,12.5],"tintindex":-2,"rotation":0,"texture":"#2"},"north":{"uv":[1.0,12.25,1.125,12.5],"tintindex":-2,"rotation":0,"texture":"#2"},"west":{"uv":[9.0,11.125,9.25,11.375],"tintindex":-2,"rotation":0,"texture":"#2"},"up":{"uv":[2.0,12.5,1.875,12.25],"tintindex":-2,"rotation":0,"texture":"#2"},"down":{"uv":[2.25,12.25,2.125,12.5],"tintindex":-2,"rotation":0,"texture":"#2"}},"rotation":{"origin":[8.250404,8.142927,1.5877151],"angle":-45.0,"axis":"x"}},{"from":[8.000404,7.583062,3.5912695],"to":[8.500404,9.583061,4.09127],"faces":{"east":{"uv":[3.125,11.375,3.25,11.875],"tintindex":-2,"rotation":0,"texture":"#2"},"south":{"uv":[3.375,11.375,3.5,11.875],"tintindex":-2,"rotation":0,"texture":"#2"},"north":{"uv":[2.5,11.375,2.625,11.875],"tintindex":-2,"rotation":0,"texture":"#2"},"west":{"uv":[5.5,11.375,5.625,11.875],"tintindex":-2,"rotation":0,"texture":"#2"},"up":{"uv":[4.625,13.125,4.5,13.0],"tintindex":-2,"rotation":0,"texture":"#2"},"down":{"uv":[13.125,5.0,13.0,5.125],"tintindex":-2,"rotation":0,"texture":"#2"}},"rotation":{"origin":[8.250404,8.142927,1.5877151],"angle":-22.5,"axis":"x"}},{"from":[8.000404,7.702791,4.09127],"to":[8.500404,8.702791,4.59127],"faces":{"east":{"uv":[12.375,6.25,12.5,6.5],"tintindex":-2,"rotation":0,"texture":"#2"},"south":{"uv":[12.375,6.625,12.5,6.875],"tintindex":-2,"rotation":0,"texture":"#2"},"north":{"uv":[12.375,5.875,12.5,6.125],"tintindex":-2,"rotation":0,"texture":"#2"},"west":{"uv":[12.375,7.25,12.5,7.5],"tintindex":-2,"rotation":0,"texture":"#2"},"up":{"uv":[6.75,13.125,6.625,13.0],"tintindex":-2,"rotation":0,"texture":"#2"},"down":{"uv":[7.0,13.0,6.875,13.125],"tintindex":-2,"rotation":0,"texture":"#2"}},"rotation":{"origin":[8.250404,8.142927,1.5877151],"angle":22.5,"axis":"x"}}],"display":{"gui":{"rotation":[30,225,0]}}}