{
  "parent": "minecraft:item/generated",
  "textures": {
    "layer0": "minecraft:item/enchanted_book"
  },
  "overrides": [
    {
      "predicate": {
        "custom_model_data": 1
      },
      "model": "minecraft:item/1tier/fire"
    },
    {
      "predicate": {
        "custom_model_data": 2
      },
      "model": "minecraft:item/1tier/cold"
    },
		{
      "predicate": {
        "custom_model_data": 3
      },
      "model": "minecraft:item/1tier/electro"
    },
	{
      "predicate": {
        "custom_model_data": 4
      },
      "model": "minecraft:item/1tier/spirit"
    },
	{
      "predicate": {
        "custom_model_data": 5
      },
      "model": "minecraft:item/2tier/fire2"
    },
	{
      "predicate": {
        "custom_model_data": 6
      },
      "model": "minecraft:item/2tier/firea2"
    },
	{
      "predicate": {
        "custom_model_data": 7
      },
      "model": "minecraft:item/2tier/cold2"
    },
	{
      "predicate": {
        "custom_model_data": 8
      },
      "model": "minecraft:item/2tier/colda2"
    },
	{
      "predicate": {
        "custom_model_data": 9
      },
      "model": "minecraft:item/2tier/electro2"
    },
	{
      "predicate": {
        "custom_model_data": 10
      },
      "model": "minecraft:item/2tier/electroa2"
    },
	{
      "predicate": {
        "custom_model_data": 11
      },
      "model": "minecraft:item/2tier/soul2"
    },
	{
      "predicate": {
        "custom_model_data": 12
      },
      "model": "minecraft:item/2tier/soula2"
    },
	{
      "predicate": {
        "custom_model_data": 99
      },
      "model": "minecraft:item/tutorial/tutorbook2"
    }
  ]
}
