{"textures":{"0":"modelengine:entity/stolas_movestop"},"elements":[{"from":[6.5,8.0,6.5],"to":[9.5,24.0,9.5],"faces":{"east":{"uv":[12.5,12.0,13.25,16.0],"tintindex":-2,"rotation":0,"texture":"#0"},"south":{"uv":[12.75,0.0,13.5,4.0],"tintindex":-2,"rotation":0,"texture":"#0"},"north":{"uv":[12.5,8.0,13.25,12.0],"tintindex":-2,"rotation":0,"texture":"#0"},"west":{"uv":[12.75,4.0,13.5,8.0],"tintindex":-2,"rotation":0,"texture":"#0"},"up":{"uv":[10.25,14.75,9.5,14.0],"tintindex":-2,"rotation":0,"texture":"#0"},"down":{"uv":[14.75,9.5,14.0,10.25],"tintindex":-2,"rotation":0,"texture":"#0"}}},{"from":[4.0,8.0,8.0],"to":[12.0,28.0,8.0],"faces":{"south":{"uv":[8.0,5.0,10.0,10.0],"tintindex":-2,"rotation":0,"texture":"#0"},"north":{"uv":[8.0,0.0,10.0,5.0],"tintindex":-2,"rotation":0,"texture":"#0"}}},{"from":[8.0,7.5,3.5],"to":[8.0,27.5,11.5],"faces":{"east":{"uv":[0.0,10.0,2.0,15.0],"tintindex":-2,"rotation":0,"texture":"#0"},"west":{"uv":[10.0,0.0,12.0,5.0],"tintindex":-2,"rotation":0,"texture":"#0"}}}],"display":{"gui":{"rotation":[30,225,0]}}}