{"textures":{"0":"modelengine:entity/stolas_movestop"},"elements":[{"from":[8.0,7.5,3.5],"to":[8.0,27.5,11.5],"faces":{"east":{"uv":[4.0,0.0,6.0,5.0],"tintindex":-2,"rotation":0,"texture":"#0"},"west":{"uv":[0.0,5.0,2.0,10.0],"tintindex":-2,"rotation":0,"texture":"#0"}}},{"from":[6.5,8.0,6.5],"to":[9.5,24.0,9.5],"faces":{"east":{"uv":[11.75,10.0,12.5,14.0],"tintindex":-2,"rotation":0,"texture":"#0"},"south":{"uv":[12.0,0.0,12.75,4.0],"tintindex":-2,"rotation":0,"texture":"#0"},"north":{"uv":[11.0,10.0,11.75,14.0],"tintindex":-2,"rotation":0,"texture":"#0"},"west":{"uv":[12.0,4.0,12.75,8.0],"tintindex":-2,"rotation":0,"texture":"#0"},"up":{"uv":[9.5,14.75,8.75,14.0],"tintindex":-2,"rotation":0,"texture":"#0"},"down":{"uv":[14.75,8.75,14.0,9.5],"tintindex":-2,"rotation":0,"texture":"#0"}}},{"from":[4.0,8.0,8.0],"to":[12.0,28.0,8.0],"faces":{"south":{"uv":[2.0,0.0,4.0,5.0],"tintindex":-2,"rotation":0,"texture":"#0"},"north":{"uv":[0.0,0.0,2.0,5.0],"tintindex":-2,"rotation":0,"texture":"#0"}}}],"display":{"gui":{"rotation":[30,225,0]}}}