{"textures":{"0":"modelengine:entity/stolas_movestop"},"elements":[{"from":[4.0,8.0,8.0],"to":[12.0,28.0,8.0],"faces":{"south":{"uv":[4.0,10.0,6.0,15.0],"tintindex":-2,"rotation":0,"texture":"#0"},"north":{"uv":[2.0,10.0,4.0,15.0],"tintindex":-2,"rotation":0,"texture":"#0"}}},{"from":[6.5,8.0,6.5],"to":[9.5,24.0,9.5],"faces":{"east":{"uv":[13.25,12.0,14.0,16.0],"tintindex":-2,"rotation":0,"texture":"#0"},"south":{"uv":[13.5,0.0,14.25,4.0],"tintindex":-2,"rotation":0,"texture":"#0"},"north":{"uv":[13.25,8.0,14.0,12.0],"tintindex":-2,"rotation":0,"texture":"#0"},"west":{"uv":[13.5,4.0,14.25,8.0],"tintindex":-2,"rotation":0,"texture":"#0"},"up":{"uv":[11.0,14.75,10.25,14.0],"tintindex":-2,"rotation":0,"texture":"#0"},"down":{"uv":[14.75,10.25,14.0,11.0],"tintindex":-2,"rotation":0,"texture":"#0"}}},{"from":[8.0,7.5,4.5],"to":[8.0,27.5,12.5],"faces":{"east":{"uv":[10.0,5.0,12.0,10.0],"tintindex":-2,"rotation":0,"texture":"#0"},"west":{"uv":[6.0,10.0,8.0,15.0],"tintindex":-2,"rotation":0,"texture":"#0"}}}],"display":{"gui":{"rotation":[30,225,0]}}}