{"textures":{"0":"modelengine:entity/stolas_movestop"},"elements":[{"from":[8.0,8.0,3.5],"to":[8.0,28.0,11.5],"faces":{"east":{"uv":[2.0,5.0,4.0,10.0],"tintindex":-2,"rotation":0,"texture":"#0"},"west":{"uv":[4.0,5.0,6.0,10.0],"tintindex":-2,"rotation":0,"texture":"#0"}}},{"from":[6.5,8.0,6.5],"to":[9.5,24.0,9.5],"faces":{"east":{"uv":[8.75,10.0,9.5,14.0],"tintindex":-2,"rotation":0,"texture":"#0"},"south":{"uv":[9.5,10.0,10.25,14.0],"tintindex":-2,"rotation":0,"texture":"#0"},"north":{"uv":[8.0,10.0,8.75,14.0],"tintindex":-2,"rotation":0,"texture":"#0"},"west":{"uv":[10.25,10.0,11.0,14.0],"tintindex":-2,"rotation":0,"texture":"#0"},"up":{"uv":[8.75,14.75,8.0,14.0],"tintindex":-2,"rotation":0,"texture":"#0"},"down":{"uv":[14.75,8.0,14.0,8.75],"tintindex":-2,"rotation":0,"texture":"#0"}}},{"from":[4.0,8.5,8.0],"to":[12.0,28.5,8.0],"faces":{"south":{"uv":[6.0,5.0,8.0,10.0],"tintindex":-2,"rotation":0,"texture":"#0"},"north":{"uv":[6.0,0.0,8.0,5.0],"tintindex":-2,"rotation":0,"texture":"#0"}}}],"display":{"gui":{"rotation":[30,225,0]}}}