{
  "parent": "minecraft:block/orientable",  
  "textures": {
	  "front": "minecraft:block/carved_pumpkin",
	  "side": "minecraft:block/pumpkin_side",
	  "top": "minecraft:block/pumpkin_top"
  },
  "overrides": [
  		{
		"predicate": {
			"custom_model_data": 31
			},
			"model": "minecraft:item/3tier/copper_deffender"
		},
		{
		"predicate": {
			"custom_model_data": 32
			},
			"model": "minecraft:item/3tier/copper_mage"
		},
		{
		"predicate": {
			"custom_model_data": 33
			},
			"model": "minecraft:item/3tier/copper_antimage"
		}
	]
}