{
    "parent": "item/handheld",
    "textures": {
        "layer0": "item/crossbow_standby"
    },
    "display": {
        "thirdperson_righthand": {
            "rotation": [
                -90,
                0,
                -60
            ],
            "translation": [
                2,
                0.1,
                -3
            ],
            "scale": [
                1,
                1,
                1
            ]
        },
        "thirdperson_lefthand": {
            "rotation": [
                -90,
                0,
                30
            ],
            "translation": [
                2,
                0.1,
                -3
            ],
            "scale": [
                1,
                1,
                1
            ]
        },
        "firstperson_righthand": {
            "rotation": [
                -90,
                0,
                -55
            ],
            "translation": [
                1.13,
                3.2,
                1.13
            ],
            "scale": [
                1,
                1,
                1
            ]
        },
        "firstperson_lefthand": {
            "rotation": [
                -90,
                0,
                35
            ],
            "translation": [
                1.13,
                3.2,
                1.13
            ],
            "scale": [
                1,
                1,
                1
            ]
        },
        "ground": {
            "rotation": [
                0,
                0,
                0
            ],
            "translation": [
                0,
                0,
                0
            ],
            "scale": [
                1,
                1,
                1
            ]
        },
        "fixed": {
            "rotation": [
                0,
                0,
                0
            ],
            "translation": [
                0,
                0,
                0
            ],
            "scale": [
                6,
                6,
                1.5
            ]
        },
        "gui": {
            "rotation": [
                0,
                0,
                0
            ],
            "translation": [
                0,
                0,
                0
            ],
            "scale": [
                1,
                1,
                1
            ]
        }
    },
    "overrides": [
        {
            "predicate": {
                "custom_model_data": 1
            },
            "model": "item/2tier/crossbow/crossbow_standby"
        },
        {
            "predicate": {
                "custom_model_data": 1,
                "pulling": 1
            },
            "model": "item/2tier/crossbow/crossbow_pulling1"
        },
        {
            "predicate": {
                "custom_model_data": 1,
                "pulling": 1,
                "pull": 0.58
            },
            "model": "item/2tier/crossbow/crossbow_pulling2"
        },
        {
            "predicate": {
                "custom_model_data": 1,
                "pulling": 1,
                "pull": 1
            },
            "model": "item/2tier/crossbow/crossbow_pulling3"
        },
        {
            "predicate": {
                "custom_model_data": 1,
                "charged": 1
            },
            "model": "item/2tier/crossbow/crossbow_arrow"
        },
        {
            "predicate": {
                "custom_model_data": 1,
                "charged": 1,
                "firework": 1
            },
            "model": "item/2tier/crossbow/crossbow_arrow"
        }
    ]
}
