{
	"parent": "item/generated",
	"textures": {
		"layer0": "item/feather"
	},
	"overrides": [

		{ "predicate": {  "custom_model_data": 56770 }, "model": "minecraft:item/3tier/steel_raider/hammer_rift_1_1"},
		{ "predicate": {  "custom_model_data": 56771 }, "model": "minecraft:item/3tier/steel_raider/hammer_rift_1_2"},
		{ "predicate": {  "custom_model_data": 56772 }, "model": "minecraft:item/3tier/steel_raider/hammer_rift_1_3"},
		{ "predicate": {  "custom_model_data": 56773 }, "model": "minecraft:item/3tier/steel_raider/hammer_rift_1_4"},
		{ "predicate": {  "custom_model_data": 56774 }, "model": "minecraft:item/3tier/steel_raider/hammer_rift_1_5"}
	]
}