{
  "parent": "minecraft:item/generated",
  "textures": {
    "layer0": "minecraft:item/heart_of_the_sea"
  },
  "overrides": [
    {
      "predicate": {
        "custom_model_data": 1
      },
      "model": "minecraft:item/1tier/loot"
    },
	{
      "predicate": {
        "custom_model_data": 2
      },
      "model": "minecraft:item/bonusloot"
    },
	{
      "predicate": {
        "custom_model_data": 3
      },
      "model": "minecraft:item/2tier/loot"
    }
  ]
}