{"overrides":[{"predicate":{"custom_model_data":1},"model":"modelengine:stolas/bone12"},{"predicate":{"custom_model_data":2},"model":"modelengine:stolas/s2_l4"},{"predicate":{"custom_model_data":3},"model":"modelengine:stolas_movestop/bone4"},{"predicate":{"custom_model_data":4},"model":"modelengine:stolas_movestop/bone"},{"predicate":{"custom_model_data":5},"model":"modelengine:stolas_s2/weapon"},{"predicate":{"custom_model_data":6},"model":"modelengine:stolas_s2/s2_l4"},{"predicate":{"custom_model_data":7},"model":"modelengine:stolas/bone6"},{"predicate":{"custom_model_data":8},"model":"modelengine:stolas/right_wing3"},{"predicate":{"custom_model_data":9},"model":"modelengine:stolas_s2/skill1_1"},{"predicate":{"custom_model_data":10},"model":"modelengine:stolas_s2/skill1_2"},{"predicate":{"custom_model_data":11},"model":"modelengine:stolas_s2/skill1_3"},{"predicate":{"custom_model_data":12},"model":"modelengine:stolas_s2/head"},{"predicate":{"custom_model_data":13},"model":"modelengine:stolas/wing"},{"predicate":{"custom_model_data":14},"model":"modelengine:stolas/leftarm"},{"predicate":{"custom_model_data":15},"model":"modelengine:stolas/bone11"},{"predicate":{"custom_model_data":16},"model":"modelengine:stolas/bone13"},{"predicate":{"custom_model_data":17},"model":"modelengine:stolas_s2/skill4_lore2"},{"predicate":{"custom_model_data":18},"model":"modelengine:stolas_s2/s2_l2"},{"predicate":{"custom_model_data":19},"model":"modelengine:stolas_s2/body"},{"predicate":{"custom_model_data":20},"model":"modelengine:stolas_s2/s2_l1"},{"predicate":{"custom_model_data":21},"model":"modelengine:stolas_s2/s2_l5"},{"predicate":{"custom_model_data":22},"model":"modelengine:stolas_s2/leftarm"},{"predicate":{"custom_model_data":23},"model":"modelengine:steel_raider/right_hand"},{"predicate":{"custom_model_data":24},"model":"modelengine:stolas/right_wing"},{"predicate":{"custom_model_data":25},"model":"modelengine:steel_raider/right_leg"},{"predicate":{"custom_model_data":26},"model":"modelengine:stolas/bone9"},{"predicate":{"custom_model_data":27},"model":"modelengine:stolas_s2/left_mid"},{"predicate":{"custom_model_data":28},"model":"modelengine:stolas/rightleg_down"},{"predicate":{"custom_model_data":29},"model":"modelengine:stolas_s2/left_wing3"},{"predicate":{"custom_model_data":30},"model":"modelengine:stolas/bone7"},{"predicate":{"custom_model_data":31},"model":"modelengine:stolas/down"},{"predicate":{"custom_model_data":32},"model":"modelengine:stolas_movestop/bone2"},{"predicate":{"custom_model_data":33},"model":"modelengine:stolas_s2/right_wing3"},{"predicate":{"custom_model_data":34},"model":"modelengine:stolas_s2/wing"},{"predicate":{"custom_model_data":35},"model":"modelengine:stolas/rightleg"},{"predicate":{"custom_model_data":36},"model":"modelengine:stolas_s2/right_wing"},{"predicate":{"custom_model_data":37},"model":"modelengine:stolas_s2/right_wing2"},{"predicate":{"custom_model_data":38},"model":"modelengine:stolas_s2/down"},{"predicate":{"custom_model_data":39},"model":"modelengine:stolas/right_down"},{"predicate":{"custom_model_data":40},"model":"modelengine:steel_raider/head"},{"predicate":{"custom_model_data":41},"model":"modelengine:stolas_s2/rightleg_down"},{"predicate":{"custom_model_data":42},"model":"modelengine:stolas_s2/crown"},{"predicate":{"custom_model_data":43},"model":"modelengine:stolas_s2/right_mid"},{"predicate":{"custom_model_data":44},"model":"modelengine:stolas_s2/leftleg"},{"predicate":{"custom_model_data":45},"model":"modelengine:stolas_s2_skill3_lore/all"},{"predicate":{"custom_model_data":46},"model":"modelengine:stolas_s2/rightleg"},{"predicate":{"custom_model_data":47},"model":"modelengine:stolas/right_wing2"},{"predicate":{"custom_model_data":48},"model":"modelengine:stolas/bone2"},{"predicate":{"custom_model_data":49},"model":"modelengine:stolas/bone4"},{"predicate":{"custom_model_data":50},"model":"modelengine:steel_raider/shield"},{"predicate":{"custom_model_data":51},"model":"modelengine:stolas/skill1_lore"},{"predicate":{"custom_model_data":52},"model":"modelengine:stolas/bone3"},{"predicate":{"custom_model_data":53},"model":"modelengine:stolas/s2_l2"},{"predicate":{"custom_model_data":54},"model":"modelengine:stolas/head"},{"predicate":{"custom_model_data":55},"model":"modelengine:stolas_s2/leftleg_down"},{"predicate":{"custom_model_data":56},"model":"modelengine:stolas_s2/left_wing2"},{"predicate":{"custom_model_data":57},"model":"modelengine:stolas/leftleg_down"},{"predicate":{"custom_model_data":58},"model":"modelengine:stolas/left_wing2"},{"predicate":{"custom_model_data":59},"model":"modelengine:steel_raider/body"},{"predicate":{"custom_model_data":60},"model":"modelengine:stolas/s2_l3"},{"predicate":{"custom_model_data":61},"model":"modelengine:steel_raider/right_arm"},{"predicate":{"custom_model_data":62},"model":"modelengine:stolas/crown"},{"predicate":{"custom_model_data":63},"model":"modelengine:stolas_movestop/bone3"},{"predicate":{"custom_model_data":64},"model":"modelengine:stolas_s2/skill4_lore1"},{"predicate":{"custom_model_data":65},"model":"modelengine:stolas_s2/right_down"},{"predicate":{"custom_model_data":66},"model":"modelengine:stolas_s2/s2_l3"},{"predicate":{"custom_model_data":67},"model":"modelengine:stolas/left_mid"},{"predicate":{"custom_model_data":68},"model":"modelengine:stolas/bone"},{"predicate":{"custom_model_data":69},"model":"modelengine:stolas/leftleg"},{"predicate":{"custom_model_data":70},"model":"modelengine:stolas/left_wing"},{"predicate":{"custom_model_data":71},"model":"modelengine:steel_raider/left_leg2"},{"predicate":{"custom_model_data":72},"model":"modelengine:stolas_s2/skill1_4"},{"predicate":{"custom_model_data":73},"model":"modelengine:stolas/s2_l5"},{"predicate":{"custom_model_data":74},"model":"modelengine:steel_raider/right_leg2"},{"predicate":{"custom_model_data":75},"model":"modelengine:steel_raider/upper_part"},{"predicate":{"custom_model_data":76},"model":"modelengine:stolas_s2/rightarm"},{"predicate":{"custom_model_data":77},"model":"modelengine:stolas_s2/left_wing"},{"predicate":{"custom_model_data":78},"model":"modelengine:stolas/body"},{"predicate":{"custom_model_data":79},"model":"modelengine:steel_raider/left_leg"},{"predicate":{"custom_model_data":80},"model":"modelengine:stolas/right_mid"},{"predicate":{"custom_model_data":81},"model":"modelengine:stolas/bone14"},{"predicate":{"custom_model_data":82},"model":"modelengine:stolas/s2_l1"},{"predicate":{"custom_model_data":83},"model":"modelengine:stolas_s2_skill3_lore/bone"},{"predicate":{"custom_model_data":84},"model":"modelengine:stolas_s2_skill3_lore/bone2"},{"predicate":{"custom_model_data":85},"model":"modelengine:stolas/bone10"},{"predicate":{"custom_model_data":86},"model":"modelengine:stolas/left_wing3"},{"predicate":{"custom_model_data":87},"model":"modelengine:stolas/bone8"},{"predicate":{"custom_model_data":88},"model":"modelengine:steel_raider/hammer"},{"predicate":{"custom_model_data":89},"model":"modelengine:stolas/bone5"},{"predicate":{"custom_model_data":90},"model":"modelengine:steel_raider/left_arm"},{"predicate":{"custom_model_data":91},"model":"modelengine:steel_raider/left_hand"},{"predicate":{"custom_model_data":92},"model":"modelengine:stolas/rightarm"},{"predicate":{"custom_model_data":93},"model":"modelengine:stolas_s2/left_down"},{"predicate":{"custom_model_data":94},"model":"modelengine:stolas/left_down"},{"predicate":{"custom_model_data":95},"model":"modelengine:stolas_s2_skill3_lore2/all"},{"predicate":{"custom_model_data":96},"model":"modelengine:stolas_s2_skill3_lore2/bone"},{"predicate":{"custom_model_data":97},"model":"modelengine:stolas_s2_skill3_lore2/bone2"},{"predicate":{"custom_model_data":98},"model":"modelengine:stolas_s2_skill3_lore3/all"},{"predicate":{"custom_model_data":99},"model":"modelengine:stolas_s2_skill3_lore3/bone"},{"predicate":{"custom_model_data":100},"model":"modelengine:stolas_s2_skill3_lore3/bone2"},{"predicate":{"custom_model_data":101},"model":"modelengine:stolas_s2_skill4_lore/bone2"},{"predicate":{"custom_model_data":102},"model":"modelengine:stolas_s2_skill4_lore/bone"},{"predicate":{"custom_model_data":103},"model":"modelengine:stolas_s2_skill4_lore/bone3"},{"predicate":{"custom_model_data":104},"model":"modelengine:stolas_s2_skill4_lore/bone4"},{"predicate":{"custom_model_data":105},"model":"modelengine:stolas_skill1_lore/bone"},{"predicate":{"custom_model_data":106},"model":"modelengine:stolas_skill3_lore/bone"},{"predicate":{"custom_model_data":107},"model":"modelengine:stolas_skill4_lore/bone"},{"predicate":{"custom_model_data":108},"model":"modelengine:fallen_knight/right_leg"},{"predicate":{"custom_model_data":109},"model":"modelengine:fallen_knight/left_leg"},{"predicate":{"custom_model_data":110},"model":"modelengine:fallen_knight/hip"},{"predicate":{"custom_model_data":111},"model":"modelengine:fallen_knight/body_sword"},{"predicate":{"custom_model_data":112},"model":"modelengine:fallen_knight/right_shin"},{"predicate":{"custom_model_data":113},"model":"modelengine:fallen_knight/left_shin"},{"predicate":{"custom_model_data":114},"model":"modelengine:fallen_knight/chest"},{"predicate":{"custom_model_data":115},"model":"modelengine:fallen_knight/right_foot"},{"predicate":{"custom_model_data":116},"model":"modelengine:fallen_knight/left_foot"},{"predicate":{"custom_model_data":117},"model":"modelengine:fallen_knight/left_arm"},{"predicate":{"custom_model_data":118},"model":"modelengine:fallen_knight/right_arm"},{"predicate":{"custom_model_data":119},"model":"modelengine:fallen_knight/head"},{"predicate":{"custom_model_data":120},"model":"modelengine:fallen_knight/left_forearm"},{"predicate":{"custom_model_data":121},"model":"modelengine:fallen_knight/right_forearm"},{"predicate":{"custom_model_data":122},"model":"modelengine:fallen_knight/hand"},{"predicate":{"custom_model_data":123},"model":"modelengine:fallen_knight/sword"},{"predicate":{"custom_model_data":124},"model":"modelengine:fallen_knight2/right_leg"},{"predicate":{"custom_model_data":125},"model":"modelengine:fallen_knight2/left_leg"},{"predicate":{"custom_model_data":126},"model":"modelengine:fallen_knight2/hip"},{"predicate":{"custom_model_data":127},"model":"modelengine:fallen_knight2/body_sword"},{"predicate":{"custom_model_data":128},"model":"modelengine:fallen_knight2/right_shin"},{"predicate":{"custom_model_data":129},"model":"modelengine:fallen_knight2/left_shin"},{"predicate":{"custom_model_data":130},"model":"modelengine:fallen_knight2/chest"},{"predicate":{"custom_model_data":131},"model":"modelengine:fallen_knight2/right_foot"},{"predicate":{"custom_model_data":132},"model":"modelengine:fallen_knight2/left_foot"},{"predicate":{"custom_model_data":133},"model":"modelengine:fallen_knight2/left_arm"},{"predicate":{"custom_model_data":134},"model":"modelengine:fallen_knight2/right_arm"},{"predicate":{"custom_model_data":135},"model":"modelengine:fallen_knight2/head"},{"predicate":{"custom_model_data":136},"model":"modelengine:fallen_knight2/left_forearm"},{"predicate":{"custom_model_data":137},"model":"modelengine:fallen_knight2/right_forearm"},{"predicate":{"custom_model_data":138},"model":"modelengine:fallen_knight2/hand"},{"predicate":{"custom_model_data":139},"model":"modelengine:fallen_knight2/sword"},{"predicate":{"custom_model_data":140},"model":"modelengine:fallen_knight3/head"},{"predicate":{"custom_model_data":141},"model":"modelengine:fallen_knight3/left_shin"},{"predicate":{"custom_model_data":142},"model":"modelengine:fallen_knight3/right_forearm"},{"predicate":{"custom_model_data":143},"model":"modelengine:fallen_knight3/chest"},{"predicate":{"custom_model_data":144},"model":"modelengine:fallen_knight3/right_shin"},{"predicate":{"custom_model_data":145},"model":"modelengine:fallen_knight3/left_leg"},{"predicate":{"custom_model_data":146},"model":"modelengine:fallen_knight3/left_forearm"},{"predicate":{"custom_model_data":147},"model":"modelengine:fallen_knight3/right_leg"},{"predicate":{"custom_model_data":148},"model":"modelengine:fallen_knight3/hip"},{"predicate":{"custom_model_data":149},"model":"modelengine:fallen_knight3/left_foot"},{"predicate":{"custom_model_data":150},"model":"modelengine:fallen_knight3/hand"},{"predicate":{"custom_model_data":151},"model":"modelengine:fallen_knight3/right_arm"},{"predicate":{"custom_model_data":152},"model":"modelengine:fallen_knight3/left_arm"},{"predicate":{"custom_model_data":153},"model":"modelengine:fallen_knight3/right_foot"},{"predicate":{"custom_model_data":154},"model":"modelengine:fallen_knight3/body_sword"},{"predicate":{"custom_model_data":155},"model":"modelengine:fsoldier_fireexplosion/frame1"},{"predicate":{"custom_model_data":156},"model":"modelengine:soldier_fireblade/fb1"},{"predicate":{"custom_model_data":157},"model":"modelengine:soldier_thrustblade/fb1"},{"predicate":{"custom_model_data":158},"model":"modelengine:soldierplosion_reources/chipsum2"},{"predicate":{"custom_model_data":159},"model":"modelengine:soldierplosion_reources/chipsum1"},{"predicate":{"custom_model_data":160},"model":"modelengine:soldierplosion_reources/chipsum4"},{"predicate":{"custom_model_data":161},"model":"modelengine:soldierplosion_reources/chipsum3"},{"predicate":{"custom_model_data":162},"model":"modelengine:soldierplosion_reources/chipsum6"},{"predicate":{"custom_model_data":163},"model":"modelengine:soldierplosion_reources/chipsum5"},{"predicate":{"custom_model_data":164},"model":"modelengine:soldierplosion_reources/frame3"},{"predicate":{"custom_model_data":165},"model":"modelengine:soldierplosion_reources/frame4"},{"predicate":{"custom_model_data":166},"model":"modelengine:soldierplosion_reources/frame1"},{"predicate":{"custom_model_data":167},"model":"modelengine:soldierplosion_reources/frame2"},{"predicate":{"custom_model_data":168},"model":"modelengine:soldierplosion_reources/frame7"},{"predicate":{"custom_model_data":169},"model":"modelengine:soldierplosion_reources/frame8"},{"predicate":{"custom_model_data":170},"model":"modelengine:soldierplosion_reources/frame5"},{"predicate":{"custom_model_data":171},"model":"modelengine:soldierplosion_reources/frame6"},{"predicate":{"custom_model_data":172},"model":"modelengine:soldierplosion_reources/fbtr5"},{"predicate":{"custom_model_data":173},"model":"modelengine:soldierplosion_reources/fbtr10"},{"predicate":{"custom_model_data":174},"model":"modelengine:soldierplosion_reources/fbtr4"},{"predicate":{"custom_model_data":175},"model":"modelengine:soldierplosion_reources/fbtr3"},{"predicate":{"custom_model_data":176},"model":"modelengine:soldierplosion_reources/fbtr12"},{"predicate":{"custom_model_data":177},"model":"modelengine:soldierplosion_reources/fbtr2"},{"predicate":{"custom_model_data":178},"model":"modelengine:soldierplosion_reources/fbtr11"},{"predicate":{"custom_model_data":179},"model":"modelengine:soldierplosion_reources/fbtr9"},{"predicate":{"custom_model_data":180},"model":"modelengine:soldierplosion_reources/fbtr14"},{"predicate":{"custom_model_data":181},"model":"modelengine:soldierplosion_reources/fbtr8"},{"predicate":{"custom_model_data":182},"model":"modelengine:soldierplosion_reources/fbtr13"},{"predicate":{"custom_model_data":183},"model":"modelengine:soldierplosion_reources/fbtr7"},{"predicate":{"custom_model_data":184},"model":"modelengine:soldierplosion_reources/fbtr6"},{"predicate":{"custom_model_data":185},"model":"modelengine:soldierplosion_reources/fbtr1"},{"predicate":{"custom_model_data":186},"model":"modelengine:soldierplosion_reources/rsw13"},{"predicate":{"custom_model_data":187},"model":"modelengine:soldierplosion_reources/rsw14"},{"predicate":{"custom_model_data":188},"model":"modelengine:soldierplosion_reources/rsw3"},{"predicate":{"custom_model_data":189},"model":"modelengine:soldierplosion_reources/rsw2"},{"predicate":{"custom_model_data":190},"model":"modelengine:soldierplosion_reources/rsw10"},{"predicate":{"custom_model_data":191},"model":"modelengine:soldierplosion_reources/rsw5"},{"predicate":{"custom_model_data":192},"model":"modelengine:soldierplosion_reources/rsw11"},{"predicate":{"custom_model_data":193},"model":"modelengine:soldierplosion_reources/rsw4"},{"predicate":{"custom_model_data":194},"model":"modelengine:soldierplosion_reources/rsw12"},{"predicate":{"custom_model_data":195},"model":"modelengine:soldierplosion_reources/rsw1"},{"predicate":{"custom_model_data":196},"model":"modelengine:soldierplosion_reources/rsw7"},{"predicate":{"custom_model_data":197},"model":"modelengine:soldierplosion_reources/rsw6"},{"predicate":{"custom_model_data":198},"model":"modelengine:soldierplosion_reources/rsw9"},{"predicate":{"custom_model_data":199},"model":"modelengine:soldierplosion_reources/rsw8"},{"predicate":{"custom_model_data":200},"model":"modelengine:soldierplosion_reources/fb19"},{"predicate":{"custom_model_data":201},"model":"modelengine:soldierplosion_reources/fb18"},{"predicate":{"custom_model_data":202},"model":"modelengine:soldierplosion_reources/fb17"},{"predicate":{"custom_model_data":203},"model":"modelengine:soldierplosion_reources/fb16"},{"predicate":{"custom_model_data":204},"model":"modelengine:soldierplosion_reources/fb15"},{"predicate":{"custom_model_data":205},"model":"modelengine:soldierplosion_reources/fb14"},{"predicate":{"custom_model_data":206},"model":"modelengine:soldierplosion_reources/fb13"},{"predicate":{"custom_model_data":207},"model":"modelengine:soldierplosion_reources/fb12"},{"predicate":{"custom_model_data":208},"model":"modelengine:soldierplosion_reources/fb11"},{"predicate":{"custom_model_data":209},"model":"modelengine:soldierplosion_reources/fb1"},{"predicate":{"custom_model_data":210},"model":"modelengine:soldierplosion_reources/fb10"},{"predicate":{"custom_model_data":211},"model":"modelengine:soldierplosion_reources/fb20"},{"predicate":{"custom_model_data":212},"model":"modelengine:soldierplosion_reources/fb3"},{"predicate":{"custom_model_data":213},"model":"modelengine:soldierplosion_reources/fb2"},{"predicate":{"custom_model_data":214},"model":"modelengine:soldierplosion_reources/fb5"},{"predicate":{"custom_model_data":215},"model":"modelengine:soldierplosion_reources/fb4"},{"predicate":{"custom_model_data":216},"model":"modelengine:soldierplosion_reources/fb7"},{"predicate":{"custom_model_data":217},"model":"modelengine:soldierplosion_reources/fb6"},{"predicate":{"custom_model_data":218},"model":"modelengine:soldierplosion_reources/fb9"},{"predicate":{"custom_model_data":219},"model":"modelengine:soldierplosion_reources/fb8"},{"predicate":{"custom_model_data":220},"model":"modelengine:soldierplosion_reources/explosionb4"},{"predicate":{"custom_model_data":221},"model":"modelengine:soldierplosion_reources/explosionb3"},{"predicate":{"custom_model_data":222},"model":"modelengine:soldierplosion_reources/explosionb2"},{"predicate":{"custom_model_data":223},"model":"modelengine:soldierplosion_reources/explosionb1"},{"predicate":{"custom_model_data":224},"model":"modelengine:soldierplosion_reources/explosionb8"},{"predicate":{"custom_model_data":225},"model":"modelengine:soldierplosion_reources/explosionb11"},{"predicate":{"custom_model_data":226},"model":"modelengine:soldierplosion_reources/explosionb7"},{"predicate":{"custom_model_data":227},"model":"modelengine:soldierplosion_reources/explosionb10"},{"predicate":{"custom_model_data":228},"model":"modelengine:soldierplosion_reources/explosionb6"},{"predicate":{"custom_model_data":229},"model":"modelengine:soldierplosion_reources/explosionb5"},{"predicate":{"custom_model_data":230},"model":"modelengine:soldierplosion_reources/explosionb12"},{"predicate":{"custom_model_data":231},"model":"modelengine:soldierplosion_reources/explosionb9"},{"predicate":{"custom_model_data":232},"model":"modelengine:statue_knighta/core"}],"parent":"minecraft:item/generated","textures":{"layer0":"minecraft:item/leather_horse_armor"}}