{
  "parent": "minecraft:item/generated",
  "textures": {
    "layer0": "minecraft:item/potion_overlay",
	"layer1": "minecraft:item/potion"
  },
  "overrides": [
    {
      "predicate": {
        "custom_model_data": 4
      },
      "model": "minecraft:item/haste_potion"
    },
	{
      "predicate": {
        "custom_model_data": 31
      },
      "model": "minecraft:item/3tier/potions/parry_potion"
    },
	{
      "predicate": {
        "custom_model_data": 32
      },
      "model": "minecraft:item/3tier/potions/parry_power_potion"
    }
  ]
}