{
	"credit": "Made with Blockbench",
	"texture_size": [8, 8],
	"textures": {
		"1": "item/soulsickle/reapstratgh",
		"2": "item/soulsickle/goldstf1",
		"5": "item/soulsickle/texture21bbt",
		"6": "item/soulsickle/texture212"
	},
	"elements": [
		{
			"name": "Рукоять",
			"from": [8.5, 1.5, 8.45],
			"to": [7.5, 21.5, 7.55],
			"rotation": {"angle": 0, "axis": "y", "origin": [8, 9.5, 8]},
			"faces": {
				"north": {"uv": [0, 0, 1.5, 16], "texture": "#1"},
				"east": {"uv": [1.5, 0, 3, 16], "texture": "#1"},
				"south": {"uv": [3, 0, 4.5, 16], "texture": "#1"},
				"west": {"uv": [4.5, 0, 6, 16], "texture": "#1"},
				"up": {"uv": [8.25, 2.25, 6, 0], "texture": "#1"},
				"down": {"uv": [6.5, 2.5, 6, 3], "texture": "#1"}
			}
		},
		{
			"name": "Гард1",
			"from": [7.25, 0.25, 7.25],
			"to": [8.75, 1.75, 8.75],
			"rotation": {"angle": -45, "axis": "z", "origin": [8, 1, 8]},
			"faces": {
				"north": {"uv": [11, 7, 16, 12], "texture": "#2"},
				"east": {"uv": [11, 7, 16, 12], "texture": "#2"},
				"south": {"uv": [11, 7, 16, 12], "texture": "#2"},
				"west": {"uv": [11, 7, 16, 12], "texture": "#2"},
				"up": {"uv": [11, 7, 16, 12], "texture": "#2"},
				"down": {"uv": [11, 7, 16, 12], "texture": "#2"}
			}
		},
		{
			"name": "Гард2",
			"from": [7.3, 1.3, 7.3],
			"to": [8.7, 2.6, 8.7],
			"faces": {
				"north": {"uv": [0, 0, 4.5, 8.5], "texture": "#2"},
				"east": {"uv": [0, 0, 4.5, 8.5], "texture": "#2"},
				"south": {"uv": [0, 0, 4.5, 8.5], "texture": "#2"},
				"west": {"uv": [0, 0, 4.5, 8.5], "texture": "#2"},
				"up": {"uv": [0, 0, 4.5, 8.5], "texture": "#2"},
				"down": {"uv": [16, 12, 12, 16], "texture": "#2"}
			}
		},
		{
			"name": "Гард3",
			"from": [7.2, 2.575, 7.2],
			"to": [8.8, 2.975, 8.8],
			"faces": {
				"north": {"uv": [0, 2, 4.5, 3.5], "texture": "#2"},
				"east": {"uv": [0, 4, 4.5, 5.5], "texture": "#2"},
				"south": {"uv": [0, 0, 4.5, 1.5], "texture": "#2"},
				"west": {"uv": [0, 6, 4.5, 7.5], "texture": "#2"},
				"up": {"uv": [15.5, 15, 12, 12], "texture": "#2"},
				"down": {"uv": [16, 12, 12, 16], "texture": "#2"}
			}
		},
		{
			"name": "Гард4",
			"from": [7.3, 2.975, 7.3],
			"to": [8.7, 3.375, 8.7],
			"faces": {
				"north": {"uv": [0, 2, 4.5, 3.5], "texture": "#2"},
				"east": {"uv": [0, 4, 4.5, 5.5], "texture": "#2"},
				"south": {"uv": [0, 0, 4.5, 1.5], "texture": "#2"},
				"west": {"uv": [0, 6, 4.5, 7.5], "texture": "#2"},
				"up": {"uv": [15.5, 15, 12, 12], "texture": "#2"},
				"down": {"uv": [16, 12, 12, 16], "texture": "#2"}
			}
		},
		{
			"name": "Держательниз1",
			"from": [7.35, 5, 7.3],
			"to": [8.65, 7, 8.7],
			"faces": {
				"north": {"uv": [0, 0, 5, 9], "texture": "#2"},
				"east": {"uv": [0, 0, 5, 9], "texture": "#2"},
				"south": {"uv": [0, 0, 5, 9], "texture": "#2"},
				"west": {"uv": [0, 0, 5, 9], "texture": "#2"},
				"up": {"uv": [16, 16, 12, 12], "texture": "#2"},
				"down": {"uv": [16, 8, 12, 12], "texture": "#2"}
			}
		},
		{
			"name": "Держательниз2",
			"from": [7.4, 4.85, 7.35],
			"to": [8.6, 7.15, 8.65],
			"faces": {
				"north": {"uv": [8, 8, 10, 13], "texture": "#2"},
				"east": {"uv": [0, 0, 3, 5], "texture": "#2"},
				"south": {"uv": [0, 10, 2, 15], "texture": "#2"},
				"west": {"uv": [4, 0, 7, 5], "texture": "#2"},
				"up": {"uv": [8, 13, 6, 10], "texture": "#2"},
				"down": {"uv": [14, 0, 12, 3], "texture": "#2"}
			}
		},
		{
			"name": "Держательверх1",
			"from": [7.35, 16, 7.3],
			"to": [8.65, 18.4, 8.7],
			"faces": {
				"north": {"uv": [0, 0, 5, 8], "texture": "#2"},
				"east": {"uv": [0, 0, 5, 8], "texture": "#2"},
				"south": {"uv": [0, 0, 5, 8], "texture": "#2"},
				"west": {"uv": [0, 0, 5, 8], "texture": "#2"},
				"up": {"uv": [5, 13, 0, 8], "texture": "#2"},
				"down": {"uv": [5, 8, 0, 13], "texture": "#2"}
			}
		},
		{
			"name": "Держательверх2",
			"from": [7.2, 16.15, 7.15],
			"to": [8.8, 16.45, 8.85],
			"rotation": {"angle": 0, "axis": "y", "origin": [8, 15, 8]},
			"faces": {
				"north": {"uv": [12, 9, 16, 10], "texture": "#2"},
				"east": {"uv": [12, 10, 16, 11], "texture": "#2"},
				"south": {"uv": [12, 8, 16, 9], "texture": "#2"},
				"west": {"uv": [12, 11, 16, 12], "texture": "#2"},
				"up": {"uv": [16, 16, 12, 12], "texture": "#2"},
				"down": {"uv": [16, 12, 12, 16], "texture": "#2"}
			}
		},
		{
			"name": "Держательверх3",
			"from": [7.3, 15.475, 7.25],
			"to": [8.7, 15.7, 8.75],
			"rotation": {"angle": 0, "axis": "y", "origin": [8, 15, 8]},
			"faces": {
				"north": {"uv": [12, 9, 16, 10], "texture": "#2"},
				"east": {"uv": [12, 10, 16, 11], "texture": "#2"},
				"south": {"uv": [12, 8, 16, 9], "texture": "#2"},
				"west": {"uv": [12, 11, 16, 12], "texture": "#2"},
				"up": {"uv": [16, 16, 12, 12], "texture": "#2"},
				"down": {"uv": [16, 12, 12, 16], "texture": "#2"}
			}
		},
		{
			"name": "Гарда1",
			"from": [8.20343, 18.075, 7.2],
			"to": [10.30343, 20.275, 8.65],
			"rotation": {"angle": 45, "axis": "z", "origin": [9.82843, 18.7, 8]},
			"faces": {
				"north": {"uv": [0, 0, 5, 8], "texture": "#2"},
				"east": {"uv": [0, 0, 5, 8], "texture": "#2"},
				"south": {"uv": [0, 0, 5, 8], "texture": "#2"},
				"west": {"uv": [0, 0, 5, 8], "texture": "#2"},
				"up": {"uv": [5, 13, 0, 8], "texture": "#2"},
				"down": {"uv": [5, 8, 0, 13], "texture": "#2"}
			}
		},
		{
			"name": "Гарда2",
			"from": [5.95, 17.6, 7.4],
			"to": [8.05, 19.8, 8.65],
			"rotation": {"angle": 45, "axis": "z", "origin": [7, 18.7, 8]},
			"faces": {
				"north": {"uv": [0, 0, 5, 8], "texture": "#2"},
				"east": {"uv": [0, 0, 5, 8], "texture": "#2"},
				"south": {"uv": [0, 0, 5, 8], "texture": "#2"},
				"west": {"uv": [0, 0, 5, 8], "texture": "#2"},
				"up": {"uv": [5, 13, 0, 8], "texture": "#2"},
				"down": {"uv": [5, 8, 0, 13], "texture": "#2"}
			}
		},
		{
			"name": "Гарда3",
			"from": [6.45, 18, 7.1],
			"to": [9.55, 20.975, 9],
			"rotation": {"angle": 0, "axis": "y", "origin": [7, 18.7, 8]},
			"faces": {
				"north": {"uv": [0, 0, 10, 10], "texture": "#2"},
				"east": {"uv": [0, 0, 10, 10], "texture": "#2"},
				"south": {"uv": [0, 0, 10, 10], "texture": "#2"},
				"west": {"uv": [0, 0, 10, 10], "texture": "#2"},
				"up": {"uv": [0, 0, 10, 10], "texture": "#2"},
				"down": {"uv": [0, 0, 10, 10], "texture": "#2"}
			}
		},
		{
			"name": "Гарда4",
			"from": [6.6, 19.35, 6.775],
			"to": [7.9, 20.65, 9.275],
			"rotation": {"angle": -45, "axis": "z", "origin": [7, 18.7, 8]},
			"faces": {
				"north": {"uv": [11, 7, 16, 12], "texture": "#2"},
				"east": {"uv": [11, 7, 16, 12], "texture": "#2"},
				"south": {"uv": [11, 7, 16, 12], "texture": "#2"},
				"west": {"uv": [11, 7, 16, 12], "texture": "#2"},
				"up": {"uv": [11, 7, 16, 12], "texture": "#2"},
				"down": {"uv": [11, 7, 16, 12], "texture": "#2"}
			}
		},
		{
			"name": "Гарда5",
			"from": [9.3, 18.875, 7.6],
			"to": [11.6, 20.225, 8.4],
			"rotation": {"angle": -22.5, "axis": "z", "origin": [10.35, 19.925, 8]},
			"faces": {
				"north": {"uv": [3.5, 0.25, 0, 2.75], "texture": "#5"},
				"east": {"uv": [3.5, 0.25, 0, 2.75], "texture": "#5"},
				"south": {"uv": [3.5, 0.25, 0, 2.75], "texture": "#5"},
				"west": {"uv": [3.5, 0.25, 0, 2.75], "texture": "#5"},
				"up": {"uv": [3.5, 0.25, 0, 2.75], "texture": "#5"},
				"down": {"uv": [3.5, 0.25, 0, 2.75], "texture": "#5"}
			}
		},
		{
			"name": "Гарда6",
			"from": [11.1, 18.375, 7.3],
			"to": [12.9, 19.725, 8.7],
			"rotation": {"angle": -22.5, "axis": "z", "origin": [10.35, 19.925, 8]},
			"faces": {
				"north": {"uv": [3.5, 0.25, 0, 2.75], "texture": "#5"},
				"east": {"uv": [3.5, 0.25, 0, 2.75], "texture": "#5"},
				"south": {"uv": [3.5, 0.25, 0, 2.75], "texture": "#5"},
				"west": {"uv": [3.5, 0.25, 0, 2.75], "texture": "#5"},
				"up": {"uv": [3.5, 0.25, 0, 2.75], "texture": "#5"},
				"down": {"uv": [3.5, 0.25, 0, 2.75], "texture": "#5"}
			}
		},
		{
			"name": "Лезвие 1",
			"from": [4.35, 19.2, 7.4],
			"to": [6.475, 20.6, 8.6],
			"rotation": {"angle": 0, "axis": "y", "origin": [7, 18.7, 8]},
			"faces": {
				"north": {"uv": [0, 0, 5.75, 3.75], "texture": "#5"},
				"east": {"uv": [12.25, 0, 16, 3.75], "texture": "#5"},
				"south": {"uv": [0, 0, 5.75, 3.75], "texture": "#5"},
				"west": {"uv": [12.25, 0, 16, 3.75], "texture": "#5"},
				"up": {"uv": [5.75, 6, 0, 3.75], "texture": "#5"},
				"down": {"uv": [5.75, 3.75, 0, 6], "texture": "#5"}
			}
		},
		{
			"name": "Лезвие 2",
			"from": [3.1, 20.075, 7.6],
			"to": [5.3, 21.475, 8.4],
			"rotation": {"angle": 22.5, "axis": "z", "origin": [7, 18.7, 8]},
			"faces": {
				"north": {"uv": [0, 0, 5.75, 3.75], "texture": "#5"},
				"east": {"uv": [12.25, 0, 16, 3.75], "texture": "#5"},
				"south": {"uv": [0, 0, 5.75, 3.75], "texture": "#5"},
				"west": {"uv": [12.25, 0, 16, 3.75], "texture": "#5"},
				"up": {"uv": [5.75, 6, 0, 3.75], "texture": "#5"},
				"down": {"uv": [5.75, 3.75, 0, 6], "texture": "#5"}
			}
		},
		{
			"name": "Лезвие 3",
			"from": [0.9, 20.375, 7.8],
			"to": [3.1, 21.475, 8.2],
			"rotation": {"angle": 22.5, "axis": "z", "origin": [7, 18.7, 8]},
			"faces": {
				"north": {"uv": [0, 0, 5.75, 3.75], "texture": "#5"},
				"east": {"uv": [12.25, 0, 16, 3.75], "texture": "#5"},
				"south": {"uv": [0, 0, 5.75, 3.75], "texture": "#5"},
				"west": {"uv": [12.25, 0, 16, 3.75], "texture": "#5"},
				"up": {"uv": [5.75, 6, 0, 3.75], "texture": "#5"},
				"down": {"uv": [5.75, 3.75, 0, 6], "texture": "#5"}
			}
		},
		{
			"name": "Лезвие 4",
			"from": [-0.89125, 17.46697, 7.9],
			"to": [0.50875, 18.26697, 8.1],
			"rotation": {"angle": 45, "axis": "z", "origin": [-0.19125, 18.29197, 8]},
			"faces": {
				"north": {"uv": [0, 0, 4.5, 2], "texture": "#5"},
				"east": {"uv": [12.25, 0, 14.75, 2], "texture": "#5"},
				"south": {"uv": [0, 0, 4.5, 2], "texture": "#5"},
				"west": {"uv": [12.25, 0, 14.75, 2], "texture": "#5"},
				"up": {"uv": [4.5, 4.25, 0, 3.75], "texture": "#5"},
				"down": {"uv": [4.5, 3.75, 0, 4.25], "texture": "#5"}
			}
		},
		{
			"name": "Режущее1",
			"from": [-0.89125, 16.96697, 8.025],
			"to": [0.20875, 17.46697, 8.05],
			"rotation": {"angle": 45, "axis": "z", "origin": [-0.19125, 18.29197, 8]},
			"faces": {
				"north": {"uv": [6, 2, 8, 3], "texture": "#6"},
				"east": {"uv": [0, 0, 0, 1], "texture": "#6"},
				"south": {"uv": [6, 2, 8, 3], "texture": "#6"},
				"west": {"uv": [0, 0, 0, 1], "texture": "#6"},
				"up": {"uv": [2, 0, 0, 0], "texture": "#6"},
				"down": {"uv": [2, 0, 0, 0], "texture": "#6"}
			}
		},
		{
			"name": "Режущее2",
			"from": [0.66993, 17.63287, 8],
			"to": [2.86993, 18.13287, 8.025],
			"rotation": {"angle": 22.5, "axis": "z", "origin": [1.16993, 18.13287, 8]},
			"faces": {
				"north": {"uv": [0, 0, 5.5, 2], "texture": "#6"},
				"east": {"uv": [0, 0, 0, 1], "texture": "#6"},
				"south": {"uv": [3, 0, 7.5, 1], "texture": "#6"},
				"west": {"uv": [0, 0, 0, 1], "texture": "#6"},
				"up": {"uv": [4.5, 0, 0, 0], "texture": "#6"},
				"down": {"uv": [4.5, 0, 0, 0], "texture": "#6"}
			}
		},
		{
			"name": "Режущее3",
			"from": [2.84493, 17.38287, 7.975],
			"to": [4.49493, 17.88287, 8],
			"rotation": {"angle": 22.5, "axis": "z", "origin": [1.16993, 18.13287, 8]},
			"faces": {
				"north": {"uv": [0, 0, 6, 2], "texture": "#6"},
				"east": {"uv": [0, 0, 0, 1], "texture": "#6"},
				"south": {"uv": [1.5, 0, 5, 1], "texture": "#6"},
				"west": {"uv": [0, 0, 0, 1], "texture": "#6"},
				"up": {"uv": [3.5, 0, 0, 0], "texture": "#6"},
				"down": {"uv": [3.5, 0, 0, 0], "texture": "#6"}
			}
		},
		{
			"name": "Режущее4",
			"from": [4.39406, 18.6872, 8],
			"to": [6.04406, 19.1872, 8.025],
			"rotation": {"angle": 0, "axis": "y", "origin": [3.69406, 18.6372, 8]},
			"faces": {
				"north": {"uv": [0, 0, 6, 2], "texture": "#6"},
				"east": {"uv": [0, 0, 0, 1], "texture": "#6"},
				"south": {"uv": [6, 0, 9.5, 1], "texture": "#6"},
				"west": {"uv": [0, 0, 0, 1], "texture": "#6"},
				"up": {"uv": [3.5, 0, 0, 0], "texture": "#6"},
				"down": {"uv": [3.5, 0, 0, 0], "texture": "#6"}
			}
		}
	],
	"display": {
		"thirdperson_righthand": {
			"rotation": [0, -89, 0],
			"translation": [0, -5.25, 0],
			"scale": [1.4, 1.4, 1.4]
		},
		"thirdperson_lefthand": {
			"rotation": [67, 1, -31],
			"translation": [-7.25, -8.25, 5],
			"scale": [1.5, 1.5, 1.5]
		},
		"firstperson_righthand": {
			"rotation": [-8, -87, 0],
			"translation": [3.75, -3, 0]
		},
		"firstperson_lefthand": {
			"rotation": [-16.93, 80.57, 17.85],
			"translation": [3.75, -3, 0]
		},
		"ground": {
			"translation": [0, 1, 0]
		},
		"gui": {
			"rotation": [0, 0, 44],
			"translation": [2.75, -1.75, 0],
			"scale": [0.8, 0.8, 0.8]
		},
		"head": {
			"rotation": [0, -37, 112],
			"translation": [5.5, 15.75, 4.5]
		},
		"fixed": {
			"rotation": [29, 88.5, 0],
			"translation": [-0.25, -6.5, -13],
			"scale": [1.5, 1.5, 1.5]
		}
	},
	"groups": [
		0,
		{
			"name": "Гарданиз",
			"origin": [0, 0, 0],
			"color": 0,
			"nbt": "{}",
			"children": [1, 2, 3, 4]
		},
		{
			"name": "Держатель низ",
			"origin": [0, 0, 0],
			"color": 0,
			"nbt": "{}",
			"children": [5, 6]
		},
		{
			"name": "Держатель верх",
			"origin": [0, 0, 0],
			"color": 0,
			"nbt": "{}",
			"children": [7, 8, 9]
		},
		{
			"name": "Гардаверх",
			"origin": [0, 0, 0],
			"color": 0,
			"nbt": "{}",
			"children": [10, 11, 12, 13, 14, 15]
		},
		{
			"name": "Лезвие",
			"origin": [8, 8, 8],
			"color": 0,
			"nbt": "{}",
			"children": [16, 17, 18, 19]
		},
		{
			"name": "Режущее прозрачное",
			"origin": [8, 8, 8],
			"color": 0,
			"nbt": "{}",
			"children": [20, 21, 22, 23]
		}
	]
}