{
	"credit": "Made with Blockbench",
	"texture_size": [32, 32],
	"textures": {
		"0": "item/souldbook2/boooknew2_anim13",
		"1": "item/souldbook2/13_2anim",
		"2": "item/firebook/firepages11",
		"3": "item/souldbook2/kravedz",
		"particle": "item/souldbook2/boooknew2_anim13"
	},
	"elements": [
		{
			"name": "Обложка",
			"from": [5.5, 4, 7],
			"to": [10.5, 12, 9],
			"rotation": {"angle": 0, "axis": "y", "origin": [9.125, 4, 8]},
			"faces": {
				"north": {"uv": [2, 0, 9, 10.5], "texture": "#0"},
				"east": {"uv": [5.5, 14, 16, 12], "rotation": 270, "texture": "#0"},
				"south": {"uv": [9, 0, 16, 10.5], "texture": "#0"},
				"west": {"uv": [0, 10.5, 5.5, 12.5], "rotation": 90, "texture": "#0"},
				"up": {"uv": [0, 14, 8, 16], "rotation": 180, "texture": "#0"},
				"down": {"uv": [8, 14, 16, 16], "texture": "#0"}
			}
		},
		{
			"name": "Листы",
			"from": [6, 4.2, 7.5],
			"to": [10, 11.8, 8.5],
			"rotation": {"angle": 0, "axis": "y", "origin": [9.125, 4, 8]},
			"faces": {
				"east": {"uv": [13.5, 0, 16, 16], "texture": "#2"},
				"south": {"uv": [4, 0, 4, 0], "texture": "#2"},
				"west": {"uv": [13.5, 0, 16, 16], "texture": "#2"},
				"up": {"uv": [11, 16, 0, 14], "texture": "#2"},
				"down": {"uv": [11, 12, 0, 14], "texture": "#2"}
			}
		},
		{
			"name": "Внутрь1",
			"from": [5.5, 4, 7],
			"to": [10.5, 12, 7.5],
			"rotation": {"angle": 0, "axis": "y", "origin": [9.125, 4, 8]},
			"faces": {
				"south": {"uv": [0, 0, 2.5, 4], "texture": "#2"}
			}
		},
		{
			"name": "Внутрь2",
			"from": [10, 4, 7],
			"to": [10.5, 12, 9],
			"rotation": {"angle": 0, "axis": "y", "origin": [9.125, 4, 8]},
			"faces": {
				"west": {"uv": [0, 0, 1, 4], "texture": "#2", "cullface": "up"},
				"up": {"uv": [0, 0, 1, 0.5], "texture": "#2"}
			}
		},
		{
			"name": "Внутрь3",
			"from": [5.5, 4, 8.5],
			"to": [10.5, 12, 9],
			"rotation": {"angle": 0, "axis": "y", "origin": [9.125, 4, 8]},
			"faces": {
				"north": {"uv": [3.5, 0, 6, 4], "texture": "#2"}
			}
		},
		{
			"name": "Анимация",
			"from": [5, 3, 6.5],
			"to": [11, 13, 9.5],
			"faces": {
				"north": {"uv": [16, 0, 10.5, 8], "rotation": 180, "texture": "#1"},
				"east": {"uv": [7.5, 0, 10.5, 8], "texture": "#1"},
				"south": {"uv": [10.5, 0, 16, 8], "texture": "#1"},
				"west": {"uv": [10.5, 0, 7.5, 8], "rotation": 180, "texture": "#1"},
				"up": {"uv": [10.5, 16, 16, 13], "rotation": 180, "texture": "#1", "cullface": "up"},
				"down": {"uv": [16, 13, 10.5, 16], "texture": "#1"}
			}
		},
		{
			"name": "корешок горизонталь1",
			"from": [10.9, 9.1, 7.3],
			"to": [11, 9.9, 8.725],
			"faces": {
				"north": {"uv": [13, 0, 16, 2.5], "texture": "#3"},
				"east": {"uv": [13, 0, 16, 2.5], "texture": "#3"},
				"south": {"uv": [13, 0, 16, 2.5], "texture": "#3"},
				"west": {"uv": [13, 0, 16, 2.5], "texture": "#3"},
				"up": {"uv": [13, 0, 16, 2.5], "texture": "#3"},
				"down": {"uv": [13, 0, 16, 2.5], "texture": "#3"}
			}
		},
		{
			"name": "корешок горизонталь2",
			"from": [10.8, 9.1, 7.1],
			"to": [10.9, 9.9, 8.9],
			"faces": {
				"north": {"uv": [13, 0, 16, 2.5], "texture": "#3"},
				"east": {"uv": [13, 0, 16, 2.5], "texture": "#3"},
				"south": {"uv": [13, 0, 16, 2.5], "texture": "#3"},
				"west": {"uv": [13, 0, 16, 2.5], "texture": "#3"},
				"up": {"uv": [13, 0, 16, 2.5], "texture": "#3"},
				"down": {"uv": [13, 0, 16, 2.5], "texture": "#3"}
			}
		},
		{
			"name": "корешок горизонталь3",
			"from": [10.5, 9.1, 7],
			"to": [10.8, 9.9, 9],
			"faces": {
				"north": {"uv": [13, 0, 16, 2.5], "texture": "#3"},
				"east": {"uv": [13, 0, 16, 2.5], "texture": "#3"},
				"south": {"uv": [13, 0, 16, 2.5], "texture": "#3"},
				"west": {"uv": [13, 0, 16, 2.5], "texture": "#3"},
				"up": {"uv": [13, 0, 16, 2.5], "texture": "#3"},
				"down": {"uv": [13, 0, 16, 2.5], "texture": "#3"}
			}
		},
		{
			"name": "корешок горизонталь4",
			"from": [10.5, 6.1, 7],
			"to": [10.8, 6.9, 9],
			"faces": {
				"north": {"uv": [13, 0, 16, 2.5], "texture": "#3"},
				"east": {"uv": [13, 0, 16, 2.5], "texture": "#3"},
				"south": {"uv": [13, 0, 16, 2.5], "texture": "#3"},
				"west": {"uv": [13, 0, 16, 2.5], "texture": "#3"},
				"up": {"uv": [13, 0, 16, 2.5], "texture": "#3"},
				"down": {"uv": [13, 0, 16, 2.5], "texture": "#3"}
			}
		},
		{
			"name": "корешок горизонталь5",
			"from": [10.8, 6.1, 7.1],
			"to": [10.9, 6.9, 8.9],
			"faces": {
				"north": {"uv": [13, 0, 16, 2.5], "texture": "#3"},
				"east": {"uv": [13, 0, 16, 2.5], "texture": "#3"},
				"south": {"uv": [13, 0, 16, 2.5], "texture": "#3"},
				"west": {"uv": [13, 0, 16, 2.5], "texture": "#3"},
				"up": {"uv": [13, 0, 16, 2.5], "texture": "#3"},
				"down": {"uv": [13, 0, 16, 2.5], "texture": "#3"}
			}
		},
		{
			"name": "корешок горизонталь6",
			"from": [10.9, 6.1, 7.3],
			"to": [11, 6.9, 8.725],
			"faces": {
				"north": {"uv": [13, 0, 16, 2.5], "texture": "#3"},
				"east": {"uv": [13, 0, 16, 2.5], "texture": "#3"},
				"south": {"uv": [13, 0, 16, 2.5], "texture": "#3"},
				"west": {"uv": [13, 0, 16, 2.5], "texture": "#3"},
				"up": {"uv": [13, 0, 16, 2.5], "texture": "#3"},
				"down": {"uv": [13, 0, 16, 2.5], "texture": "#3"}
			}
		},
		{
			"name": "корешок",
			"from": [10.5, 4, 7.1],
			"to": [10.75, 12, 8.9],
			"faces": {
				"north": {"uv": [5.5, 0, 7.55, 10.5], "texture": "#0"},
				"east": {"uv": [5.5, 0, 7.7, 10.5], "texture": "#0"},
				"south": {"uv": [5.5, 0, 7.55, 10.5], "texture": "#0"},
				"west": {"uv": [5.5, 0, 8.2, 10.5], "texture": "#0"},
				"up": {"uv": [5.5, 0, 7.55, 7.2], "texture": "#0"},
				"down": {"uv": [5.5, 0, 7.55, 7.2], "texture": "#0"}
			}
		},
		{
			"name": "корешок",
			"from": [10.75, 4, 7.2],
			"to": [10.85, 12, 8.8],
			"faces": {
				"north": {"uv": [5.5, 0, 7.55, 10.5], "texture": "#0"},
				"east": {"uv": [5.5, 0, 7.7, 10.5], "texture": "#0"},
				"south": {"uv": [5.5, 0, 7.55, 10.5], "texture": "#0"},
				"west": {"uv": [5.5, 0, 8.2, 10.5], "texture": "#0"},
				"up": {"uv": [5.5, 0, 7.55, 7.2], "texture": "#0"},
				"down": {"uv": [5.5, 0, 7.55, 7.2], "texture": "#0"}
			}
		},
		{
			"name": "корешок",
			"from": [10.825, 4, 7.3],
			"to": [10.925, 12, 8.7],
			"faces": {
				"north": {"uv": [5.5, 0, 7.55, 10.5], "texture": "#0"},
				"east": {"uv": [5.5, 0, 7.7, 10.5], "texture": "#0"},
				"south": {"uv": [5.5, 0, 7.55, 10.5], "texture": "#0"},
				"west": {"uv": [5.5, 0, 8.2, 10.5], "texture": "#0"},
				"up": {"uv": [5.5, 0, 7.55, 7.2], "texture": "#0"},
				"down": {"uv": [5.5, 0, 7.55, 7.2], "texture": "#0"}
			}
		},
		{
			"name": "Нижний1",
			"from": [5.425, 3.925, 6.925],
			"to": [7.25, 4.4, 7.475],
			"rotation": {"angle": 0, "axis": "y", "origin": [6.0875, 11.5125, 8]},
			"faces": {
				"north": {"uv": [12, 0, 16, 2.5], "texture": "#3"},
				"east": {"uv": [12, 0, 16, 2.5], "texture": "#3"},
				"south": {"uv": [12, 0, 16, 2.5], "texture": "#3"},
				"west": {"uv": [12, 0, 16, 2.5], "texture": "#3"},
				"up": {"uv": [12, 0, 16, 2.5], "texture": "#3"},
				"down": {"uv": [12, 0, 16, 2.5], "texture": "#3"}
			}
		},
		{
			"name": "Нижний2",
			"from": [5.4375, 4.3875, 6.925],
			"to": [5.8375, 5.8375, 7.475],
			"rotation": {"angle": 0, "axis": "y", "origin": [6.0875, 11.5125, 8]},
			"faces": {
				"north": {"uv": [12, 0, 16, 2.5], "texture": "#3"},
				"east": {"uv": [12, 0, 16, 2.5], "texture": "#3"},
				"south": {"uv": [12, 0, 16, 2.5], "texture": "#3"},
				"west": {"uv": [12, 0, 16, 2.5], "texture": "#3"},
				"up": {"uv": [12, 0, 16, 2.5], "texture": "#3"},
				"down": {"uv": [12, 0, 16, 2.5], "texture": "#3"}
			}
		},
		{
			"name": "Нижний3",
			"from": [5.425, 3.925, 8.525],
			"to": [7.25, 4.4, 9.075],
			"rotation": {"angle": 0, "axis": "y", "origin": [6.0875, 11.5125, 8]},
			"faces": {
				"north": {"uv": [12, 0, 16, 2.5], "texture": "#3"},
				"east": {"uv": [12, 0, 16, 2.5], "texture": "#3"},
				"south": {"uv": [12, 0, 16, 2.5], "texture": "#3"},
				"west": {"uv": [12, 0, 16, 2.5], "texture": "#3"},
				"up": {"uv": [12, 0, 16, 2.5], "texture": "#3"},
				"down": {"uv": [12, 0, 16, 2.5], "texture": "#3"}
			}
		},
		{
			"name": "Нижний4",
			"from": [5.4375, 4.3875, 8.525],
			"to": [5.8375, 5.8375, 9.075],
			"rotation": {"angle": 0, "axis": "y", "origin": [6.0875, 11.5125, 8]},
			"faces": {
				"north": {"uv": [12, 0, 16, 2.5], "texture": "#3"},
				"east": {"uv": [12, 0, 16, 2.5], "texture": "#3"},
				"south": {"uv": [12, 0, 16, 2.5], "texture": "#3"},
				"west": {"uv": [12, 0, 16, 2.5], "texture": "#3"},
				"up": {"uv": [12, 0, 16, 2.5], "texture": "#3"},
				"down": {"uv": [12, 0, 16, 2.5], "texture": "#3"}
			}
		},
		{
			"name": "Верхний1",
			"from": [5.375, 10.25, 6.925],
			"to": [5.85, 12.075, 7.475],
			"faces": {
				"north": {"uv": [12, 0, 16, 2.5], "texture": "#3"},
				"east": {"uv": [12, 0, 16, 2.5], "texture": "#3"},
				"south": {"uv": [12, 0, 16, 2.5], "texture": "#3"},
				"west": {"uv": [12, 0, 16, 2.5], "texture": "#3"},
				"up": {"uv": [12, 0, 16, 2.5], "texture": "#3"},
				"down": {"uv": [12, 0, 16, 2.5], "texture": "#3"}
			}
		},
		{
			"name": "Верхний2",
			"from": [5.8375, 11.6625, 6.925],
			"to": [7.2875, 12.0625, 7.475],
			"rotation": {"angle": 0, "axis": "y", "origin": [5.6125, 11.2, 7.1625]},
			"faces": {
				"north": {"uv": [10, 0, 16, 2.5], "texture": "#3"},
				"east": {"uv": [10, 0, 16, 2.5], "texture": "#3"},
				"south": {"uv": [10, 0, 16, 2.5], "texture": "#3"},
				"west": {"uv": [10, 0, 16, 2.5], "texture": "#3"},
				"up": {"uv": [10, 0, 16, 2.5], "texture": "#3"},
				"down": {"uv": [10, 0, 16, 2.5], "texture": "#3"}
			}
		},
		{
			"name": "Верхний3",
			"from": [5.375, 10.25, 8.525],
			"to": [5.85, 12.075, 9.075],
			"faces": {
				"north": {"uv": [12, 0, 16, 2.5], "texture": "#3"},
				"east": {"uv": [12, 0, 16, 2.5], "texture": "#3"},
				"south": {"uv": [12, 0, 16, 2.5], "texture": "#3"},
				"west": {"uv": [12, 0, 16, 2.5], "texture": "#3"},
				"up": {"uv": [12, 0, 16, 2.5], "texture": "#3"},
				"down": {"uv": [12, 0, 16, 2.5], "texture": "#3"}
			}
		},
		{
			"name": "Верхний4",
			"from": [5.8375, 11.6625, 8.525],
			"to": [7.2875, 12.0625, 9.075],
			"rotation": {"angle": 0, "axis": "y", "origin": [5.6125, 11.2, 7.1625]},
			"faces": {
				"north": {"uv": [10, 0, 16, 2.5], "texture": "#3"},
				"east": {"uv": [10, 0, 16, 2.5], "texture": "#3"},
				"south": {"uv": [10, 0, 16, 2.5], "texture": "#3"},
				"west": {"uv": [10, 0, 16, 2.5], "texture": "#3"},
				"up": {"uv": [10, 0, 16, 2.5], "texture": "#3"},
				"down": {"uv": [10, 0, 16, 2.5], "texture": "#3"}
			}
		},
		{
			"name": "Нижний1",
			"from": [9.075, 3.925, 8.525],
			"to": [10.65, 4.4, 9.075],
			"rotation": {"angle": 0, "axis": "y", "origin": [6.0875, 8.0125, 8]},
			"faces": {
				"north": {"uv": [12, 0, 16, 2.5], "texture": "#3"},
				"east": {"uv": [12, 0, 16, 2.5], "texture": "#3"},
				"south": {"uv": [12, 0, 16, 2.5], "texture": "#3"},
				"west": {"uv": [12, 0, 16, 2.5], "texture": "#3"},
				"up": {"uv": [12, 0, 16, 2.5], "texture": "#3"},
				"down": {"uv": [12, 0, 16, 2.5], "texture": "#3"}
			}
		},
		{
			"name": "Нижний2",
			"from": [10.1375, 4.3875, 8.525],
			"to": [10.6375, 4.7625, 9.075],
			"rotation": {"angle": 0, "axis": "y", "origin": [6.0875, 8.0125, 8]},
			"faces": {
				"north": {"uv": [10, 0, 16, 2.5], "texture": "#3"},
				"east": {"uv": [10, 0, 16, 2.5], "texture": "#3"},
				"south": {"uv": [10, 0, 16, 2.5], "texture": "#3"},
				"west": {"uv": [10, 0, 16, 2.5], "texture": "#3"},
				"up": {"uv": [10, 0, 16, 2.5], "texture": "#3"},
				"down": {"uv": [10, 0, 16, 2.5], "texture": "#3"}
			}
		},
		{
			"name": "Нижний3",
			"from": [9.075, 3.925, 6.925],
			"to": [10.65, 4.4, 7.475],
			"rotation": {"angle": 0, "axis": "y", "origin": [6.0875, 8.0125, 8]},
			"faces": {
				"north": {"uv": [12, 0, 16, 2.5], "texture": "#3"},
				"east": {"uv": [12, 0, 16, 2.5], "texture": "#3"},
				"south": {"uv": [12, 0, 16, 2.5], "texture": "#3"},
				"west": {"uv": [12, 0, 16, 2.5], "texture": "#3"},
				"up": {"uv": [12, 0, 16, 2.5], "texture": "#3"},
				"down": {"uv": [12, 0, 16, 2.5], "texture": "#3"}
			}
		},
		{
			"name": "Нижний4",
			"from": [10.1375, 4.3875, 6.925],
			"to": [10.6375, 4.7625, 7.475],
			"rotation": {"angle": 0, "axis": "y", "origin": [6.0875, 8.0125, 8]},
			"faces": {
				"north": {"uv": [10, 0, 16, 2.5], "texture": "#3"},
				"east": {"uv": [10, 0, 16, 2.5], "texture": "#3"},
				"south": {"uv": [10, 0, 16, 2.5], "texture": "#3"},
				"west": {"uv": [10, 0, 16, 2.5], "texture": "#3"},
				"up": {"uv": [10, 0, 16, 2.5], "texture": "#3"},
				"down": {"uv": [10, 0, 16, 2.5], "texture": "#3"}
			}
		},
		{
			"name": "Верхний1",
			"from": [10.225, 11.2, 8.525],
			"to": [10.7, 12.075, 9.075],
			"rotation": {"angle": 0, "axis": "y", "origin": [6.0875, 8.0125, 8]},
			"faces": {
				"north": {"uv": [0, 0, 0.2375, 0.4375], "texture": "#3"},
				"east": {"uv": [0, 0, 0.275, 0.4375], "texture": "#3"},
				"south": {"uv": [0, 0, 0.2375, 0.4375], "texture": "#3"},
				"west": {"uv": [0, 0, 0.275, 0.4375], "texture": "#3"},
				"up": {"uv": [0, 0, 0.2375, 0.275], "rotation": 180, "texture": "#3"},
				"down": {"uv": [0, 0, 0.2375, 0.275], "rotation": 180, "texture": "#3"}
			}
		},
		{
			"name": "Верхний2",
			"from": [8.3375, 11.6125, 8.525],
			"to": [10.2375, 12.0625, 9.075],
			"rotation": {"angle": 0, "axis": "y", "origin": [6.0875, 8.0125, 8]},
			"faces": {
				"north": {"uv": [13, 0, 16, 2.5], "texture": "#3"},
				"east": {"uv": [13, 0, 16, 2.5], "texture": "#3"},
				"south": {"uv": [13, 0, 16, 2.5], "texture": "#3"},
				"west": {"uv": [13, 0, 16, 2.5], "texture": "#3"},
				"up": {"uv": [13, 0, 16, 2.5], "texture": "#3"},
				"down": {"uv": [13, 0, 16, 2.5], "texture": "#3"}
			}
		},
		{
			"name": "Верхний3",
			"from": [10.225, 11.2, 6.925],
			"to": [10.7, 12.075, 7.475],
			"rotation": {"angle": 0, "axis": "y", "origin": [6.0875, 8.0125, 8]},
			"faces": {
				"north": {"uv": [12, 0, 16, 2.5], "texture": "#3"},
				"east": {"uv": [12, 0, 16, 2.5], "texture": "#3"},
				"south": {"uv": [12, 0, 16, 2.5], "texture": "#3"},
				"west": {"uv": [12, 0, 16, 2.5], "texture": "#3"},
				"up": {"uv": [12, 0, 16, 2.5], "texture": "#3"},
				"down": {"uv": [12, 0, 16, 2.5], "texture": "#3"}
			}
		},
		{
			"name": "Верхний4",
			"from": [8.3375, 11.6125, 6.925],
			"to": [10.2375, 12.0625, 7.475],
			"rotation": {"angle": 0, "axis": "y", "origin": [6.0875, 8.0125, 8]},
			"faces": {
				"north": {"uv": [12, 0, 16, 2.5], "texture": "#3"},
				"east": {"uv": [12, 0, 16, 2.5], "texture": "#3"},
				"south": {"uv": [12, 0, 16, 2.5], "texture": "#3"},
				"west": {"uv": [12, 0, 16, 2.5], "texture": "#3"},
				"up": {"uv": [12, 0, 16, 2.5], "texture": "#3"},
				"down": {"uv": [12, 0, 16, 2.5], "texture": "#3"}
			}
		},
		{
			"name": "Верхний5",
			"from": [8.3375, 11.6125, 8.525],
			"to": [10.2375, 12.0625, 9.075],
			"rotation": {"angle": 0, "axis": "y", "origin": [6.0875, 8.0125, 8]},
			"faces": {
				"north": {"uv": [12, 0, 16, 2.5], "texture": "#3"},
				"east": {"uv": [12, 0, 16, 2.5], "texture": "#3"},
				"south": {"uv": [12, 0, 16, 2.5], "texture": "#3"},
				"west": {"uv": [12, 0, 16, 2.5], "texture": "#3"},
				"up": {"uv": [12, 0, 16, 2.5], "texture": "#3"},
				"down": {"uv": [12, 0, 16, 2.5], "texture": "#3"}
			}
		},
		{
			"name": "Верхний4",
			"from": [10.225, 11.2, 8.525],
			"to": [10.7, 12.075, 9.075],
			"rotation": {"angle": 0, "axis": "y", "origin": [6.0875, 8.0125, 8]},
			"faces": {
				"north": {"uv": [12, 0, 16, 2.5], "texture": "#3"},
				"east": {"uv": [12, 0, 16, 2.5], "texture": "#3"},
				"south": {"uv": [12, 0, 16, 2.5], "texture": "#3"},
				"west": {"uv": [12, 0, 16, 2.5], "texture": "#3"},
				"up": {"uv": [12, 0, 16, 2.5], "texture": "#3"},
				"down": {"uv": [12, 0, 16, 2.5], "texture": "#3"}
			}
		},
		{
			"name": "Закладка",
			"from": [6.375, 11, 8.3],
			"to": [7, 12.475, 8.3],
			"faces": {
				"north": {"uv": [2.5, 0, 3.8125, 2.7375], "texture": "#3"},
				"east": {"uv": [2.5, 0, 4, 2.7375], "texture": "#3"},
				"south": {"uv": [2.5, 0, 3.8125, 2.7375], "texture": "#3"},
				"west": {"uv": [2.5, 0, 4, 2.7375], "texture": "#3"},
				"up": {"uv": [2.5, 0, 3.8125, 2.5], "texture": "#3"},
				"down": {"uv": [2.5, 0, 3.8125, 2.5], "texture": "#3"}
			}
		},
		{
			"name": "Закладка",
			"from": [8.375, 11, 8],
			"to": [9, 12.475, 8],
			"faces": {
				"north": {"uv": [4.5, 0, 5.8125, 2.7375], "texture": "#3"},
				"east": {"uv": [0, 0, 0, 0.7375], "texture": "#3"},
				"south": {"uv": [4.5, 0, 5.8125, 2.7375], "texture": "#3"},
				"west": {"uv": [4.5, 0, 6, 2.7375], "texture": "#3"},
				"up": {"uv": [4.5, 0, 5.8125, 2.5], "texture": "#3"},
				"down": {"uv": [4.5, 0, 5.8125, 2.5], "texture": "#3"}
			}
		}
	],
	"display": {
		"thirdperson_righthand": {
			"rotation": [0, -31, 0],
			"translation": [-1.5, 2.25, 0.5]
		},
		"thirdperson_lefthand": {
			"rotation": [177.93, 79.71, -177.56],
			"translation": [-0.25, 0, -2.75]
		},
		"firstperson_righthand": {
			"rotation": [-58.79, -70, -60],
			"translation": [0, 2.5, 0.75],
			"scale": [1.2207, 1.20508, 1.2207]
		},
		"firstperson_lefthand": {
			"rotation": [9, 99, 3],
			"translation": [0, 2.75, 0],
			"scale": [1.2207, 1.20508, 1.2207]
		},
		"ground": {
			"rotation": [-25, 0, 0],
			"translation": [0, 4, 0]
		},
		"gui": {
			"rotation": [-50.94, -31, -39],
			"translation": [0, 0, -8],
			"scale": [2.01, 1.56, 1.5]
		},
		"head": {
			"rotation": [66, 180, 0],
			"translation": [0.25, -1.75, -0.5],
			"scale": [3.16, 1.78, 1.43]
		},
		"fixed": {
			"rotation": [0, -180, 0],
			"translation": [-0.25, 1, 0],
			"scale": [1.7, 1.7, 1.7]
		}
	},
	"groups": [
		0,
		{
			"name": "Наполнитель",
			"origin": [9.125, 4, 8],
			"color": 0,
			"nbt": "{}",
			"children": [1, 2, 3, 4]
		},
		5,
		{
			"name": "Корешок",
			"origin": [0, 0, 0],
			"color": 0,
			"nbt": "{}",
			"children": [6, 7, 8, 9, 10, 11, 12, 13, 14]
		},
		{
			"name": "Углы левые",
			"origin": [8, 8, 8],
			"color": 0,
			"nbt": "{}",
			"children": [15, 16, 17, 18, 19, 20, 21, 22]
		},
		{
			"name": "Углы Правые",
			"origin": [8, 8, 8],
			"color": 0,
			"nbt": "{}",
			"children": [23, 24, 25, 26, 27, 28, 29, 30, 31, 32]
		},
		33,
		34
	]
}