{
  "parent": "minecraft:item/generated",
  "textures": {
    "layer0": "minecraft:item/potion_overlay",
	"layer1": "minecraft:item/splash_potion"
  },
  "overrides": [
    {
      "predicate": {
        "custom_model_data": 1
      },
      "model": "minecraft:item/gold_potion"
    },
    {
      "predicate": {
        "custom_model_data": 2
      },
      "model": "minecraft:item/enchanted_gold_potion"
    },
	{
      "predicate": {
        "custom_model_data": 3
      },
      "model": "minecraft:item/defence_potion"
    },
	{
      "predicate": {
        "custom_model_data": 33
      },
      "model": "minecraft:item/3tier/potions/parry_negation_potion"
    }
  ]
}
