{
	"credit": "Made with Blockbench",
	"texture_size": [27, 27],
	"textures": {
		"0": "item/terrablade",
		"particle": "item/terrablade"
	},
	"elements": [
		{
			"from": [1, 0, 15],
			"to": [3, 1, 16],
			"faces": {
				"north": {"uv": [0.59259, 15.40622, 1.77778, 15.99881], "texture": "#0"},
				"east": {"uv": [0.59259, 15.40622, 1.77778, 15.99881], "texture": "#0"},
				"south": {"uv": [0.59259, 15.40622, 1.77778, 15.99881], "texture": "#0"},
				"west": {"uv": [0.59259, 15.40622, 1.77778, 15.99881], "texture": "#0"},
				"up": {"uv": [0.59259, 15.40622, 1.77778, 15.99881], "texture": "#0"},
				"down": {"uv": [0.59259, 15.40622, 1.77778, 15.99881], "texture": "#0"}
			}
		},
		{
			"from": [1, 0, 12],
			"to": [2, 1, 15],
			"faces": {
				"north": {"uv": [0.59259, 13.62963, 1.18519, 15.40681], "texture": "#0"},
				"east": {"uv": [0.59259, 13.62963, 1.18519, 15.40681], "texture": "#0"},
				"south": {"uv": [0.59259, 13.62963, 1.18519, 15.40681], "texture": "#0"},
				"west": {"uv": [0.59259, 13.62963, 1.18519, 15.40681], "texture": "#0"},
				"up": {"uv": [0.59259, 13.62963, 1.18519, 15.40681], "texture": "#0"},
				"down": {"uv": [0.59259, 13.62963, 1.18519, 15.40681], "texture": "#0"}
			}
		},
		{
			"from": [2, 0, 12],
			"to": [3, 1, 13],
			"faces": {
				"north": {"uv": [1.18519, 13.62963, 1.77778, 14.22222], "texture": "#0"},
				"east": {"uv": [1.18519, 13.62963, 1.77778, 14.22222], "texture": "#0"},
				"south": {"uv": [1.18519, 13.62963, 1.77778, 14.22222], "texture": "#0"},
				"west": {"uv": [1.18519, 13.62963, 1.77778, 14.22222], "texture": "#0"},
				"up": {"uv": [1.18519, 13.62963, 1.77778, 14.22222], "texture": "#0"},
				"down": {"uv": [1.18519, 13.62963, 1.77778, 14.22222], "texture": "#0"}
			}
		},
		{
			"from": [3, 0, 11],
			"to": [4, 1, 12],
			"faces": {
				"north": {"uv": [1.77778, 13.03644, 2.36919, 13.62904], "texture": "#0"},
				"east": {"uv": [1.77778, 13.03644, 2.36919, 13.62904], "texture": "#0"},
				"south": {"uv": [1.77778, 13.03644, 2.36919, 13.62904], "texture": "#0"},
				"west": {"uv": [1.77778, 13.03644, 2.36919, 13.62904], "texture": "#0"},
				"up": {"uv": [1.77778, 13.03644, 2.36919, 13.62904], "texture": "#0"},
				"down": {"uv": [1.77778, 13.03644, 2.36919, 13.62904], "texture": "#0"}
			}
		},
		{
			"from": [4, 0, 10],
			"to": [5, 1, 11],
			"faces": {
				"north": {"uv": [2.36978, 12.44444, 2.96237, 13.03644], "texture": "#0"},
				"east": {"uv": [2.36978, 12.44444, 2.96237, 13.03644], "texture": "#0"},
				"south": {"uv": [2.36978, 12.44444, 2.96237, 13.03644], "texture": "#0"},
				"west": {"uv": [2.36978, 12.44444, 2.96237, 13.03644], "texture": "#0"},
				"up": {"uv": [2.36978, 12.44444, 2.96237, 13.03644], "texture": "#0"},
				"down": {"uv": [2.36978, 12.44444, 2.96237, 13.03644], "texture": "#0"}
			}
		},
		{
			"from": [3, 0, 9],
			"to": [4, 1, 10],
			"faces": {
				"north": {"uv": [1.77778, 11.85185, 2.36978, 12.44444], "texture": "#0"},
				"east": {"uv": [1.77778, 11.85185, 2.36978, 12.44444], "texture": "#0"},
				"south": {"uv": [1.77778, 11.85185, 2.36978, 12.44444], "texture": "#0"},
				"west": {"uv": [1.77778, 11.85185, 2.36978, 12.44444], "texture": "#0"},
				"up": {"uv": [1.77778, 11.85185, 2.36978, 12.44444], "texture": "#0"},
				"down": {"uv": [1.77778, 11.85185, 2.36978, 12.44444], "texture": "#0"}
			}
		},
		{
			"from": [2, 0, 8],
			"to": [3, 1, 9],
			"faces": {
				"north": {"uv": [1.18519, 11.25926, 1.77778, 11.85185], "texture": "#0"},
				"east": {"uv": [1.18519, 11.25926, 1.77778, 11.85185], "texture": "#0"},
				"south": {"uv": [1.18519, 11.25926, 1.77778, 11.85185], "texture": "#0"},
				"west": {"uv": [1.18519, 11.25926, 1.77778, 11.85185], "texture": "#0"},
				"up": {"uv": [1.18519, 11.25926, 1.77778, 11.85185], "texture": "#0"},
				"down": {"uv": [1.18519, 11.25926, 1.77778, 11.85185], "texture": "#0"}
			}
		},
		{
			"from": [0, 0, 9],
			"to": [2, 1, 10],
			"faces": {
				"north": {"uv": [0, 11.85185, 1.18519, 12.44444], "texture": "#0"},
				"east": {"uv": [0, 11.85185, 1.18519, 12.44444], "texture": "#0"},
				"south": {"uv": [0, 11.85185, 1.18519, 12.44444], "texture": "#0"},
				"west": {"uv": [0, 11.85185, 1.18519, 12.44444], "texture": "#0"},
				"up": {"uv": [0, 11.85185, 1.18519, 12.44444], "texture": "#0"},
				"down": {"uv": [0, 11.85185, 1.18519, 12.44444], "texture": "#0"}
			}
		},
		{
			"from": [0, 0, 8],
			"to": [1, 1, 9],
			"faces": {
				"north": {"uv": [0, 11.25926, 0.59259, 11.85185], "texture": "#0"},
				"east": {"uv": [0, 11.25926, 0.59259, 11.85185], "texture": "#0"},
				"south": {"uv": [0, 11.25926, 0.59259, 11.85185], "texture": "#0"},
				"west": {"uv": [0, 11.25926, 0.59259, 11.85185], "texture": "#0"},
				"up": {"uv": [0, 11.25926, 0.59259, 11.85185], "texture": "#0"},
				"down": {"uv": [0, 11.25926, 0.59259, 11.85185], "texture": "#0"}
			}
		},
		{
			"from": [1, 0, 8],
			"to": [2, 1, 9],
			"faces": {
				"north": {"uv": [0.59259, 11.25926, 1.18519, 11.85185], "texture": "#0"},
				"east": {"uv": [0.59259, 11.25926, 1.18519, 11.85185], "texture": "#0"},
				"south": {"uv": [0.59259, 11.25926, 1.18519, 11.85185], "texture": "#0"},
				"west": {"uv": [0.59259, 11.25926, 1.18519, 11.85185], "texture": "#0"},
				"up": {"uv": [0.59259, 11.25926, 1.18519, 11.85185], "texture": "#0"},
				"down": {"uv": [0.59259, 11.25926, 1.18519, 11.85185], "texture": "#0"}
			}
		},
		{
			"from": [1, 0, 7],
			"to": [2, 1, 8],
			"faces": {
				"north": {"uv": [0.59259, 10.66667, 1.18519, 11.25926], "texture": "#0"},
				"east": {"uv": [0.59259, 10.66667, 1.18519, 11.25926], "texture": "#0"},
				"south": {"uv": [0.59259, 10.66667, 1.18519, 11.25926], "texture": "#0"},
				"west": {"uv": [0.59259, 10.66667, 1.18519, 11.25926], "texture": "#0"},
				"up": {"uv": [0.59259, 10.66667, 1.18519, 11.25926], "texture": "#0"},
				"down": {"uv": [0.59259, 10.66667, 1.18519, 11.25926], "texture": "#0"}
			}
		},
		{
			"from": [2, 0, 7],
			"to": [3, 1, 8],
			"faces": {
				"north": {"uv": [1.18519, 10.66667, 1.77778, 11.25926], "texture": "#0"},
				"east": {"uv": [1.18519, 10.66667, 1.77778, 11.25926], "texture": "#0"},
				"south": {"uv": [1.18519, 10.66667, 1.77778, 11.25926], "texture": "#0"},
				"west": {"uv": [1.18519, 10.66667, 1.77778, 11.25926], "texture": "#0"},
				"up": {"uv": [1.18519, 10.66667, 1.77778, 11.25926], "texture": "#0"},
				"down": {"uv": [1.18519, 10.66667, 1.77778, 11.25926], "texture": "#0"}
			}
		},
		{
			"from": [3, 0, 7],
			"to": [4, 1, 8],
			"faces": {
				"north": {"uv": [1.77778, 10.66667, 2.36978, 11.25926], "texture": "#0"},
				"east": {"uv": [1.77778, 10.66667, 2.36978, 11.25926], "texture": "#0"},
				"south": {"uv": [1.77778, 10.66667, 2.36978, 11.25926], "texture": "#0"},
				"west": {"uv": [1.77778, 10.66667, 2.36978, 11.25926], "texture": "#0"},
				"up": {"uv": [1.77778, 10.66667, 2.36978, 11.25926], "texture": "#0"},
				"down": {"uv": [1.77778, 10.66667, 2.36978, 11.25926], "texture": "#0"}
			}
		},
		{
			"from": [3, 0, 8],
			"to": [4, 1, 9],
			"faces": {
				"north": {"uv": [1.77778, 11.25926, 2.36978, 11.85185], "texture": "#0"},
				"east": {"uv": [1.77778, 11.25926, 2.36978, 11.85185], "texture": "#0"},
				"south": {"uv": [1.77778, 11.25926, 2.36978, 11.85185], "texture": "#0"},
				"west": {"uv": [1.77778, 11.25926, 2.36978, 11.85185], "texture": "#0"},
				"up": {"uv": [1.77778, 11.25926, 2.36978, 11.85185], "texture": "#0"},
				"down": {"uv": [1.77778, 11.25926, 2.36978, 11.85185], "texture": "#0"}
			}
		},
		{
			"from": [4, 0, 9],
			"to": [5, 1, 10],
			"faces": {
				"north": {"uv": [2.36978, 11.85185, 2.96237, 12.44444], "texture": "#0"},
				"east": {"uv": [2.36978, 11.85185, 2.96237, 12.44444], "texture": "#0"},
				"south": {"uv": [2.36978, 11.85185, 2.96237, 12.44444], "texture": "#0"},
				"west": {"uv": [2.36978, 11.85185, 2.96237, 12.44444], "texture": "#0"},
				"up": {"uv": [2.36978, 11.85185, 2.96237, 12.44444], "texture": "#0"},
				"down": {"uv": [2.36978, 11.85185, 2.96237, 12.44444], "texture": "#0"}
			}
		},
		{
			"from": [4, 0, 11],
			"to": [5, 1, 12],
			"faces": {
				"north": {"uv": [2.36978, 13.03644, 2.96237, 13.62904], "texture": "#0"},
				"east": {"uv": [2.36978, 13.03644, 2.96237, 13.62904], "texture": "#0"},
				"south": {"uv": [2.36978, 13.03644, 2.96237, 13.62904], "texture": "#0"},
				"west": {"uv": [2.36978, 13.03644, 2.96237, 13.62904], "texture": "#0"},
				"up": {"uv": [2.36978, 13.03644, 2.96237, 13.62904], "texture": "#0"},
				"down": {"uv": [2.36978, 13.03644, 2.96237, 13.62904], "texture": "#0"}
			}
		},
		{
			"from": [3, 0, 12],
			"to": [4, 1, 13],
			"faces": {
				"north": {"uv": [1.77778, 13.62963, 2.36978, 14.22222], "texture": "#0"},
				"east": {"uv": [1.77778, 13.62963, 2.36978, 14.22222], "texture": "#0"},
				"south": {"uv": [1.77778, 13.62963, 2.36978, 14.22222], "texture": "#0"},
				"west": {"uv": [1.77778, 13.62963, 2.36978, 14.22222], "texture": "#0"},
				"up": {"uv": [1.77778, 13.62963, 2.36978, 14.22222], "texture": "#0"},
				"down": {"uv": [1.77778, 13.62963, 2.36978, 14.22222], "texture": "#0"}
			}
		},
		{
			"from": [2, 0, 14],
			"to": [3, 1, 15],
			"faces": {
				"north": {"uv": [1.18519, 14.81481, 1.77778, 15.40681], "texture": "#0"},
				"east": {"uv": [1.18519, 14.81481, 1.77778, 15.40681], "texture": "#0"},
				"south": {"uv": [1.18519, 14.81481, 1.77778, 15.40681], "texture": "#0"},
				"west": {"uv": [1.18519, 14.81481, 1.77778, 15.40681], "texture": "#0"},
				"up": {"uv": [1.18519, 14.81481, 1.77778, 15.40681], "texture": "#0"},
				"down": {"uv": [1.18519, 14.81481, 1.77778, 15.40681], "texture": "#0"}
			}
		},
		{
			"from": [3, 0, 14],
			"to": [4, 1, 15],
			"faces": {
				"north": {"uv": [1.77778, 14.81481, 2.36978, 15.40681], "texture": "#0"},
				"east": {"uv": [1.77778, 14.81481, 2.36978, 15.40681], "texture": "#0"},
				"south": {"uv": [1.77778, 14.81481, 2.36978, 15.40681], "texture": "#0"},
				"west": {"uv": [1.77778, 14.81481, 2.36978, 15.40681], "texture": "#0"},
				"up": {"uv": [1.77778, 14.81481, 2.36978, 15.40681], "texture": "#0"},
				"down": {"uv": [1.77778, 14.81481, 2.36978, 15.40681], "texture": "#0"}
			}
		},
		{
			"from": [4, 0, 13],
			"to": [5, 1, 14],
			"faces": {
				"north": {"uv": [2.36978, 14.22222, 2.96237, 14.81481], "texture": "#0"},
				"east": {"uv": [2.36978, 14.22222, 2.96237, 14.81481], "texture": "#0"},
				"south": {"uv": [2.36978, 14.22222, 2.96237, 14.81481], "texture": "#0"},
				"west": {"uv": [2.36978, 14.22222, 2.96237, 14.81481], "texture": "#0"},
				"up": {"uv": [2.36978, 14.22222, 2.96237, 14.81481], "texture": "#0"},
				"down": {"uv": [2.36978, 14.22222, 2.96237, 14.81481], "texture": "#0"}
			}
		},
		{
			"from": [3, 0, 13],
			"to": [4, 1, 14],
			"faces": {
				"north": {"uv": [1.77778, 14.22222, 2.36978, 14.81481], "texture": "#0"},
				"east": {"uv": [1.77778, 14.22222, 2.36978, 14.81481], "texture": "#0"},
				"south": {"uv": [1.77778, 14.22222, 2.36978, 14.81481], "texture": "#0"},
				"west": {"uv": [1.77778, 14.22222, 2.36978, 14.81481], "texture": "#0"},
				"up": {"uv": [1.77778, 14.22222, 2.36978, 14.81481], "texture": "#0"},
				"down": {"uv": [1.77778, 14.22222, 2.36978, 14.81481], "texture": "#0"}
			}
		},
		{
			"from": [2, 0, 13],
			"to": [3, 1, 14],
			"faces": {
				"north": {"uv": [1.18519, 14.22222, 1.77778, 14.81481], "texture": "#0"},
				"east": {"uv": [1.18519, 14.22222, 1.77778, 14.81481], "texture": "#0"},
				"south": {"uv": [1.18519, 14.22222, 1.77778, 14.81481], "texture": "#0"},
				"west": {"uv": [1.18519, 14.22222, 1.77778, 14.81481], "texture": "#0"},
				"up": {"uv": [1.18519, 14.22222, 1.77778, 14.81481], "texture": "#0"},
				"down": {"uv": [1.18519, 14.22222, 1.77778, 14.81481], "texture": "#0"}
			}
		},
		{
			"from": [5, 0, 12],
			"to": [6, 1, 13],
			"faces": {
				"north": {"uv": [2.96296, 13.62963, 3.55556, 14.22222], "texture": "#0"},
				"east": {"uv": [2.96296, 13.62963, 3.55556, 14.22222], "texture": "#0"},
				"south": {"uv": [2.96296, 13.62963, 3.55556, 14.22222], "texture": "#0"},
				"west": {"uv": [2.96296, 13.62963, 3.55556, 14.22222], "texture": "#0"},
				"up": {"uv": [2.96296, 13.62963, 3.55556, 14.22222], "texture": "#0"},
				"down": {"uv": [2.96296, 13.62963, 3.55556, 14.22222], "texture": "#0"}
			}
		},
		{
			"from": [6, 0, 12],
			"to": [7, 1, 13],
			"faces": {
				"north": {"uv": [3.55556, 13.62963, 4.14815, 14.22222], "texture": "#0"},
				"east": {"uv": [3.55556, 13.62963, 4.14815, 14.22222], "texture": "#0"},
				"south": {"uv": [3.55556, 13.62963, 4.14815, 14.22222], "texture": "#0"},
				"west": {"uv": [3.55556, 13.62963, 4.14815, 14.22222], "texture": "#0"},
				"up": {"uv": [3.55556, 13.62963, 4.14815, 14.22222], "texture": "#0"},
				"down": {"uv": [3.55556, 13.62963, 4.14815, 14.22222], "texture": "#0"}
			}
		},
		{
			"from": [4, 0, 12],
			"to": [5, 1, 13],
			"faces": {
				"north": {"uv": [2.36978, 13.62963, 2.96237, 14.22222], "texture": "#0"},
				"east": {"uv": [2.36978, 13.62963, 2.96237, 14.22222], "texture": "#0"},
				"south": {"uv": [2.36978, 13.62963, 2.96237, 14.22222], "texture": "#0"},
				"west": {"uv": [2.36978, 13.62963, 2.96237, 14.22222], "texture": "#0"},
				"up": {"uv": [2.36978, 13.62963, 2.96237, 14.22222], "texture": "#0"},
				"down": {"uv": [2.36978, 13.62963, 2.96237, 14.22222], "texture": "#0"}
			}
		},
		{
			"from": [5, 0, 11],
			"to": [6, 1, 12],
			"faces": {
				"north": {"uv": [2.96296, 13.03644, 3.55556, 13.62904], "texture": "#0"},
				"east": {"uv": [2.96296, 13.03644, 3.55556, 13.62904], "texture": "#0"},
				"south": {"uv": [2.96296, 13.03644, 3.55556, 13.62904], "texture": "#0"},
				"west": {"uv": [2.96296, 13.03644, 3.55556, 13.62904], "texture": "#0"},
				"up": {"uv": [2.96296, 13.03644, 3.55556, 13.62904], "texture": "#0"},
				"down": {"uv": [2.96296, 13.03644, 3.55556, 13.62904], "texture": "#0"}
			}
		},
		{
			"from": [6, 0, 11],
			"to": [7, 1, 12],
			"faces": {
				"north": {"uv": [3.55556, 13.03644, 4.14815, 13.62904], "texture": "#0"},
				"east": {"uv": [3.55556, 13.03644, 4.14815, 13.62904], "texture": "#0"},
				"south": {"uv": [3.55556, 13.03644, 4.14815, 13.62904], "texture": "#0"},
				"west": {"uv": [3.55556, 13.03644, 4.14815, 13.62904], "texture": "#0"},
				"up": {"uv": [3.55556, 13.03644, 4.14815, 13.62904], "texture": "#0"},
				"down": {"uv": [3.55556, 13.03644, 4.14815, 13.62904], "texture": "#0"}
			}
		},
		{
			"from": [7, 0, 12],
			"to": [8, 1, 13],
			"faces": {
				"north": {"uv": [4.14815, 13.62963, 4.74015, 14.22222], "texture": "#0"},
				"east": {"uv": [4.14815, 13.62963, 4.74015, 14.22222], "texture": "#0"},
				"south": {"uv": [4.14815, 13.62963, 4.74015, 14.22222], "texture": "#0"},
				"west": {"uv": [4.14815, 13.62963, 4.74015, 14.22222], "texture": "#0"},
				"up": {"uv": [4.14815, 13.62963, 4.74015, 14.22222], "texture": "#0"},
				"down": {"uv": [4.14815, 13.62963, 4.74015, 14.22222], "texture": "#0"}
			}
		},
		{
			"from": [7, 0, 13],
			"to": [8, 1, 14],
			"faces": {
				"north": {"uv": [4.14815, 14.22222, 4.74015, 14.81481], "texture": "#0"},
				"east": {"uv": [4.14815, 14.22222, 4.74015, 14.81481], "texture": "#0"},
				"south": {"uv": [4.14815, 14.22222, 4.74015, 14.81481], "texture": "#0"},
				"west": {"uv": [4.14815, 14.22222, 4.74015, 14.81481], "texture": "#0"},
				"up": {"uv": [4.14815, 14.22222, 4.74015, 14.81481], "texture": "#0"},
				"down": {"uv": [4.14815, 14.22222, 4.74015, 14.81481], "texture": "#0"}
			}
		},
		{
			"from": [7, 0, 14],
			"to": [8, 1, 15],
			"faces": {
				"north": {"uv": [4.14815, 14.81481, 4.74015, 15.40681], "texture": "#0"},
				"east": {"uv": [4.14815, 14.81481, 4.74015, 15.40681], "texture": "#0"},
				"south": {"uv": [4.14815, 14.81481, 4.74015, 15.40681], "texture": "#0"},
				"west": {"uv": [4.14815, 14.81481, 4.74015, 15.40681], "texture": "#0"},
				"up": {"uv": [4.14815, 14.81481, 4.74015, 15.40681], "texture": "#0"},
				"down": {"uv": [4.14815, 14.81481, 4.74015, 15.40681], "texture": "#0"}
			}
		},
		{
			"from": [7, 0, 15],
			"to": [8, 1, 16],
			"faces": {
				"north": {"uv": [4.14815, 15.40681, 4.74015, 15.99941], "texture": "#0"},
				"east": {"uv": [4.14815, 15.40681, 4.74015, 15.99941], "texture": "#0"},
				"south": {"uv": [4.14815, 15.40681, 4.74015, 15.99941], "texture": "#0"},
				"west": {"uv": [4.14815, 15.40681, 4.74015, 15.99941], "texture": "#0"},
				"up": {"uv": [4.14815, 15.40681, 4.74015, 15.99941], "texture": "#0"},
				"down": {"uv": [4.14815, 15.40681, 4.74015, 15.99941], "texture": "#0"}
			}
		},
		{
			"from": [6, 0, 14],
			"to": [7, 1, 16],
			"faces": {
				"north": {"uv": [3.55556, 14.81481, 4.14815, 15.99941], "texture": "#0"},
				"east": {"uv": [3.55556, 14.81481, 4.14815, 15.99941], "texture": "#0"},
				"south": {"uv": [3.55556, 14.81481, 4.14815, 15.99941], "texture": "#0"},
				"west": {"uv": [3.55556, 14.81481, 4.14815, 15.99941], "texture": "#0"},
				"up": {"uv": [3.55556, 14.81481, 4.14815, 15.99941], "texture": "#0"},
				"down": {"uv": [3.55556, 14.81481, 4.14815, 15.99941], "texture": "#0"}
			}
		},
		{
			"from": [8, 0, 14],
			"to": [9, 1, 15],
			"faces": {
				"north": {"uv": [4.74015, 14.81481, 5.33274, 15.40681], "texture": "#0"},
				"east": {"uv": [4.74015, 14.81481, 5.33274, 15.40681], "texture": "#0"},
				"south": {"uv": [4.74015, 14.81481, 5.33274, 15.40681], "texture": "#0"},
				"west": {"uv": [4.74015, 14.81481, 5.33274, 15.40681], "texture": "#0"},
				"up": {"uv": [4.74015, 14.81481, 5.33274, 15.40681], "texture": "#0"},
				"down": {"uv": [4.74015, 14.81481, 5.33274, 15.40681], "texture": "#0"}
			}
		},
		{
			"from": [8, 0, 13],
			"to": [9, 1, 14],
			"faces": {
				"north": {"uv": [4.74015, 14.22222, 5.33274, 14.81481], "texture": "#0"},
				"east": {"uv": [4.74015, 14.22222, 5.33274, 14.81481], "texture": "#0"},
				"south": {"uv": [4.74015, 14.22222, 5.33274, 14.81481], "texture": "#0"},
				"west": {"uv": [4.74015, 14.22222, 5.33274, 14.81481], "texture": "#0"},
				"up": {"uv": [4.74015, 14.22222, 5.33274, 14.81481], "texture": "#0"},
				"down": {"uv": [4.74015, 14.22222, 5.33274, 14.81481], "texture": "#0"}
			}
		},
		{
			"from": [8, 0, 12],
			"to": [9, 1, 13],
			"faces": {
				"north": {"uv": [4.74015, 13.62963, 5.33274, 14.22222], "texture": "#0"},
				"east": {"uv": [4.74015, 13.62963, 5.33274, 14.22222], "texture": "#0"},
				"south": {"uv": [4.74015, 13.62963, 5.33274, 14.22222], "texture": "#0"},
				"west": {"uv": [4.74015, 13.62963, 5.33274, 14.22222], "texture": "#0"},
				"up": {"uv": [4.74015, 13.62963, 5.33274, 14.22222], "texture": "#0"},
				"down": {"uv": [4.74015, 13.62963, 5.33274, 14.22222], "texture": "#0"}
			}
		},
		{
			"from": [7, 0, 11],
			"to": [8, 1, 12],
			"faces": {
				"north": {"uv": [4.14815, 13.03644, 4.74015, 13.62904], "texture": "#0"},
				"east": {"uv": [4.14815, 13.03644, 4.74015, 13.62904], "texture": "#0"},
				"south": {"uv": [4.14815, 13.03644, 4.74015, 13.62904], "texture": "#0"},
				"west": {"uv": [4.14815, 13.03644, 4.74015, 13.62904], "texture": "#0"},
				"up": {"uv": [4.14815, 13.03644, 4.74015, 13.62904], "texture": "#0"},
				"down": {"uv": [4.14815, 13.03644, 4.74015, 13.62904], "texture": "#0"}
			}
		},
		{
			"from": [8, 0, 11],
			"to": [9, 1, 12],
			"faces": {
				"north": {"uv": [4.74015, 13.03644, 5.33274, 13.62904], "texture": "#0"},
				"east": {"uv": [4.74015, 13.03644, 5.33274, 13.62904], "texture": "#0"},
				"south": {"uv": [4.74015, 13.03644, 5.33274, 13.62904], "texture": "#0"},
				"west": {"uv": [4.74015, 13.03644, 5.33274, 13.62904], "texture": "#0"},
				"up": {"uv": [4.74015, 13.03644, 5.33274, 13.62904], "texture": "#0"},
				"down": {"uv": [4.74015, 13.03644, 5.33274, 13.62904], "texture": "#0"}
			}
		},
		{
			"from": [5, 0, 10],
			"to": [6, 1, 11],
			"faces": {
				"north": {"uv": [2.96296, 12.44444, 3.55556, 13.03644], "texture": "#0"},
				"east": {"uv": [2.96296, 12.44444, 3.55556, 13.03644], "texture": "#0"},
				"south": {"uv": [2.96296, 12.44444, 3.55556, 13.03644], "texture": "#0"},
				"west": {"uv": [2.96296, 12.44444, 3.55556, 13.03644], "texture": "#0"},
				"up": {"uv": [2.96296, 12.44444, 3.55556, 13.03644], "texture": "#0"},
				"down": {"uv": [2.96296, 12.44444, 3.55556, 13.03644], "texture": "#0"}
			}
		},
		{
			"from": [4, 0, 8],
			"to": [5, 1, 9],
			"faces": {
				"north": {"uv": [2.36978, 11.25926, 2.96237, 11.85185], "texture": "#0"},
				"east": {"uv": [2.36978, 11.25926, 2.96237, 11.85185], "texture": "#0"},
				"south": {"uv": [2.36978, 11.25926, 2.96237, 11.85185], "texture": "#0"},
				"west": {"uv": [2.36978, 11.25926, 2.96237, 11.85185], "texture": "#0"},
				"up": {"uv": [2.36978, 11.25926, 2.96237, 11.85185], "texture": "#0"},
				"down": {"uv": [2.36978, 11.25926, 2.96237, 11.85185], "texture": "#0"}
			}
		},
		{
			"from": [3, 0, 6],
			"to": [4, 1, 7],
			"faces": {
				"north": {"uv": [1.77778, 10.07348, 2.36978, 10.66607], "texture": "#0"},
				"east": {"uv": [1.77778, 10.07348, 2.36978, 10.66607], "texture": "#0"},
				"south": {"uv": [1.77778, 10.07348, 2.36978, 10.66607], "texture": "#0"},
				"west": {"uv": [1.77778, 10.07348, 2.36978, 10.66607], "texture": "#0"},
				"up": {"uv": [1.77778, 10.07348, 2.36978, 10.66607], "texture": "#0"},
				"down": {"uv": [1.77778, 10.07348, 2.36978, 10.66607], "texture": "#0"}
			}
		},
		{
			"from": [2, 0, 5],
			"to": [3, 1, 6],
			"faces": {
				"north": {"uv": [1.18519, 9.48148, 1.77778, 10.07348], "texture": "#0"},
				"east": {"uv": [1.18519, 9.48148, 1.77778, 10.07348], "texture": "#0"},
				"south": {"uv": [1.18519, 9.48148, 1.77778, 10.07348], "texture": "#0"},
				"west": {"uv": [1.18519, 9.48148, 1.77778, 10.07348], "texture": "#0"},
				"up": {"uv": [1.18519, 9.48148, 1.77778, 10.07348], "texture": "#0"},
				"down": {"uv": [1.18519, 9.48148, 1.77778, 10.07348], "texture": "#0"}
			}
		},
		{
			"from": [2, 0, 4],
			"to": [3, 1, 5],
			"faces": {
				"north": {"uv": [1.18519, 8.88889, 1.77778, 9.48148], "texture": "#0"},
				"east": {"uv": [1.18519, 8.88889, 1.77778, 9.48148], "texture": "#0"},
				"south": {"uv": [1.18519, 8.88889, 1.77778, 9.48148], "texture": "#0"},
				"west": {"uv": [1.18519, 8.88889, 1.77778, 9.48148], "texture": "#0"},
				"up": {"uv": [1.18519, 8.88889, 1.77778, 9.48148], "texture": "#0"},
				"down": {"uv": [1.18519, 8.88889, 1.77778, 9.48148], "texture": "#0"}
			}
		},
		{
			"from": [3, 0, 4],
			"to": [4, 1, 5],
			"faces": {
				"north": {"uv": [1.77778, 8.88889, 2.36978, 9.48148], "texture": "#0"},
				"east": {"uv": [1.77778, 8.88889, 2.36978, 9.48148], "texture": "#0"},
				"south": {"uv": [1.77778, 8.88889, 2.36978, 9.48148], "texture": "#0"},
				"west": {"uv": [1.77778, 8.88889, 2.36978, 9.48148], "texture": "#0"},
				"up": {"uv": [1.77778, 8.88889, 2.36978, 9.48148], "texture": "#0"},
				"down": {"uv": [1.77778, 8.88889, 2.36978, 9.48148], "texture": "#0"}
			}
		},
		{
			"from": [3, 0, 5],
			"to": [4, 1, 6],
			"faces": {
				"north": {"uv": [1.77778, 9.48148, 2.36978, 10.07348], "texture": "#0"},
				"east": {"uv": [1.77778, 9.48148, 2.36978, 10.07348], "texture": "#0"},
				"south": {"uv": [1.77778, 9.48148, 2.36978, 10.07348], "texture": "#0"},
				"west": {"uv": [1.77778, 9.48148, 2.36978, 10.07348], "texture": "#0"},
				"up": {"uv": [1.77778, 9.48148, 2.36978, 10.07348], "texture": "#0"},
				"down": {"uv": [1.77778, 9.48148, 2.36978, 10.07348], "texture": "#0"}
			}
		},
		{
			"from": [4, 0, 4],
			"to": [5, 1, 5],
			"faces": {
				"north": {"uv": [2.36978, 8.88889, 2.96237, 9.48148], "texture": "#0"},
				"east": {"uv": [2.36978, 8.88889, 2.96237, 9.48148], "texture": "#0"},
				"south": {"uv": [2.36978, 8.88889, 2.96237, 9.48148], "texture": "#0"},
				"west": {"uv": [2.36978, 8.88889, 2.96237, 9.48148], "texture": "#0"},
				"up": {"uv": [2.36978, 8.88889, 2.96237, 9.48148], "texture": "#0"},
				"down": {"uv": [2.36978, 8.88889, 2.96237, 9.48148], "texture": "#0"}
			}
		},
		{
			"from": [4, 0, 3],
			"to": [6, 1, 4],
			"faces": {
				"north": {"uv": [2.36978, 8.2963, 3.55496, 8.88889], "texture": "#0"},
				"east": {"uv": [2.36978, 8.2963, 3.55496, 8.88889], "texture": "#0"},
				"south": {"uv": [2.36978, 8.2963, 3.55496, 8.88889], "texture": "#0"},
				"west": {"uv": [2.36978, 8.2963, 3.55496, 8.88889], "texture": "#0"},
				"up": {"uv": [2.36978, 8.2963, 3.55496, 8.88889], "texture": "#0"},
				"down": {"uv": [2.36978, 8.2963, 3.55496, 8.88889], "texture": "#0"}
			}
		},
		{
			"from": [5, 0, 4],
			"to": [6, 1, 5],
			"faces": {
				"north": {"uv": [2.96296, 8.88889, 3.55556, 9.48148], "texture": "#0"},
				"east": {"uv": [2.96296, 8.88889, 3.55556, 9.48148], "texture": "#0"},
				"south": {"uv": [2.96296, 8.88889, 3.55556, 9.48148], "texture": "#0"},
				"west": {"uv": [2.96296, 8.88889, 3.55556, 9.48148], "texture": "#0"},
				"up": {"uv": [2.96296, 8.88889, 3.55556, 9.48148], "texture": "#0"},
				"down": {"uv": [2.96296, 8.88889, 3.55556, 9.48148], "texture": "#0"}
			}
		},
		{
			"from": [4, 0, 5],
			"to": [5, 1, 6],
			"faces": {
				"north": {"uv": [2.36978, 9.48148, 2.96237, 10.07348], "texture": "#0"},
				"east": {"uv": [2.36978, 9.48148, 2.96237, 10.07348], "texture": "#0"},
				"south": {"uv": [2.36978, 9.48148, 2.96237, 10.07348], "texture": "#0"},
				"west": {"uv": [2.36978, 9.48148, 2.96237, 10.07348], "texture": "#0"},
				"up": {"uv": [2.36978, 9.48148, 2.96237, 10.07348], "texture": "#0"},
				"down": {"uv": [2.36978, 9.48148, 2.96237, 10.07348], "texture": "#0"}
			}
		},
		{
			"from": [4, 0, 6],
			"to": [5, 1, 7],
			"faces": {
				"north": {"uv": [2.36978, 10.07348, 2.96237, 10.66607], "texture": "#0"},
				"east": {"uv": [2.36978, 10.07348, 2.96237, 10.66607], "texture": "#0"},
				"south": {"uv": [2.36978, 10.07348, 2.96237, 10.66607], "texture": "#0"},
				"west": {"uv": [2.36978, 10.07348, 2.96237, 10.66607], "texture": "#0"},
				"up": {"uv": [2.36978, 10.07348, 2.96237, 10.66607], "texture": "#0"},
				"down": {"uv": [2.36978, 10.07348, 2.96237, 10.66607], "texture": "#0"}
			}
		},
		{
			"from": [4, 0, 7],
			"to": [5, 1, 8],
			"faces": {
				"north": {"uv": [2.36978, 10.66667, 2.96237, 11.25926], "texture": "#0"},
				"east": {"uv": [2.36978, 10.66667, 2.96237, 11.25926], "texture": "#0"},
				"south": {"uv": [2.36978, 10.66667, 2.96237, 11.25926], "texture": "#0"},
				"west": {"uv": [2.36978, 10.66667, 2.96237, 11.25926], "texture": "#0"},
				"up": {"uv": [2.36978, 10.66667, 2.96237, 11.25926], "texture": "#0"},
				"down": {"uv": [2.36978, 10.66667, 2.96237, 11.25926], "texture": "#0"}
			}
		},
		{
			"from": [5, 0, 7],
			"to": [6, 1, 8],
			"faces": {
				"north": {"uv": [2.96296, 10.66667, 3.55556, 11.25926], "texture": "#0"},
				"east": {"uv": [2.96296, 10.66667, 3.55556, 11.25926], "texture": "#0"},
				"south": {"uv": [2.96296, 10.66667, 3.55556, 11.25926], "texture": "#0"},
				"west": {"uv": [2.96296, 10.66667, 3.55556, 11.25926], "texture": "#0"},
				"up": {"uv": [2.96296, 10.66667, 3.55556, 11.25926], "texture": "#0"},
				"down": {"uv": [2.96296, 10.66667, 3.55556, 11.25926], "texture": "#0"}
			}
		},
		{
			"from": [5, 0, 8],
			"to": [6, 1, 9],
			"faces": {
				"north": {"uv": [2.96296, 11.25926, 3.55556, 11.85185], "texture": "#0"},
				"east": {"uv": [2.96296, 11.25926, 3.55556, 11.85185], "texture": "#0"},
				"south": {"uv": [2.96296, 11.25926, 3.55556, 11.85185], "texture": "#0"},
				"west": {"uv": [2.96296, 11.25926, 3.55556, 11.85185], "texture": "#0"},
				"up": {"uv": [2.96296, 11.25926, 3.55556, 11.85185], "texture": "#0"},
				"down": {"uv": [2.96296, 11.25926, 3.55556, 11.85185], "texture": "#0"}
			}
		},
		{
			"from": [5, 0, 9],
			"to": [6, 1, 10],
			"faces": {
				"north": {"uv": [2.96296, 11.85185, 3.55556, 12.44444], "texture": "#0"},
				"east": {"uv": [2.96296, 11.85185, 3.55556, 12.44444], "texture": "#0"},
				"south": {"uv": [2.96296, 11.85185, 3.55556, 12.44444], "texture": "#0"},
				"west": {"uv": [2.96296, 11.85185, 3.55556, 12.44444], "texture": "#0"},
				"up": {"uv": [2.96296, 11.85185, 3.55556, 12.44444], "texture": "#0"},
				"down": {"uv": [2.96296, 11.85185, 3.55556, 12.44444], "texture": "#0"}
			}
		},
		{
			"from": [6, 0, 10],
			"to": [7, 1, 11],
			"faces": {
				"north": {"uv": [3.55556, 12.44444, 4.14815, 13.03644], "texture": "#0"},
				"east": {"uv": [3.55556, 12.44444, 4.14815, 13.03644], "texture": "#0"},
				"south": {"uv": [3.55556, 12.44444, 4.14815, 13.03644], "texture": "#0"},
				"west": {"uv": [3.55556, 12.44444, 4.14815, 13.03644], "texture": "#0"},
				"up": {"uv": [3.55556, 12.44444, 4.14815, 13.03644], "texture": "#0"},
				"down": {"uv": [3.55556, 12.44444, 4.14815, 13.03644], "texture": "#0"}
			}
		},
		{
			"from": [7, 0, 10],
			"to": [8, 1, 11],
			"faces": {
				"north": {"uv": [4.14815, 12.44444, 4.74015, 13.03644], "texture": "#0"},
				"east": {"uv": [4.14815, 12.44444, 4.74015, 13.03644], "texture": "#0"},
				"south": {"uv": [4.14815, 12.44444, 4.74015, 13.03644], "texture": "#0"},
				"west": {"uv": [4.14815, 12.44444, 4.74015, 13.03644], "texture": "#0"},
				"up": {"uv": [4.14815, 12.44444, 4.74015, 13.03644], "texture": "#0"},
				"down": {"uv": [4.14815, 12.44444, 4.74015, 13.03644], "texture": "#0"}
			}
		},
		{
			"from": [8, 0, 10],
			"to": [9, 1, 11],
			"faces": {
				"north": {"uv": [4.74015, 12.44444, 5.33274, 13.03644], "texture": "#0"},
				"east": {"uv": [4.74015, 12.44444, 5.33274, 13.03644], "texture": "#0"},
				"south": {"uv": [4.74015, 12.44444, 5.33274, 13.03644], "texture": "#0"},
				"west": {"uv": [4.74015, 12.44444, 5.33274, 13.03644], "texture": "#0"},
				"up": {"uv": [4.74015, 12.44444, 5.33274, 13.03644], "texture": "#0"},
				"down": {"uv": [4.74015, 12.44444, 5.33274, 13.03644], "texture": "#0"}
			}
		},
		{
			"from": [9, 0, 11],
			"to": [10, 1, 12],
			"faces": {
				"north": {"uv": [5.33333, 13.03644, 5.92593, 13.62904], "texture": "#0"},
				"east": {"uv": [5.33333, 13.03644, 5.92593, 13.62904], "texture": "#0"},
				"south": {"uv": [5.33333, 13.03644, 5.92593, 13.62904], "texture": "#0"},
				"west": {"uv": [5.33333, 13.03644, 5.92593, 13.62904], "texture": "#0"},
				"up": {"uv": [5.33333, 13.03644, 5.92593, 13.62904], "texture": "#0"},
				"down": {"uv": [5.33333, 13.03644, 5.92593, 13.62904], "texture": "#0"}
			}
		},
		{
			"from": [9, 0, 12],
			"to": [10, 1, 13],
			"faces": {
				"north": {"uv": [5.33333, 13.62963, 5.92593, 14.22222], "texture": "#0"},
				"east": {"uv": [5.33333, 13.62963, 5.92593, 14.22222], "texture": "#0"},
				"south": {"uv": [5.33333, 13.62963, 5.92593, 14.22222], "texture": "#0"},
				"west": {"uv": [5.33333, 13.62963, 5.92593, 14.22222], "texture": "#0"},
				"up": {"uv": [5.33333, 13.62963, 5.92593, 14.22222], "texture": "#0"},
				"down": {"uv": [5.33333, 13.62963, 5.92593, 14.22222], "texture": "#0"}
			}
		},
		{
			"from": [10, 0, 12],
			"to": [11, 1, 13],
			"faces": {
				"north": {"uv": [5.92593, 13.62963, 6.51852, 14.22222], "texture": "#0"},
				"east": {"uv": [5.92593, 13.62963, 6.51852, 14.22222], "texture": "#0"},
				"south": {"uv": [5.92593, 13.62963, 6.51852, 14.22222], "texture": "#0"},
				"west": {"uv": [5.92593, 13.62963, 6.51852, 14.22222], "texture": "#0"},
				"up": {"uv": [5.92593, 13.62963, 6.51852, 14.22222], "texture": "#0"},
				"down": {"uv": [5.92593, 13.62963, 6.51852, 14.22222], "texture": "#0"}
			}
		},
		{
			"from": [10, 0, 11],
			"to": [11, 1, 12],
			"faces": {
				"north": {"uv": [5.92593, 13.03644, 6.51852, 13.62904], "texture": "#0"},
				"east": {"uv": [5.92593, 13.03644, 6.51852, 13.62904], "texture": "#0"},
				"south": {"uv": [5.92593, 13.03644, 6.51852, 13.62904], "texture": "#0"},
				"west": {"uv": [5.92593, 13.03644, 6.51852, 13.62904], "texture": "#0"},
				"up": {"uv": [5.92593, 13.03644, 6.51852, 13.62904], "texture": "#0"},
				"down": {"uv": [5.92593, 13.03644, 6.51852, 13.62904], "texture": "#0"}
			}
		},
		{
			"from": [10, 0, 13],
			"to": [12, 1, 14],
			"faces": {
				"north": {"uv": [5.92593, 14.22222, 7.11111, 14.81481], "texture": "#0"},
				"east": {"uv": [5.92593, 14.22222, 7.11111, 14.81481], "texture": "#0"},
				"south": {"uv": [5.92593, 14.22222, 7.11111, 14.81481], "texture": "#0"},
				"west": {"uv": [5.92593, 14.22222, 7.11111, 14.81481], "texture": "#0"},
				"up": {"uv": [5.92593, 14.22222, 7.11111, 14.81481], "texture": "#0"},
				"down": {"uv": [5.92593, 14.22222, 7.11111, 14.81481], "texture": "#0"}
			}
		},
		{
			"from": [11, 0, 12],
			"to": [12, 1, 13],
			"faces": {
				"north": {"uv": [6.51852, 13.62963, 7.11111, 14.22222], "texture": "#0"},
				"east": {"uv": [6.51852, 13.62963, 7.11111, 14.22222], "texture": "#0"},
				"south": {"uv": [6.51852, 13.62963, 7.11111, 14.22222], "texture": "#0"},
				"west": {"uv": [6.51852, 13.62963, 7.11111, 14.22222], "texture": "#0"},
				"up": {"uv": [6.51852, 13.62963, 7.11111, 14.22222], "texture": "#0"},
				"down": {"uv": [6.51852, 13.62963, 7.11111, 14.22222], "texture": "#0"}
			}
		},
		{
			"from": [11, 0, 11],
			"to": [12, 1, 12],
			"faces": {
				"north": {"uv": [6.51852, 13.03644, 7.11111, 13.62904], "texture": "#0"},
				"east": {"uv": [6.51852, 13.03644, 7.11111, 13.62904], "texture": "#0"},
				"south": {"uv": [6.51852, 13.03644, 7.11111, 13.62904], "texture": "#0"},
				"west": {"uv": [6.51852, 13.03644, 7.11111, 13.62904], "texture": "#0"},
				"up": {"uv": [6.51852, 13.03644, 7.11111, 13.62904], "texture": "#0"},
				"down": {"uv": [6.51852, 13.03644, 7.11111, 13.62904], "texture": "#0"}
			}
		},
		{
			"from": [11, 0, 10],
			"to": [12, 1, 11],
			"faces": {
				"north": {"uv": [6.51852, 12.44444, 7.11111, 13.03644], "texture": "#0"},
				"east": {"uv": [6.51852, 12.44444, 7.11111, 13.03644], "texture": "#0"},
				"south": {"uv": [6.51852, 12.44444, 7.11111, 13.03644], "texture": "#0"},
				"west": {"uv": [6.51852, 12.44444, 7.11111, 13.03644], "texture": "#0"},
				"up": {"uv": [6.51852, 12.44444, 7.11111, 13.03644], "texture": "#0"},
				"down": {"uv": [6.51852, 12.44444, 7.11111, 13.03644], "texture": "#0"}
			}
		},
		{
			"from": [12, 0, 10],
			"to": [13, 1, 12],
			"faces": {
				"north": {"uv": [7.11111, 12.44444, 7.70311, 13.62904], "texture": "#0"},
				"east": {"uv": [7.11111, 12.44444, 7.70311, 13.62904], "texture": "#0"},
				"south": {"uv": [7.11111, 12.44444, 7.70311, 13.62904], "texture": "#0"},
				"west": {"uv": [7.11111, 12.44444, 7.70311, 13.62904], "texture": "#0"},
				"up": {"uv": [7.11111, 12.44444, 7.70311, 13.62904], "texture": "#0"},
				"down": {"uv": [7.11111, 12.44444, 7.70311, 13.62904], "texture": "#0"}
			}
		},
		{
			"from": [6, 0, 9],
			"to": [7, 1, 10],
			"faces": {
				"north": {"uv": [3.55556, 11.85185, 4.14815, 12.44444], "texture": "#0"},
				"east": {"uv": [3.55556, 11.85185, 4.14815, 12.44444], "texture": "#0"},
				"south": {"uv": [3.55556, 11.85185, 4.14815, 12.44444], "texture": "#0"},
				"west": {"uv": [3.55556, 11.85185, 4.14815, 12.44444], "texture": "#0"},
				"up": {"uv": [3.55556, 11.85185, 4.14815, 12.44444], "texture": "#0"},
				"down": {"uv": [3.55556, 11.85185, 4.14815, 12.44444], "texture": "#0"}
			}
		},
		{
			"from": [7, 0, 8],
			"to": [8, 1, 9],
			"faces": {
				"north": {"uv": [4.14815, 11.25926, 4.74015, 11.85185], "texture": "#0"},
				"east": {"uv": [4.14815, 11.25926, 4.74015, 11.85185], "texture": "#0"},
				"south": {"uv": [4.14815, 11.25926, 4.74015, 11.85185], "texture": "#0"},
				"west": {"uv": [4.14815, 11.25926, 4.74015, 11.85185], "texture": "#0"},
				"up": {"uv": [4.14815, 11.25926, 4.74015, 11.85185], "texture": "#0"},
				"down": {"uv": [4.14815, 11.25926, 4.74015, 11.85185], "texture": "#0"}
			}
		},
		{
			"from": [7, 0, 7],
			"to": [8, 1, 8],
			"faces": {
				"north": {"uv": [4.14815, 10.66667, 4.74015, 11.25926], "texture": "#0"},
				"east": {"uv": [4.14815, 10.66667, 4.74015, 11.25926], "texture": "#0"},
				"south": {"uv": [4.14815, 10.66667, 4.74015, 11.25926], "texture": "#0"},
				"west": {"uv": [4.14815, 10.66667, 4.74015, 11.25926], "texture": "#0"},
				"up": {"uv": [4.14815, 10.66667, 4.74015, 11.25926], "texture": "#0"},
				"down": {"uv": [4.14815, 10.66667, 4.74015, 11.25926], "texture": "#0"}
			}
		},
		{
			"from": [8, 0, 8],
			"to": [9, 1, 9],
			"faces": {
				"north": {"uv": [4.74015, 11.25926, 5.33274, 11.85185], "texture": "#0"},
				"east": {"uv": [4.74015, 11.25926, 5.33274, 11.85185], "texture": "#0"},
				"south": {"uv": [4.74015, 11.25926, 5.33274, 11.85185], "texture": "#0"},
				"west": {"uv": [4.74015, 11.25926, 5.33274, 11.85185], "texture": "#0"},
				"up": {"uv": [4.74015, 11.25926, 5.33274, 11.85185], "texture": "#0"},
				"down": {"uv": [4.74015, 11.25926, 5.33274, 11.85185], "texture": "#0"}
			}
		},
		{
			"from": [6, 0, 8],
			"to": [7, 1, 9],
			"faces": {
				"north": {"uv": [3.55556, 11.25926, 4.14815, 11.85185], "texture": "#0"},
				"east": {"uv": [3.55556, 11.25926, 4.14815, 11.85185], "texture": "#0"},
				"south": {"uv": [3.55556, 11.25926, 4.14815, 11.85185], "texture": "#0"},
				"west": {"uv": [3.55556, 11.25926, 4.14815, 11.85185], "texture": "#0"},
				"up": {"uv": [3.55556, 11.25926, 4.14815, 11.85185], "texture": "#0"},
				"down": {"uv": [3.55556, 11.25926, 4.14815, 11.85185], "texture": "#0"}
			}
		},
		{
			"from": [6, 0, 7],
			"to": [7, 1, 8],
			"faces": {
				"north": {"uv": [3.55556, 10.66667, 4.14815, 11.25926], "texture": "#0"},
				"east": {"uv": [3.55556, 10.66667, 4.14815, 11.25926], "texture": "#0"},
				"south": {"uv": [3.55556, 10.66667, 4.14815, 11.25926], "texture": "#0"},
				"west": {"uv": [3.55556, 10.66667, 4.14815, 11.25926], "texture": "#0"},
				"up": {"uv": [3.55556, 10.66667, 4.14815, 11.25926], "texture": "#0"},
				"down": {"uv": [3.55556, 10.66667, 4.14815, 11.25926], "texture": "#0"}
			}
		},
		{
			"from": [6, 0, 6],
			"to": [7, 1, 7],
			"faces": {
				"north": {"uv": [3.55556, 10.07348, 4.14815, 10.66607], "texture": "#0"},
				"east": {"uv": [3.55556, 10.07348, 4.14815, 10.66607], "texture": "#0"},
				"south": {"uv": [3.55556, 10.07348, 4.14815, 10.66607], "texture": "#0"},
				"west": {"uv": [3.55556, 10.07348, 4.14815, 10.66607], "texture": "#0"},
				"up": {"uv": [3.55556, 10.07348, 4.14815, 10.66607], "texture": "#0"},
				"down": {"uv": [3.55556, 10.07348, 4.14815, 10.66607], "texture": "#0"}
			}
		},
		{
			"from": [7, 0, 9],
			"to": [8, 1, 10],
			"faces": {
				"north": {"uv": [4.14815, 11.85185, 4.74015, 12.44444], "texture": "#0"},
				"east": {"uv": [4.14815, 11.85185, 4.74015, 12.44444], "texture": "#0"},
				"south": {"uv": [4.14815, 11.85185, 4.74015, 12.44444], "texture": "#0"},
				"west": {"uv": [4.14815, 11.85185, 4.74015, 12.44444], "texture": "#0"},
				"up": {"uv": [4.14815, 11.85185, 4.74015, 12.44444], "texture": "#0"},
				"down": {"uv": [4.14815, 11.85185, 4.74015, 12.44444], "texture": "#0"}
			}
		},
		{
			"from": [8, 0, 9],
			"to": [9, 1, 10],
			"faces": {
				"north": {"uv": [4.74015, 11.85185, 5.33274, 12.44444], "texture": "#0"},
				"east": {"uv": [4.74015, 11.85185, 5.33274, 12.44444], "texture": "#0"},
				"south": {"uv": [4.74015, 11.85185, 5.33274, 12.44444], "texture": "#0"},
				"west": {"uv": [4.74015, 11.85185, 5.33274, 12.44444], "texture": "#0"},
				"up": {"uv": [4.74015, 11.85185, 5.33274, 12.44444], "texture": "#0"},
				"down": {"uv": [4.74015, 11.85185, 5.33274, 12.44444], "texture": "#0"}
			}
		},
		{
			"from": [9, 0, 9],
			"to": [10, 1, 10],
			"faces": {
				"north": {"uv": [5.33333, 11.85185, 5.92593, 12.44444], "texture": "#0"},
				"east": {"uv": [5.33333, 11.85185, 5.92593, 12.44444], "texture": "#0"},
				"south": {"uv": [5.33333, 11.85185, 5.92593, 12.44444], "texture": "#0"},
				"west": {"uv": [5.33333, 11.85185, 5.92593, 12.44444], "texture": "#0"},
				"up": {"uv": [5.33333, 11.85185, 5.92593, 12.44444], "texture": "#0"},
				"down": {"uv": [5.33333, 11.85185, 5.92593, 12.44444], "texture": "#0"}
			}
		},
		{
			"from": [7, 0, 6],
			"to": [8, 1, 7],
			"faces": {
				"north": {"uv": [4.14815, 10.07348, 4.74015, 10.66607], "texture": "#0"},
				"east": {"uv": [4.14815, 10.07348, 4.74015, 10.66607], "texture": "#0"},
				"south": {"uv": [4.14815, 10.07348, 4.74015, 10.66607], "texture": "#0"},
				"west": {"uv": [4.14815, 10.07348, 4.74015, 10.66607], "texture": "#0"},
				"up": {"uv": [4.14815, 10.07348, 4.74015, 10.66607], "texture": "#0"},
				"down": {"uv": [4.14815, 10.07348, 4.74015, 10.66607], "texture": "#0"}
			}
		},
		{
			"from": [8, 0, 5],
			"to": [9, 1, 6],
			"faces": {
				"north": {"uv": [4.74015, 9.48148, 5.33274, 10.07348], "texture": "#0"},
				"east": {"uv": [4.74015, 9.48148, 5.33274, 10.07348], "texture": "#0"},
				"south": {"uv": [4.74015, 9.48148, 5.33274, 10.07348], "texture": "#0"},
				"west": {"uv": [4.74015, 9.48148, 5.33274, 10.07348], "texture": "#0"},
				"up": {"uv": [4.74015, 9.48148, 5.33274, 10.07348], "texture": "#0"},
				"down": {"uv": [4.74015, 9.48148, 5.33274, 10.07348], "texture": "#0"}
			}
		},
		{
			"from": [9, 0, 4],
			"to": [10, 1, 5],
			"faces": {
				"north": {"uv": [5.33333, 8.88889, 5.92593, 9.48148], "texture": "#0"},
				"east": {"uv": [5.33333, 8.88889, 5.92593, 9.48148], "texture": "#0"},
				"south": {"uv": [5.33333, 8.88889, 5.92593, 9.48148], "texture": "#0"},
				"west": {"uv": [5.33333, 8.88889, 5.92593, 9.48148], "texture": "#0"},
				"up": {"uv": [5.33333, 8.88889, 5.92593, 9.48148], "texture": "#0"},
				"down": {"uv": [5.33333, 8.88889, 5.92593, 9.48148], "texture": "#0"}
			}
		},
		{
			"from": [10, 0, 3],
			"to": [11, 1, 4],
			"faces": {
				"north": {"uv": [5.92593, 8.2963, 6.51852, 8.88889], "texture": "#0"},
				"east": {"uv": [5.92593, 8.2963, 6.51852, 8.88889], "texture": "#0"},
				"south": {"uv": [5.92593, 8.2963, 6.51852, 8.88889], "texture": "#0"},
				"west": {"uv": [5.92593, 8.2963, 6.51852, 8.88889], "texture": "#0"},
				"up": {"uv": [5.92593, 8.2963, 6.51852, 8.88889], "texture": "#0"},
				"down": {"uv": [5.92593, 8.2963, 6.51852, 8.88889], "texture": "#0"}
			}
		},
		{
			"from": [7, 0, 2],
			"to": [8, 1, 6],
			"faces": {
				"north": {"uv": [4.14815, 7.70311, 4.73956, 10.0723], "texture": "#0"},
				"east": {"uv": [4.14815, 7.70311, 4.73956, 10.0723], "texture": "#0"},
				"south": {"uv": [4.14815, 7.70311, 4.73956, 10.0723], "texture": "#0"},
				"west": {"uv": [4.14815, 7.70311, 4.73956, 10.0723], "texture": "#0"},
				"up": {"uv": [4.14815, 7.70311, 4.73956, 10.0723], "texture": "#0"},
				"down": {"uv": [4.14815, 7.70311, 4.73956, 10.0723], "texture": "#0"}
			}
		},
		{
			"from": [8, 0, 4],
			"to": [9, 1, 5],
			"faces": {
				"north": {"uv": [4.74015, 8.88889, 5.33274, 9.48148], "texture": "#0"},
				"east": {"uv": [4.74015, 8.88889, 5.33274, 9.48148], "texture": "#0"},
				"south": {"uv": [4.74015, 8.88889, 5.33274, 9.48148], "texture": "#0"},
				"west": {"uv": [4.74015, 8.88889, 5.33274, 9.48148], "texture": "#0"},
				"up": {"uv": [4.74015, 8.88889, 5.33274, 9.48148], "texture": "#0"},
				"down": {"uv": [4.74015, 8.88889, 5.33274, 9.48148], "texture": "#0"}
			}
		},
		{
			"from": [8, 0, 2],
			"to": [9, 1, 3],
			"faces": {
				"north": {"uv": [4.74015, 7.70311, 5.33274, 8.2957], "texture": "#0"},
				"east": {"uv": [4.74015, 7.70311, 5.33274, 8.2957], "texture": "#0"},
				"south": {"uv": [4.74015, 7.70311, 5.33274, 8.2957], "texture": "#0"},
				"west": {"uv": [4.74015, 7.70311, 5.33274, 8.2957], "texture": "#0"},
				"up": {"uv": [4.74015, 7.70311, 5.33274, 8.2957], "texture": "#0"},
				"down": {"uv": [4.74015, 7.70311, 5.33274, 8.2957], "texture": "#0"}
			}
		},
		{
			"from": [9, 0, 3],
			"to": [10, 1, 4],
			"faces": {
				"north": {"uv": [5.33333, 8.2963, 5.92593, 8.88889], "texture": "#0"},
				"east": {"uv": [5.33333, 8.2963, 5.92593, 8.88889], "texture": "#0"},
				"south": {"uv": [5.33333, 8.2963, 5.92593, 8.88889], "texture": "#0"},
				"west": {"uv": [5.33333, 8.2963, 5.92593, 8.88889], "texture": "#0"},
				"up": {"uv": [5.33333, 8.2963, 5.92593, 8.88889], "texture": "#0"},
				"down": {"uv": [5.33333, 8.2963, 5.92593, 8.88889], "texture": "#0"}
			}
		},
		{
			"from": [8, 0, 3],
			"to": [9, 1, 4],
			"faces": {
				"north": {"uv": [4.74015, 8.2963, 5.33274, 8.88889], "texture": "#0"},
				"east": {"uv": [4.74015, 8.2963, 5.33274, 8.88889], "texture": "#0"},
				"south": {"uv": [4.74015, 8.2963, 5.33274, 8.88889], "texture": "#0"},
				"west": {"uv": [4.74015, 8.2963, 5.33274, 8.88889], "texture": "#0"},
				"up": {"uv": [4.74015, 8.2963, 5.33274, 8.88889], "texture": "#0"},
				"down": {"uv": [4.74015, 8.2963, 5.33274, 8.88889], "texture": "#0"}
			}
		},
		{
			"from": [9, 0, 2],
			"to": [10, 1, 3],
			"faces": {
				"north": {"uv": [5.33333, 7.70311, 5.92593, 8.2957], "texture": "#0"},
				"east": {"uv": [5.33333, 7.70311, 5.92593, 8.2957], "texture": "#0"},
				"south": {"uv": [5.33333, 7.70311, 5.92593, 8.2957], "texture": "#0"},
				"west": {"uv": [5.33333, 7.70311, 5.92593, 8.2957], "texture": "#0"},
				"up": {"uv": [5.33333, 7.70311, 5.92593, 8.2957], "texture": "#0"},
				"down": {"uv": [5.33333, 7.70311, 5.92593, 8.2957], "texture": "#0"}
			}
		},
		{
			"from": [8, 0, 6],
			"to": [9, 1, 7],
			"faces": {
				"north": {"uv": [4.74015, 10.07348, 5.33274, 10.66607], "texture": "#0"},
				"east": {"uv": [4.74015, 10.07348, 5.33274, 10.66607], "texture": "#0"},
				"south": {"uv": [4.74015, 10.07348, 5.33274, 10.66607], "texture": "#0"},
				"west": {"uv": [4.74015, 10.07348, 5.33274, 10.66607], "texture": "#0"},
				"up": {"uv": [4.74015, 10.07348, 5.33274, 10.66607], "texture": "#0"},
				"down": {"uv": [4.74015, 10.07348, 5.33274, 10.66607], "texture": "#0"}
			}
		},
		{
			"from": [9, 0, 5],
			"to": [11, 1, 6],
			"faces": {
				"north": {"uv": [5.33333, 9.48148, 5.92593, 10.07348], "texture": "#0"},
				"east": {"uv": [5.33333, 9.48148, 5.92593, 10.07348], "texture": "#0"},
				"south": {"uv": [5.33333, 9.48148, 5.92593, 10.07348], "texture": "#0"},
				"west": {"uv": [5.33333, 9.48148, 5.92593, 10.07348], "texture": "#0"},
				"up": {"uv": [5.33333, 9.48148, 5.92593, 10.07348], "texture": "#0"},
				"down": {"uv": [5.33333, 9.48148, 5.92593, 10.07348], "texture": "#0"}
			}
		},
		{
			"from": [9, 0, 7],
			"to": [10, 1, 8],
			"faces": {
				"north": {"uv": [5.33333, 10.66667, 5.92593, 11.25926], "texture": "#0"},
				"east": {"uv": [5.33333, 10.66667, 5.92593, 11.25926], "texture": "#0"},
				"south": {"uv": [5.33333, 10.66667, 5.92593, 11.25926], "texture": "#0"},
				"west": {"uv": [5.33333, 10.66667, 5.92593, 11.25926], "texture": "#0"},
				"up": {"uv": [5.33333, 10.66667, 5.92593, 11.25926], "texture": "#0"},
				"down": {"uv": [5.33333, 10.66667, 5.92593, 11.25926], "texture": "#0"}
			}
		},
		{
			"from": [10, 0, 6],
			"to": [11, 1, 7],
			"faces": {
				"north": {"uv": [5.92593, 10.07348, 6.51852, 10.66607], "texture": "#0"},
				"east": {"uv": [5.92593, 10.07348, 6.51852, 10.66607], "texture": "#0"},
				"south": {"uv": [5.92593, 10.07348, 6.51852, 10.66607], "texture": "#0"},
				"west": {"uv": [5.92593, 10.07348, 6.51852, 10.66607], "texture": "#0"},
				"up": {"uv": [5.92593, 10.07348, 6.51852, 10.66607], "texture": "#0"},
				"down": {"uv": [5.92593, 10.07348, 6.51852, 10.66607], "texture": "#0"}
			}
		},
		{
			"from": [10, 0, 4],
			"to": [11, 1, 5],
			"faces": {
				"north": {"uv": [5.92593, 8.88889, 6.51852, 9.48148], "texture": "#0"},
				"east": {"uv": [5.92593, 8.88889, 6.51852, 9.48148], "texture": "#0"},
				"south": {"uv": [5.92593, 8.88889, 6.51852, 9.48148], "texture": "#0"},
				"west": {"uv": [5.92593, 8.88889, 6.51852, 9.48148], "texture": "#0"},
				"up": {"uv": [5.92593, 8.88889, 6.51852, 9.48148], "texture": "#0"},
				"down": {"uv": [5.92593, 8.88889, 6.51852, 9.48148], "texture": "#0"}
			}
		},
		{
			"from": [11, 0, 5],
			"to": [12, 1, 6],
			"faces": {
				"north": {"uv": [6.51852, 9.48148, 7.11111, 10.07348], "texture": "#0"},
				"east": {"uv": [6.51852, 9.48148, 7.11111, 10.07348], "texture": "#0"},
				"south": {"uv": [6.51852, 9.48148, 7.11111, 10.07348], "texture": "#0"},
				"west": {"uv": [6.51852, 9.48148, 7.11111, 10.07348], "texture": "#0"},
				"up": {"uv": [6.51852, 9.48148, 7.11111, 10.07348], "texture": "#0"},
				"down": {"uv": [6.51852, 9.48148, 7.11111, 10.07348], "texture": "#0"}
			}
		},
		{
			"from": [11, 0, 4],
			"to": [12, 1, 5],
			"faces": {
				"north": {"uv": [6.51852, 8.88889, 7.11111, 9.48148], "texture": "#0"},
				"east": {"uv": [6.51852, 8.88889, 7.11111, 9.48148], "texture": "#0"},
				"south": {"uv": [6.51852, 8.88889, 7.11111, 9.48148], "texture": "#0"},
				"west": {"uv": [6.51852, 8.88889, 7.11111, 9.48148], "texture": "#0"},
				"up": {"uv": [6.51852, 8.88889, 7.11111, 9.48148], "texture": "#0"},
				"down": {"uv": [6.51852, 8.88889, 7.11111, 9.48148], "texture": "#0"}
			}
		},
		{
			"from": [9, 0, 8],
			"to": [10, 1, 9],
			"faces": {
				"north": {"uv": [5.33333, 11.25926, 5.92593, 11.85185], "texture": "#0"},
				"east": {"uv": [5.33333, 11.25926, 5.92593, 11.85185], "texture": "#0"},
				"south": {"uv": [5.33333, 11.25926, 5.92593, 11.85185], "texture": "#0"},
				"west": {"uv": [5.33333, 11.25926, 5.92593, 11.85185], "texture": "#0"},
				"up": {"uv": [5.33333, 11.25926, 5.92593, 11.85185], "texture": "#0"},
				"down": {"uv": [5.33333, 11.25926, 5.92593, 11.85185], "texture": "#0"}
			}
		},
		{
			"from": [10, 0, 7],
			"to": [11, 1, 8],
			"faces": {
				"north": {"uv": [5.92593, 10.66667, 6.51852, 11.25926], "texture": "#0"},
				"east": {"uv": [5.92593, 10.66667, 6.51852, 11.25926], "texture": "#0"},
				"south": {"uv": [5.92593, 10.66667, 6.51852, 11.25926], "texture": "#0"},
				"west": {"uv": [5.92593, 10.66667, 6.51852, 11.25926], "texture": "#0"},
				"up": {"uv": [5.92593, 10.66667, 6.51852, 11.25926], "texture": "#0"},
				"down": {"uv": [5.92593, 10.66667, 6.51852, 11.25926], "texture": "#0"}
			}
		},
		{
			"from": [11, 0, 6],
			"to": [12, 1, 7],
			"faces": {
				"north": {"uv": [6.51852, 10.07348, 7.11111, 10.66607], "texture": "#0"},
				"east": {"uv": [6.51852, 10.07348, 7.11111, 10.66607], "texture": "#0"},
				"south": {"uv": [6.51852, 10.07348, 7.11111, 10.66607], "texture": "#0"},
				"west": {"uv": [6.51852, 10.07348, 7.11111, 10.66607], "texture": "#0"},
				"up": {"uv": [6.51852, 10.07348, 7.11111, 10.66607], "texture": "#0"},
				"down": {"uv": [6.51852, 10.07348, 7.11111, 10.66607], "texture": "#0"}
			}
		},
		{
			"from": [12, 0, 5],
			"to": [13, 1, 6],
			"faces": {
				"north": {"uv": [7.11111, 9.48148, 7.70311, 10.07348], "texture": "#0"},
				"east": {"uv": [7.11111, 9.48148, 7.70311, 10.07348], "texture": "#0"},
				"south": {"uv": [7.11111, 9.48148, 7.70311, 10.07348], "texture": "#0"},
				"west": {"uv": [7.11111, 9.48148, 7.70311, 10.07348], "texture": "#0"},
				"up": {"uv": [7.11111, 9.48148, 7.70311, 10.07348], "texture": "#0"},
				"down": {"uv": [7.11111, 9.48148, 7.70311, 10.07348], "texture": "#0"}
			}
		},
		{
			"from": [10, 0, 8],
			"to": [14, 1, 9],
			"faces": {
				"north": {"uv": [5.92593, 11.25926, 6.51852, 11.85185], "texture": "#0"},
				"east": {"uv": [5.92593, 11.25926, 6.51852, 11.85185], "texture": "#0"},
				"south": {"uv": [5.92593, 11.25926, 6.51852, 11.85185], "texture": "#0"},
				"west": {"uv": [5.92593, 11.25926, 6.51852, 11.85185], "texture": "#0"},
				"up": {"uv": [5.92593, 11.25926, 6.51852, 11.85185], "texture": "#0"},
				"down": {"uv": [5.92593, 11.25926, 6.51852, 11.85185], "texture": "#0"}
			}
		},
		{
			"from": [11, 0, 7],
			"to": [12, 1, 8],
			"faces": {
				"north": {"uv": [6.51852, 10.66667, 7.11111, 11.25926], "texture": "#0"},
				"east": {"uv": [6.51852, 10.66667, 7.11111, 11.25926], "texture": "#0"},
				"south": {"uv": [6.51852, 10.66667, 7.11111, 11.25926], "texture": "#0"},
				"west": {"uv": [6.51852, 10.66667, 7.11111, 11.25926], "texture": "#0"},
				"up": {"uv": [6.51852, 10.66667, 7.11111, 11.25926], "texture": "#0"},
				"down": {"uv": [6.51852, 10.66667, 7.11111, 11.25926], "texture": "#0"}
			}
		},
		{
			"from": [12, 0, 6],
			"to": [13, 1, 7],
			"faces": {
				"north": {"uv": [7.11111, 10.07348, 7.70311, 10.66607], "texture": "#0"},
				"east": {"uv": [7.11111, 10.07348, 7.70311, 10.66607], "texture": "#0"},
				"south": {"uv": [7.11111, 10.07348, 7.70311, 10.66607], "texture": "#0"},
				"west": {"uv": [7.11111, 10.07348, 7.70311, 10.66607], "texture": "#0"},
				"up": {"uv": [7.11111, 10.07348, 7.70311, 10.66607], "texture": "#0"},
				"down": {"uv": [7.11111, 10.07348, 7.70311, 10.66607], "texture": "#0"}
			}
		},
		{
			"from": [13, 0, 7],
			"to": [14, 1, 8],
			"faces": {
				"north": {"uv": [7.70311, 10.66667, 8.2957, 11.25926], "texture": "#0"},
				"east": {"uv": [7.70311, 10.66667, 8.2957, 11.25926], "texture": "#0"},
				"south": {"uv": [7.70311, 10.66667, 8.2957, 11.25926], "texture": "#0"},
				"west": {"uv": [7.70311, 10.66667, 8.2957, 11.25926], "texture": "#0"},
				"up": {"uv": [7.70311, 10.66667, 8.2957, 11.25926], "texture": "#0"},
				"down": {"uv": [7.70311, 10.66667, 8.2957, 11.25926], "texture": "#0"}
			}
		},
		{
			"from": [12, 0, 7],
			"to": [13, 1, 8],
			"faces": {
				"north": {"uv": [7.11111, 10.66667, 7.70252, 11.25926], "texture": "#0"},
				"east": {"uv": [7.11111, 10.66667, 7.70252, 11.25926], "texture": "#0"},
				"south": {"uv": [7.11111, 10.66667, 7.70252, 11.25926], "texture": "#0"},
				"west": {"uv": [7.11111, 10.66667, 7.70252, 11.25926], "texture": "#0"},
				"up": {"uv": [7.11111, 10.66667, 7.70252, 11.25926], "texture": "#0"},
				"down": {"uv": [7.11111, 10.66667, 7.70252, 11.25926], "texture": "#0"}
			}
		},
		{
			"from": [13, 0, 6],
			"to": [14, 1, 7],
			"faces": {
				"north": {"uv": [7.70311, 10.07348, 8.2957, 10.66607], "texture": "#0"},
				"east": {"uv": [7.70311, 10.07348, 8.2957, 10.66607], "texture": "#0"},
				"south": {"uv": [7.70311, 10.07348, 8.2957, 10.66607], "texture": "#0"},
				"west": {"uv": [7.70311, 10.07348, 8.2957, 10.66607], "texture": "#0"},
				"up": {"uv": [7.70311, 10.07348, 8.2957, 10.66607], "texture": "#0"},
				"down": {"uv": [7.70311, 10.07348, 8.2957, 10.66607], "texture": "#0"}
			}
		},
		{
			"from": [11, 0, 3],
			"to": [12, 1, 4],
			"faces": {
				"north": {"uv": [6.51852, 8.2963, 7.11111, 8.88889], "texture": "#0"},
				"east": {"uv": [6.51852, 8.2963, 7.11111, 8.88889], "texture": "#0"},
				"south": {"uv": [6.51852, 8.2963, 7.11111, 8.88889], "texture": "#0"},
				"west": {"uv": [6.51852, 8.2963, 7.11111, 8.88889], "texture": "#0"},
				"up": {"uv": [6.51852, 8.2963, 7.11111, 8.88889], "texture": "#0"},
				"down": {"uv": [6.51852, 8.2963, 7.11111, 8.88889], "texture": "#0"}
			}
		},
		{
			"from": [12, 0, 2],
			"to": [13, 1, 3],
			"faces": {
				"north": {"uv": [7.11111, 7.70311, 7.70311, 8.2957], "texture": "#0"},
				"east": {"uv": [7.11111, 7.70311, 7.70311, 8.2957], "texture": "#0"},
				"south": {"uv": [7.11111, 7.70311, 7.70311, 8.2957], "texture": "#0"},
				"west": {"uv": [7.11111, 7.70311, 7.70311, 8.2957], "texture": "#0"},
				"up": {"uv": [7.11111, 7.70311, 7.70311, 8.2957], "texture": "#0"},
				"down": {"uv": [7.11111, 7.70311, 7.70311, 8.2957], "texture": "#0"}
			}
		},
		{
			"from": [13, 0, 1],
			"to": [14, 1, 2],
			"faces": {
				"north": {"uv": [7.70311, 7.11111, 8.2957, 7.70311], "texture": "#0"},
				"east": {"uv": [7.70311, 7.11111, 8.2957, 7.70311], "texture": "#0"},
				"south": {"uv": [7.70311, 7.11111, 8.2957, 7.70311], "texture": "#0"},
				"west": {"uv": [7.70311, 7.11111, 8.2957, 7.70311], "texture": "#0"},
				"up": {"uv": [7.70311, 7.11111, 8.2957, 7.70311], "texture": "#0"},
				"down": {"uv": [7.70311, 7.11111, 8.2957, 7.70311], "texture": "#0"}
			}
		},
		{
			"from": [11, 0, 2],
			"to": [12, 1, 3],
			"faces": {
				"north": {"uv": [6.51852, 7.70311, 7.11111, 8.2957], "texture": "#0"},
				"east": {"uv": [6.51852, 7.70311, 7.11111, 8.2957], "texture": "#0"},
				"south": {"uv": [6.51852, 7.70311, 7.11111, 8.2957], "texture": "#0"},
				"west": {"uv": [6.51852, 7.70311, 7.11111, 8.2957], "texture": "#0"},
				"up": {"uv": [6.51852, 7.70311, 7.11111, 8.2957], "texture": "#0"},
				"down": {"uv": [6.51852, 7.70311, 7.11111, 8.2957], "texture": "#0"}
			}
		},
		{
			"from": [12, 0, 1],
			"to": [13, 1, 2],
			"faces": {
				"north": {"uv": [7.11111, 7.11111, 7.70311, 7.70311], "texture": "#0"},
				"east": {"uv": [7.11111, 7.11111, 7.70311, 7.70311], "texture": "#0"},
				"south": {"uv": [7.11111, 7.11111, 7.70311, 7.70311], "texture": "#0"},
				"west": {"uv": [7.11111, 7.11111, 7.70311, 7.70311], "texture": "#0"},
				"up": {"uv": [7.11111, 7.11111, 7.70311, 7.70311], "texture": "#0"},
				"down": {"uv": [7.11111, 7.11111, 7.70311, 7.70311], "texture": "#0"}
			}
		},
		{
			"from": [13, 0, 0],
			"to": [14, 1, 1],
			"faces": {
				"north": {"uv": [7.70311, 6.51852, 8.2957, 7.11111], "texture": "#0"},
				"east": {"uv": [7.70311, 6.51852, 8.2957, 7.11111], "texture": "#0"},
				"south": {"uv": [7.70311, 6.51852, 8.2957, 7.11111], "texture": "#0"},
				"west": {"uv": [7.70311, 6.51852, 8.2957, 7.11111], "texture": "#0"},
				"up": {"uv": [7.70311, 6.51852, 8.2957, 7.11111], "texture": "#0"},
				"down": {"uv": [7.70311, 6.51852, 8.2957, 7.11111], "texture": "#0"}
			}
		},
		{
			"from": [10, 0, 2],
			"to": [11, 1, 3],
			"faces": {
				"north": {"uv": [5.92593, 7.70311, 6.51852, 8.2957], "texture": "#0"},
				"east": {"uv": [5.92593, 7.70311, 6.51852, 8.2957], "texture": "#0"},
				"south": {"uv": [5.92593, 7.70311, 6.51852, 8.2957], "texture": "#0"},
				"west": {"uv": [5.92593, 7.70311, 6.51852, 8.2957], "texture": "#0"},
				"up": {"uv": [5.92593, 7.70311, 6.51852, 8.2957], "texture": "#0"},
				"down": {"uv": [5.92593, 7.70311, 6.51852, 8.2957], "texture": "#0"}
			}
		},
		{
			"from": [9, 0, 1],
			"to": [12, 1, 2],
			"faces": {
				"north": {"uv": [5.33333, 7.11111, 5.92593, 7.70311], "texture": "#0"},
				"east": {"uv": [5.33333, 7.11111, 5.92593, 7.70311], "texture": "#0"},
				"south": {"uv": [5.33333, 7.11111, 5.92593, 7.70311], "texture": "#0"},
				"west": {"uv": [5.33333, 7.11111, 5.92593, 7.70311], "texture": "#0"},
				"up": {"uv": [5.33333, 7.11111, 5.92593, 7.70311], "texture": "#0"},
				"down": {"uv": [5.33333, 7.11111, 5.92593, 7.70311], "texture": "#0"}
			}
		},
		{
			"from": [11, 0, 0],
			"to": [13, 1, 1],
			"faces": {
				"north": {"uv": [6.51852, 6.51852, 7.70311, 7.11111], "texture": "#0"},
				"east": {"uv": [6.51852, 6.51852, 7.70311, 7.11111], "texture": "#0"},
				"south": {"uv": [6.51852, 6.51852, 7.70311, 7.11111], "texture": "#0"},
				"west": {"uv": [6.51852, 6.51852, 7.70311, 7.11111], "texture": "#0"},
				"up": {"uv": [6.51852, 6.51852, 7.70311, 7.11111], "texture": "#0"},
				"down": {"uv": [6.51852, 6.51852, 7.70311, 7.11111], "texture": "#0"}
			}
		},
		{
			"from": [14, 0, 1],
			"to": [15, 1, 2],
			"faces": {
				"north": {"uv": [8.2963, 7.11111, 8.88889, 7.70311], "texture": "#0"},
				"east": {"uv": [8.2963, 7.11111, 8.88889, 7.70311], "texture": "#0"},
				"south": {"uv": [8.2963, 7.11111, 8.88889, 7.70311], "texture": "#0"},
				"west": {"uv": [8.2963, 7.11111, 8.88889, 7.70311], "texture": "#0"},
				"up": {"uv": [8.2963, 7.11111, 8.88889, 7.70311], "texture": "#0"},
				"down": {"uv": [8.2963, 7.11111, 8.88889, 7.70311], "texture": "#0"}
			}
		},
		{
			"from": [14, 0, 2],
			"to": [15, 1, 3],
			"faces": {
				"north": {"uv": [8.2963, 7.70311, 8.88889, 8.2957], "texture": "#0"},
				"east": {"uv": [8.2963, 7.70311, 8.88889, 8.2957], "texture": "#0"},
				"south": {"uv": [8.2963, 7.70311, 8.88889, 8.2957], "texture": "#0"},
				"west": {"uv": [8.2963, 7.70311, 8.88889, 8.2957], "texture": "#0"},
				"up": {"uv": [8.2963, 7.70311, 8.88889, 8.2957], "texture": "#0"},
				"down": {"uv": [8.2963, 7.70311, 8.88889, 8.2957], "texture": "#0"}
			}
		},
		{
			"from": [13, 0, 3],
			"to": [14, 1, 4],
			"faces": {
				"north": {"uv": [7.70311, 8.2963, 8.2957, 8.88889], "texture": "#0"},
				"east": {"uv": [7.70311, 8.2963, 8.2957, 8.88889], "texture": "#0"},
				"south": {"uv": [7.70311, 8.2963, 8.2957, 8.88889], "texture": "#0"},
				"west": {"uv": [7.70311, 8.2963, 8.2957, 8.88889], "texture": "#0"},
				"up": {"uv": [7.70311, 8.2963, 8.2957, 8.88889], "texture": "#0"},
				"down": {"uv": [7.70311, 8.2963, 8.2957, 8.88889], "texture": "#0"}
			}
		},
		{
			"from": [12, 0, 4],
			"to": [13, 1, 5],
			"faces": {
				"north": {"uv": [7.11111, 8.88889, 7.70311, 9.48148], "texture": "#0"},
				"east": {"uv": [7.11111, 8.88889, 7.70311, 9.48148], "texture": "#0"},
				"south": {"uv": [7.11111, 8.88889, 7.70311, 9.48148], "texture": "#0"},
				"west": {"uv": [7.11111, 8.88889, 7.70311, 9.48148], "texture": "#0"},
				"up": {"uv": [7.11111, 8.88889, 7.70311, 9.48148], "texture": "#0"},
				"down": {"uv": [7.11111, 8.88889, 7.70311, 9.48148], "texture": "#0"}
			}
		},
		{
			"from": [13, 0, 4],
			"to": [14, 1, 5],
			"faces": {
				"north": {"uv": [7.11111, 9.48148, 7.70311, 10.07348], "texture": "#0"},
				"east": {"uv": [7.11111, 9.48148, 7.70311, 10.07348], "texture": "#0"},
				"south": {"uv": [7.11111, 9.48148, 7.70311, 10.07348], "texture": "#0"},
				"west": {"uv": [7.11111, 9.48148, 7.70311, 10.07348], "texture": "#0"},
				"up": {"uv": [7.11111, 9.48148, 7.70311, 10.07348], "texture": "#0"},
				"down": {"uv": [7.11111, 9.48148, 7.70311, 10.07348], "texture": "#0"}
			}
		},
		{
			"from": [14, 0, 3],
			"to": [15, 1, 4],
			"faces": {
				"north": {"uv": [8.2963, 8.2963, 8.88889, 8.88889], "texture": "#0"},
				"east": {"uv": [8.2963, 8.2963, 8.88889, 8.88889], "texture": "#0"},
				"south": {"uv": [8.2963, 8.2963, 8.88889, 8.88889], "texture": "#0"},
				"west": {"uv": [8.2963, 8.2963, 8.88889, 8.88889], "texture": "#0"},
				"up": {"uv": [8.2963, 8.2963, 8.88889, 8.88889], "texture": "#0"},
				"down": {"uv": [8.2963, 8.2963, 8.88889, 8.88889], "texture": "#0"}
			}
		},
		{
			"from": [15, 0, 2],
			"to": [16, 1, 3],
			"faces": {
				"north": {"uv": [8.88889, 7.70311, 9.48148, 8.2957], "texture": "#0"},
				"east": {"uv": [8.88889, 7.70311, 9.48148, 8.2957], "texture": "#0"},
				"south": {"uv": [8.88889, 7.70311, 9.48148, 8.2957], "texture": "#0"},
				"west": {"uv": [8.88889, 7.70311, 9.48148, 8.2957], "texture": "#0"},
				"up": {"uv": [8.88889, 7.70311, 9.48148, 8.2957], "texture": "#0"},
				"down": {"uv": [8.88889, 7.70311, 9.48148, 8.2957], "texture": "#0"}
			}
		},
		{
			"from": [13, 0, 5],
			"to": [14, 1, 6],
			"faces": {
				"north": {"uv": [7.70311, 9.48148, 8.2957, 10.07348], "texture": "#0"},
				"east": {"uv": [7.70311, 9.48148, 8.2957, 10.07348], "texture": "#0"},
				"south": {"uv": [7.70311, 9.48148, 8.2957, 10.07348], "texture": "#0"},
				"west": {"uv": [7.70311, 9.48148, 8.2957, 10.07348], "texture": "#0"},
				"up": {"uv": [7.70311, 9.48148, 8.2957, 10.07348], "texture": "#0"},
				"down": {"uv": [7.70311, 9.48148, 8.2957, 10.07348], "texture": "#0"}
			}
		},
		{
			"from": [14, 0, 4],
			"to": [15, 1, 7],
			"faces": {
				"north": {"uv": [8.2963, 8.88889, 8.88889, 9.48148], "texture": "#0"},
				"east": {"uv": [8.2963, 8.88889, 8.88889, 9.48148], "texture": "#0"},
				"south": {"uv": [8.2963, 8.88889, 8.88889, 9.48148], "texture": "#0"},
				"west": {"uv": [8.2963, 8.88889, 8.88889, 9.48148], "texture": "#0"},
				"up": {"uv": [8.2963, 8.88889, 8.88889, 9.48148], "texture": "#0"},
				"down": {"uv": [8.2963, 8.88889, 8.88889, 9.48148], "texture": "#0"}
			}
		},
		{
			"from": [15, 0, 3],
			"to": [16, 1, 5],
			"faces": {
				"north": {"uv": [8.88889, 8.2963, 9.48148, 9.48148], "texture": "#0"},
				"east": {"uv": [8.88889, 8.2963, 9.48148, 9.48148], "texture": "#0"},
				"south": {"uv": [8.88889, 8.2963, 9.48148, 9.48148], "texture": "#0"},
				"west": {"uv": [8.88889, 8.2963, 9.48148, 9.48148], "texture": "#0"},
				"up": {"uv": [8.88889, 8.2963, 9.48148, 9.48148], "texture": "#0"},
				"down": {"uv": [8.88889, 8.2963, 9.48148, 9.48148], "texture": "#0"}
			}
		},
		{
			"from": [14, 0, 0],
			"to": [15, 1, 1],
			"faces": {
				"north": {"uv": [8.2963, 6.51852, 8.88889, 7.11111], "texture": "#0"},
				"east": {"uv": [8.2963, 6.51852, 8.88889, 7.11111], "texture": "#0"},
				"south": {"uv": [8.2963, 6.51852, 8.88889, 7.11111], "texture": "#0"},
				"west": {"uv": [8.2963, 6.51852, 8.88889, 7.11111], "texture": "#0"},
				"up": {"uv": [8.2963, 6.51852, 8.88889, 7.11111], "texture": "#0"},
				"down": {"uv": [8.2963, 6.51852, 8.88889, 7.11111], "texture": "#0"}
			}
		},
		{
			"from": [15, 0, 1],
			"to": [16, 1, 2],
			"faces": {
				"north": {"uv": [8.88889, 7.11111, 9.48148, 7.70311], "texture": "#0"},
				"east": {"uv": [8.88889, 7.11111, 9.48148, 7.70311], "texture": "#0"},
				"south": {"uv": [8.88889, 7.11111, 9.48148, 7.70311], "texture": "#0"},
				"west": {"uv": [8.88889, 7.11111, 9.48148, 7.70311], "texture": "#0"},
				"up": {"uv": [8.88889, 7.11111, 9.48148, 7.70311], "texture": "#0"},
				"down": {"uv": [8.88889, 7.11111, 9.48148, 7.70311], "texture": "#0"}
			}
		},
		{
			"from": [15, 0, 0],
			"to": [16, 1, 1],
			"faces": {
				"north": {"uv": [8.88889, 6.51852, 9.48148, 7.11111], "texture": "#0"},
				"east": {"uv": [8.88889, 6.51852, 9.48148, 7.11111], "texture": "#0"},
				"south": {"uv": [8.88889, 6.51852, 9.48148, 7.11111], "texture": "#0"},
				"west": {"uv": [8.88889, 6.51852, 9.48148, 7.11111], "texture": "#0"},
				"up": {"uv": [8.88889, 6.51852, 9.48148, 7.11111], "texture": "#0"},
				"down": {"uv": [8.88889, 6.51852, 9.48148, 7.11111], "texture": "#0"}
			}
		},
		{
			"from": [13, 0, -1],
			"to": [14, 1, 0],
			"faces": {
				"north": {"uv": [7.70311, 5.92593, 8.2957, 6.51852], "texture": "#0"},
				"east": {"uv": [7.70311, 5.92593, 8.2957, 6.51852], "texture": "#0"},
				"south": {"uv": [7.70311, 5.92593, 8.2957, 6.51852], "texture": "#0"},
				"west": {"uv": [7.70311, 5.92593, 8.2957, 6.51852], "texture": "#0"},
				"up": {"uv": [7.70311, 5.92593, 8.2957, 6.51852], "texture": "#0"},
				"down": {"uv": [7.70311, 5.92593, 8.2957, 6.51852], "texture": "#0"}
			}
		},
		{
			"from": [14, 0, -2],
			"to": [15, 1, -1],
			"faces": {
				"north": {"uv": [8.2963, 5.33333, 8.88889, 5.92593], "texture": "#0"},
				"east": {"uv": [8.2963, 5.33333, 8.88889, 5.92593], "texture": "#0"},
				"south": {"uv": [8.2963, 5.33333, 8.88889, 5.92593], "texture": "#0"},
				"west": {"uv": [8.2963, 5.33333, 8.88889, 5.92593], "texture": "#0"},
				"up": {"uv": [8.2963, 5.33333, 8.88889, 5.92593], "texture": "#0"},
				"down": {"uv": [8.2963, 5.33333, 8.88889, 5.92593], "texture": "#0"}
			}
		},
		{
			"from": [14, 0, -1],
			"to": [15, 1, 0],
			"faces": {
				"north": {"uv": [8.2963, 5.92593, 8.88889, 6.51852], "texture": "#0"},
				"east": {"uv": [8.2963, 5.92593, 8.88889, 6.51852], "texture": "#0"},
				"south": {"uv": [8.2963, 5.92593, 8.88889, 6.51852], "texture": "#0"},
				"west": {"uv": [8.2963, 5.92593, 8.88889, 6.51852], "texture": "#0"},
				"up": {"uv": [8.2963, 5.92593, 8.88889, 6.51852], "texture": "#0"},
				"down": {"uv": [8.2963, 5.92593, 8.88889, 6.51852], "texture": "#0"}
			}
		},
		{
			"from": [15, 0, -1],
			"to": [16, 1, 0],
			"faces": {
				"north": {"uv": [8.88889, 5.92593, 9.48148, 6.51852], "texture": "#0"},
				"east": {"uv": [8.88889, 5.92593, 9.48148, 6.51852], "texture": "#0"},
				"south": {"uv": [8.88889, 5.92593, 9.48148, 6.51852], "texture": "#0"},
				"west": {"uv": [8.88889, 5.92593, 9.48148, 6.51852], "texture": "#0"},
				"up": {"uv": [8.88889, 5.92593, 9.48148, 6.51852], "texture": "#0"},
				"down": {"uv": [8.88889, 5.92593, 9.48148, 6.51852], "texture": "#0"}
			}
		},
		{
			"from": [16, 0, -2],
			"to": [17, 1, -1],
			"faces": {
				"north": {"uv": [9.48148, 5.33333, 10.07348, 5.92593], "texture": "#0"},
				"east": {"uv": [9.48148, 5.33333, 10.07348, 5.92593], "texture": "#0"},
				"south": {"uv": [9.48148, 5.33333, 10.07348, 5.92593], "texture": "#0"},
				"west": {"uv": [9.48148, 5.33333, 10.07348, 5.92593], "texture": "#0"},
				"up": {"uv": [9.48148, 5.33333, 10.07348, 5.92593], "texture": "#0"},
				"down": {"uv": [9.48148, 5.33333, 10.07348, 5.92593], "texture": "#0"}
			}
		},
		{
			"from": [17, 0, -3],
			"to": [18, 1, -2],
			"faces": {
				"north": {"uv": [10.07348, 4.74015, 10.66607, 5.33274], "texture": "#0"},
				"east": {"uv": [10.07348, 4.74015, 10.66607, 5.33274], "texture": "#0"},
				"south": {"uv": [10.07348, 4.74015, 10.66607, 5.33274], "texture": "#0"},
				"west": {"uv": [10.07348, 4.74015, 10.66607, 5.33274], "texture": "#0"},
				"up": {"uv": [10.07348, 4.74015, 10.66607, 5.33274], "texture": "#0"},
				"down": {"uv": [10.07348, 4.74015, 10.66607, 5.33274], "texture": "#0"}
			}
		},
		{
			"from": [18, 0, -3],
			"to": [19, 1, -2],
			"faces": {
				"north": {"uv": [10.66667, 4.74015, 11.25926, 5.33274], "texture": "#0"},
				"east": {"uv": [10.66667, 4.74015, 11.25926, 5.33274], "texture": "#0"},
				"south": {"uv": [10.66667, 4.74015, 11.25926, 5.33274], "texture": "#0"},
				"west": {"uv": [10.66667, 4.74015, 11.25926, 5.33274], "texture": "#0"},
				"up": {"uv": [10.66667, 4.74015, 11.25926, 5.33274], "texture": "#0"},
				"down": {"uv": [10.66667, 4.74015, 11.25926, 5.33274], "texture": "#0"}
			}
		},
		{
			"from": [18, 0, -2],
			"to": [19, 1, -1],
			"faces": {
				"north": {"uv": [10.66667, 5.33333, 11.25926, 5.92593], "texture": "#0"},
				"east": {"uv": [10.66667, 5.33333, 11.25926, 5.92593], "texture": "#0"},
				"south": {"uv": [10.66667, 5.33333, 11.25926, 5.92593], "texture": "#0"},
				"west": {"uv": [10.66667, 5.33333, 11.25926, 5.92593], "texture": "#0"},
				"up": {"uv": [10.66667, 5.33333, 11.25926, 5.92593], "texture": "#0"},
				"down": {"uv": [10.66667, 5.33333, 11.25926, 5.92593], "texture": "#0"}
			}
		},
		{
			"from": [17, 0, -1],
			"to": [18, 1, 0],
			"faces": {
				"north": {"uv": [10.07348, 5.92593, 10.66607, 6.51852], "texture": "#0"},
				"east": {"uv": [10.07348, 5.92593, 10.66607, 6.51852], "texture": "#0"},
				"south": {"uv": [10.07348, 5.92593, 10.66607, 6.51852], "texture": "#0"},
				"west": {"uv": [10.07348, 5.92593, 10.66607, 6.51852], "texture": "#0"},
				"up": {"uv": [10.07348, 5.92593, 10.66607, 6.51852], "texture": "#0"},
				"down": {"uv": [10.07348, 5.92593, 10.66607, 6.51852], "texture": "#0"}
			}
		},
		{
			"from": [16, 0, 0],
			"to": [17, 1, 1],
			"faces": {
				"north": {"uv": [9.48148, 6.51852, 10.07348, 7.11111], "texture": "#0"},
				"east": {"uv": [9.48148, 6.51852, 10.07348, 7.11111], "texture": "#0"},
				"south": {"uv": [9.48148, 6.51852, 10.07348, 7.11111], "texture": "#0"},
				"west": {"uv": [9.48148, 6.51852, 10.07348, 7.11111], "texture": "#0"},
				"up": {"uv": [9.48148, 6.51852, 10.07348, 7.11111], "texture": "#0"},
				"down": {"uv": [9.48148, 6.51852, 10.07348, 7.11111], "texture": "#0"}
			}
		},
		{
			"from": [16, 0, 1],
			"to": [17, 1, 2],
			"faces": {
				"north": {"uv": [9.48148, 7.11111, 10.07348, 7.70311], "texture": "#0"},
				"east": {"uv": [9.48148, 7.11111, 10.07348, 7.70311], "texture": "#0"},
				"south": {"uv": [9.48148, 7.11111, 10.07348, 7.70311], "texture": "#0"},
				"west": {"uv": [9.48148, 7.11111, 10.07348, 7.70311], "texture": "#0"},
				"up": {"uv": [9.48148, 7.11111, 10.07348, 7.70311], "texture": "#0"},
				"down": {"uv": [9.48148, 7.11111, 10.07348, 7.70311], "texture": "#0"}
			}
		},
		{
			"from": [17, 0, 0],
			"to": [18, 1, 1],
			"faces": {
				"north": {"uv": [10.07348, 6.51852, 10.66607, 7.11111], "texture": "#0"},
				"east": {"uv": [10.07348, 6.51852, 10.66607, 7.11111], "texture": "#0"},
				"south": {"uv": [10.07348, 6.51852, 10.66607, 7.11111], "texture": "#0"},
				"west": {"uv": [10.07348, 6.51852, 10.66607, 7.11111], "texture": "#0"},
				"up": {"uv": [10.07348, 6.51852, 10.66607, 7.11111], "texture": "#0"},
				"down": {"uv": [10.07348, 6.51852, 10.66607, 7.11111], "texture": "#0"}
			}
		},
		{
			"from": [18, 0, -1],
			"to": [19, 1, 0],
			"faces": {
				"north": {"uv": [10.66667, 5.92593, 11.25926, 6.51852], "texture": "#0"},
				"east": {"uv": [10.66667, 5.92593, 11.25926, 6.51852], "texture": "#0"},
				"south": {"uv": [10.66667, 5.92593, 11.25926, 6.51852], "texture": "#0"},
				"west": {"uv": [10.66667, 5.92593, 11.25926, 6.51852], "texture": "#0"},
				"up": {"uv": [10.66667, 5.92593, 11.25926, 6.51852], "texture": "#0"},
				"down": {"uv": [10.66667, 5.92593, 11.25926, 6.51852], "texture": "#0"}
			}
		},
		{
			"from": [19, 0, -2],
			"to": [20, 1, -1],
			"faces": {
				"north": {"uv": [11.25926, 5.33333, 11.85185, 5.92593], "texture": "#0"},
				"east": {"uv": [11.25926, 5.33333, 11.85185, 5.92593], "texture": "#0"},
				"south": {"uv": [11.25926, 5.33333, 11.85185, 5.92593], "texture": "#0"},
				"west": {"uv": [11.25926, 5.33333, 11.85185, 5.92593], "texture": "#0"},
				"up": {"uv": [11.25926, 5.33333, 11.85185, 5.92593], "texture": "#0"},
				"down": {"uv": [11.25926, 5.33333, 11.85185, 5.92593], "texture": "#0"}
			}
		},
		{
			"from": [19, 0, -3],
			"to": [20, 1, -2],
			"faces": {
				"north": {"uv": [11.25926, 4.74015, 11.85185, 5.33274], "texture": "#0"},
				"east": {"uv": [11.25926, 4.74015, 11.85185, 5.33274], "texture": "#0"},
				"south": {"uv": [11.25926, 4.74015, 11.85185, 5.33274], "texture": "#0"},
				"west": {"uv": [11.25926, 4.74015, 11.85185, 5.33274], "texture": "#0"},
				"up": {"uv": [11.25926, 4.74015, 11.85185, 5.33274], "texture": "#0"},
				"down": {"uv": [11.25926, 4.74015, 11.85185, 5.33274], "texture": "#0"}
			}
		},
		{
			"from": [15, 0, -2],
			"to": [16, 1, -1],
			"faces": {
				"north": {"uv": [8.88889, 5.33333, 9.48148, 5.92593], "texture": "#0"},
				"east": {"uv": [8.88889, 5.33333, 9.48148, 5.92593], "texture": "#0"},
				"south": {"uv": [8.88889, 5.33333, 9.48148, 5.92593], "texture": "#0"},
				"west": {"uv": [8.88889, 5.33333, 9.48148, 5.92593], "texture": "#0"},
				"up": {"uv": [8.88889, 5.33333, 9.48148, 5.92593], "texture": "#0"},
				"down": {"uv": [8.88889, 5.33333, 9.48148, 5.92593], "texture": "#0"}
			}
		},
		{
			"from": [16, 0, -3],
			"to": [17, 1, -2],
			"faces": {
				"north": {"uv": [9.48148, 4.74015, 10.07348, 5.33274], "texture": "#0"},
				"east": {"uv": [9.48148, 4.74015, 10.07348, 5.33274], "texture": "#0"},
				"south": {"uv": [9.48148, 4.74015, 10.07348, 5.33274], "texture": "#0"},
				"west": {"uv": [9.48148, 4.74015, 10.07348, 5.33274], "texture": "#0"},
				"up": {"uv": [9.48148, 4.74015, 10.07348, 5.33274], "texture": "#0"},
				"down": {"uv": [9.48148, 4.74015, 10.07348, 5.33274], "texture": "#0"}
			}
		},
		{
			"from": [15, 0, -3],
			"to": [16, 1, -2],
			"faces": {
				"north": {"uv": [8.88889, 4.74015, 9.48148, 5.33274], "texture": "#0"},
				"east": {"uv": [8.88889, 4.74015, 9.48148, 5.33274], "texture": "#0"},
				"south": {"uv": [8.88889, 4.74015, 9.48148, 5.33274], "texture": "#0"},
				"west": {"uv": [8.88889, 4.74015, 9.48148, 5.33274], "texture": "#0"},
				"up": {"uv": [8.88889, 4.74015, 9.48148, 5.33274], "texture": "#0"},
				"down": {"uv": [8.88889, 4.74015, 9.48148, 5.33274], "texture": "#0"}
			}
		},
		{
			"from": [16, 0, -4],
			"to": [17, 1, -3],
			"faces": {
				"north": {"uv": [9.48148, 4.14815, 10.07348, 4.74015], "texture": "#0"},
				"east": {"uv": [9.48148, 4.14815, 10.07348, 4.74015], "texture": "#0"},
				"south": {"uv": [9.48148, 4.14815, 10.07348, 4.74015], "texture": "#0"},
				"west": {"uv": [9.48148, 4.14815, 10.07348, 4.74015], "texture": "#0"},
				"up": {"uv": [9.48148, 4.14815, 10.07348, 4.74015], "texture": "#0"},
				"down": {"uv": [9.48148, 4.14815, 10.07348, 4.74015], "texture": "#0"}
			}
		},
		{
			"from": [17, 0, -6],
			"to": [18, 1, -4],
			"faces": {
				"north": {"uv": [10.07348, 3.55556, 10.66607, 4.14815], "texture": "#0"},
				"east": {"uv": [10.07348, 3.55556, 10.66607, 4.14815], "texture": "#0"},
				"south": {"uv": [10.07348, 3.55556, 10.66607, 4.14815], "texture": "#0"},
				"west": {"uv": [10.07348, 3.55556, 10.66607, 4.14815], "texture": "#0"},
				"up": {"uv": [10.07348, 3.55556, 10.66607, 4.14815], "texture": "#0"},
				"down": {"uv": [10.07348, 3.55556, 10.66607, 4.14815], "texture": "#0"}
			}
		},
		{
			"from": [18, 0, -8],
			"to": [19, 1, -6],
			"faces": {
				"north": {"uv": [10.66667, 1.77778, 11.25926, 2.96237], "texture": "#0"},
				"east": {"uv": [10.66667, 1.77778, 11.25926, 2.96237], "texture": "#0"},
				"south": {"uv": [10.66667, 1.77778, 11.25926, 2.96237], "texture": "#0"},
				"west": {"uv": [10.66667, 1.77778, 11.25926, 2.96237], "texture": "#0"},
				"up": {"uv": [10.66667, 1.77778, 11.25926, 2.96237], "texture": "#0"},
				"down": {"uv": [10.66667, 1.77778, 11.25926, 2.96237], "texture": "#0"}
			}
		},
		{
			"from": [19, 0, -9],
			"to": [20, 1, -8],
			"faces": {
				"north": {"uv": [11.25926, 1.18519, 11.85185, 1.77778], "texture": "#0"},
				"east": {"uv": [11.25926, 1.18519, 11.85185, 1.77778], "texture": "#0"},
				"south": {"uv": [11.25926, 1.18519, 11.85185, 1.77778], "texture": "#0"},
				"west": {"uv": [11.25926, 1.18519, 11.85185, 1.77778], "texture": "#0"},
				"up": {"uv": [11.25926, 1.18519, 11.85185, 1.77778], "texture": "#0"},
				"down": {"uv": [11.25926, 1.18519, 11.85185, 1.77778], "texture": "#0"}
			}
		},
		{
			"from": [20, 0, -10],
			"to": [21, 1, -9],
			"faces": {
				"north": {"uv": [11.85185, 0.59259, 12.44444, 1.18519], "texture": "#0"},
				"east": {"uv": [11.85185, 0.59259, 12.44444, 1.18519], "texture": "#0"},
				"south": {"uv": [11.85185, 0.59259, 12.44444, 1.18519], "texture": "#0"},
				"west": {"uv": [11.85185, 0.59259, 12.44444, 1.18519], "texture": "#0"},
				"up": {"uv": [11.85185, 0.59259, 12.44444, 1.18519], "texture": "#0"},
				"down": {"uv": [11.85185, 0.59259, 12.44444, 1.18519], "texture": "#0"}
			}
		},
		{
			"from": [21, 0, -11],
			"to": [23, 1, -10],
			"faces": {
				"north": {"uv": [12.44444, 0, 13.03644, 0.59259], "texture": "#0"},
				"east": {"uv": [12.44444, 0, 13.03644, 0.59259], "texture": "#0"},
				"south": {"uv": [12.44444, 0, 13.03644, 0.59259], "texture": "#0"},
				"west": {"uv": [12.44444, 0, 13.03644, 0.59259], "texture": "#0"},
				"up": {"uv": [12.44444, 0, 13.03644, 0.59259], "texture": "#0"},
				"down": {"uv": [12.44444, 0, 13.03644, 0.59259], "texture": "#0"}
			}
		},
		{
			"from": [22, 0, -10],
			"to": [23, 1, -7],
			"faces": {
				"north": {"uv": [13.03644, 0.59259, 13.62904, 2.36978], "texture": "#0"},
				"east": {"uv": [13.03644, 0.59259, 13.62904, 2.36978], "texture": "#0"},
				"south": {"uv": [13.03644, 0.59259, 13.62904, 2.36978], "texture": "#0"},
				"west": {"uv": [13.03644, 0.59259, 13.62904, 2.36978], "texture": "#0"},
				"up": {"uv": [13.03644, 0.59259, 13.62904, 2.36978], "texture": "#0"},
				"down": {"uv": [13.03644, 0.59259, 13.62904, 2.36978], "texture": "#0"}
			}
		},
		{
			"from": [22, 0, -7],
			"to": [23, 1, -5],
			"faces": {
				"north": {"uv": [13.03644, 2.36978, 13.62904, 2.96237], "texture": "#0"},
				"east": {"uv": [13.03644, 2.36978, 13.62904, 2.96237], "texture": "#0"},
				"south": {"uv": [13.03644, 2.36978, 13.62904, 2.96237], "texture": "#0"},
				"west": {"uv": [13.03644, 2.36978, 13.62904, 2.96237], "texture": "#0"},
				"up": {"uv": [13.03644, 2.36978, 13.62904, 2.96237], "texture": "#0"},
				"down": {"uv": [13.03644, 2.36978, 13.62904, 2.96237], "texture": "#0"}
			}
		},
		{
			"from": [21, 0, -5],
			"to": [22, 1, -3],
			"faces": {
				"north": {"uv": [12.44444, 3.55556, 13.03644, 4.74015], "texture": "#0"},
				"east": {"uv": [12.44444, 3.55556, 13.03644, 4.74015], "texture": "#0"},
				"south": {"uv": [12.44444, 3.55556, 13.03644, 4.74015], "texture": "#0"},
				"west": {"uv": [12.44444, 3.55556, 13.03644, 4.74015], "texture": "#0"},
				"up": {"uv": [12.44444, 3.55556, 13.03644, 4.74015], "texture": "#0"},
				"down": {"uv": [12.44444, 3.55556, 13.03644, 4.74015], "texture": "#0"}
			}
		},
		{
			"from": [20, 0, -3],
			"to": [21, 1, -1],
			"faces": {
				"north": {"uv": [11.85185, 4.74015, 12.44444, 5.33274], "texture": "#0"},
				"east": {"uv": [11.85185, 4.74015, 12.44444, 5.33274], "texture": "#0"},
				"south": {"uv": [11.85185, 4.74015, 12.44444, 5.33274], "texture": "#0"},
				"west": {"uv": [11.85185, 4.74015, 12.44444, 5.33274], "texture": "#0"},
				"up": {"uv": [11.85185, 4.74015, 12.44444, 5.33274], "texture": "#0"},
				"down": {"uv": [11.85185, 4.74015, 12.44444, 5.33274], "texture": "#0"}
			}
		},
		{
			"from": [19, 0, -1],
			"to": [20, 1, 0],
			"faces": {
				"north": {"uv": [11.25926, 5.92593, 11.85185, 6.51852], "texture": "#0"},
				"east": {"uv": [11.25926, 5.92593, 11.85185, 6.51852], "texture": "#0"},
				"south": {"uv": [11.25926, 5.92593, 11.85185, 6.51852], "texture": "#0"},
				"west": {"uv": [11.25926, 5.92593, 11.85185, 6.51852], "texture": "#0"},
				"up": {"uv": [11.25926, 5.92593, 11.85185, 6.51852], "texture": "#0"},
				"down": {"uv": [11.25926, 5.92593, 11.85185, 6.51852], "texture": "#0"}
			}
		},
		{
			"from": [18, 0, 0],
			"to": [19, 1, 1],
			"faces": {
				"north": {"uv": [10.66667, 6.51852, 11.25926, 7.11111], "texture": "#0"},
				"east": {"uv": [10.66667, 6.51852, 11.25926, 7.11111], "texture": "#0"},
				"south": {"uv": [10.66667, 6.51852, 11.25926, 7.11111], "texture": "#0"},
				"west": {"uv": [10.66667, 6.51852, 11.25926, 7.11111], "texture": "#0"},
				"up": {"uv": [10.66667, 6.51852, 11.25926, 7.11111], "texture": "#0"},
				"down": {"uv": [10.66667, 6.51852, 11.25926, 7.11111], "texture": "#0"}
			}
		},
		{
			"from": [17, 0, 1],
			"to": [18, 1, 2],
			"faces": {
				"north": {"uv": [10.07348, 7.11111, 10.66607, 7.70311], "texture": "#0"},
				"east": {"uv": [10.07348, 7.11111, 10.66607, 7.70311], "texture": "#0"},
				"south": {"uv": [10.07348, 7.11111, 10.66607, 7.70311], "texture": "#0"},
				"west": {"uv": [10.07348, 7.11111, 10.66607, 7.70311], "texture": "#0"},
				"up": {"uv": [10.07348, 7.11111, 10.66607, 7.70311], "texture": "#0"},
				"down": {"uv": [10.07348, 7.11111, 10.66607, 7.70311], "texture": "#0"}
			}
		},
		{
			"from": [16, 0, 2],
			"to": [17, 1, 3],
			"faces": {
				"north": {"uv": [9.48148, 7.70311, 10.07348, 8.2957], "texture": "#0"},
				"east": {"uv": [9.48148, 7.70311, 10.07348, 8.2957], "texture": "#0"},
				"south": {"uv": [9.48148, 7.70311, 10.07348, 8.2957], "texture": "#0"},
				"west": {"uv": [9.48148, 7.70311, 10.07348, 8.2957], "texture": "#0"},
				"up": {"uv": [9.48148, 7.70311, 10.07348, 8.2957], "texture": "#0"},
				"down": {"uv": [9.48148, 7.70311, 10.07348, 8.2957], "texture": "#0"}
			}
		},
		{
			"from": [17, 0, -4],
			"to": [18, 1, -3],
			"faces": {
				"north": {"uv": [10.07348, 4.14815, 10.66607, 4.74015], "texture": "#0"},
				"east": {"uv": [10.07348, 4.14815, 10.66607, 4.74015], "texture": "#0"},
				"south": {"uv": [10.07348, 4.14815, 10.66607, 4.74015], "texture": "#0"},
				"west": {"uv": [10.07348, 4.14815, 10.66607, 4.74015], "texture": "#0"},
				"up": {"uv": [10.07348, 4.14815, 10.66607, 4.74015], "texture": "#0"},
				"down": {"uv": [10.07348, 4.14815, 10.66607, 4.74015], "texture": "#0"}
			}
		},
		{
			"from": [18, 0, -6],
			"to": [19, 1, -5],
			"faces": {
				"north": {"uv": [10.66667, 2.96296, 11.25926, 3.55556], "texture": "#0"},
				"east": {"uv": [10.66667, 2.96296, 11.25926, 3.55556], "texture": "#0"},
				"south": {"uv": [10.66667, 2.96296, 11.25926, 3.55556], "texture": "#0"},
				"west": {"uv": [10.66667, 2.96296, 11.25926, 3.55556], "texture": "#0"},
				"up": {"uv": [10.66667, 2.96296, 11.25926, 3.55556], "texture": "#0"},
				"down": {"uv": [10.66667, 2.96296, 11.25926, 3.55556], "texture": "#0"}
			}
		},
		{
			"from": [19, 0, -8],
			"to": [20, 1, -7],
			"faces": {
				"north": {"uv": [11.25926, 1.77778, 11.85185, 2.36978], "texture": "#0"},
				"east": {"uv": [11.25926, 1.77778, 11.85185, 2.36978], "texture": "#0"},
				"south": {"uv": [11.25926, 1.77778, 11.85185, 2.36978], "texture": "#0"},
				"west": {"uv": [11.25926, 1.77778, 11.85185, 2.36978], "texture": "#0"},
				"up": {"uv": [11.25926, 1.77778, 11.85185, 2.36978], "texture": "#0"},
				"down": {"uv": [11.25926, 1.77778, 11.85185, 2.36978], "texture": "#0"}
			}
		},
		{
			"from": [20, 0, -9],
			"to": [21, 1, -8],
			"faces": {
				"north": {"uv": [11.85185, 1.18519, 12.44444, 1.77778], "texture": "#0"},
				"east": {"uv": [11.85185, 1.18519, 12.44444, 1.77778], "texture": "#0"},
				"south": {"uv": [11.85185, 1.18519, 12.44444, 1.77778], "texture": "#0"},
				"west": {"uv": [11.85185, 1.18519, 12.44444, 1.77778], "texture": "#0"},
				"up": {"uv": [11.85185, 1.18519, 12.44444, 1.77778], "texture": "#0"},
				"down": {"uv": [11.85185, 1.18519, 12.44444, 1.77778], "texture": "#0"}
			}
		},
		{
			"from": [21, 0, -10],
			"to": [22, 1, -9],
			"faces": {
				"north": {"uv": [12.44444, 0.59259, 13.03644, 1.18519], "texture": "#0"},
				"east": {"uv": [12.44444, 0.59259, 13.03644, 1.18519], "texture": "#0"},
				"south": {"uv": [12.44444, 0.59259, 13.03644, 1.18519], "texture": "#0"},
				"west": {"uv": [12.44444, 0.59259, 13.03644, 1.18519], "texture": "#0"},
				"up": {"uv": [12.44444, 0.59259, 13.03644, 1.18519], "texture": "#0"},
				"down": {"uv": [12.44444, 0.59259, 13.03644, 1.18519], "texture": "#0"}
			}
		},
		{
			"from": [21, 0, -9],
			"to": [22, 1, -8],
			"faces": {
				"north": {"uv": [12.44444, 1.18519, 13.03644, 1.77778], "texture": "#0"},
				"east": {"uv": [12.44444, 1.18519, 13.03644, 1.77778], "texture": "#0"},
				"south": {"uv": [12.44444, 1.18519, 13.03644, 1.77778], "texture": "#0"},
				"west": {"uv": [12.44444, 1.18519, 13.03644, 1.77778], "texture": "#0"},
				"up": {"uv": [12.44444, 1.18519, 13.03644, 1.77778], "texture": "#0"},
				"down": {"uv": [12.44444, 1.18519, 13.03644, 1.77778], "texture": "#0"}
			}
		},
		{
			"from": [21, 0, -8],
			"to": [22, 1, -7],
			"faces": {
				"north": {"uv": [12.44444, 1.77778, 13.03644, 2.36978], "texture": "#0"},
				"east": {"uv": [12.44444, 1.77778, 13.03644, 2.36978], "texture": "#0"},
				"south": {"uv": [12.44444, 1.77778, 13.03644, 2.36978], "texture": "#0"},
				"west": {"uv": [12.44444, 1.77778, 13.03644, 2.36978], "texture": "#0"},
				"up": {"uv": [12.44444, 1.77778, 13.03644, 2.36978], "texture": "#0"},
				"down": {"uv": [12.44444, 1.77778, 13.03644, 2.36978], "texture": "#0"}
			}
		},
		{
			"from": [21, 0, -7],
			"to": [22, 1, -6],
			"faces": {
				"north": {"uv": [12.44444, 2.36978, 13.03644, 2.96237], "texture": "#0"},
				"east": {"uv": [12.44444, 2.36978, 13.03644, 2.96237], "texture": "#0"},
				"south": {"uv": [12.44444, 2.36978, 13.03644, 2.96237], "texture": "#0"},
				"west": {"uv": [12.44444, 2.36978, 13.03644, 2.96237], "texture": "#0"},
				"up": {"uv": [12.44444, 2.36978, 13.03644, 2.96237], "texture": "#0"},
				"down": {"uv": [12.44444, 2.36978, 13.03644, 2.96237], "texture": "#0"}
			}
		},
		{
			"from": [21, 0, -6],
			"to": [22, 1, -5],
			"faces": {
				"north": {"uv": [12.44444, 2.96296, 13.03644, 3.55556], "texture": "#0"},
				"east": {"uv": [12.44444, 2.96296, 13.03644, 3.55556], "texture": "#0"},
				"south": {"uv": [12.44444, 2.96296, 13.03644, 3.55556], "texture": "#0"},
				"west": {"uv": [12.44444, 2.96296, 13.03644, 3.55556], "texture": "#0"},
				"up": {"uv": [12.44444, 2.96296, 13.03644, 3.55556], "texture": "#0"},
				"down": {"uv": [12.44444, 2.96296, 13.03644, 3.55556], "texture": "#0"}
			}
		},
		{
			"from": [19, 0, -7],
			"to": [20, 1, -6],
			"faces": {
				"north": {"uv": [11.25926, 2.36978, 11.85185, 2.96237], "texture": "#0"},
				"east": {"uv": [11.25926, 2.36978, 11.85185, 2.96237], "texture": "#0"},
				"south": {"uv": [11.25926, 2.36978, 11.85185, 2.96237], "texture": "#0"},
				"west": {"uv": [11.25926, 2.36978, 11.85185, 2.96237], "texture": "#0"},
				"up": {"uv": [11.25926, 2.36978, 11.85185, 2.96237], "texture": "#0"},
				"down": {"uv": [11.25926, 2.36978, 11.85185, 2.96237], "texture": "#0"}
			}
		},
		{
			"from": [18, 0, -5],
			"to": [19, 1, -4],
			"faces": {
				"north": {"uv": [10.66667, 3.55556, 11.25926, 4.14815], "texture": "#0"},
				"east": {"uv": [10.66667, 3.55556, 11.25926, 4.14815], "texture": "#0"},
				"south": {"uv": [10.66667, 3.55556, 11.25926, 4.14815], "texture": "#0"},
				"west": {"uv": [10.66667, 3.55556, 11.25926, 4.14815], "texture": "#0"},
				"up": {"uv": [10.66667, 3.55556, 11.25926, 4.14815], "texture": "#0"},
				"down": {"uv": [10.66667, 3.55556, 11.25926, 4.14815], "texture": "#0"}
			}
		},
		{
			"from": [18, 0, -4],
			"to": [19, 1, -3],
			"faces": {
				"north": {"uv": [10.66667, 4.14815, 11.25926, 4.74015], "texture": "#0"},
				"east": {"uv": [10.66667, 4.14815, 11.25926, 4.74015], "texture": "#0"},
				"south": {"uv": [10.66667, 4.14815, 11.25926, 4.74015], "texture": "#0"},
				"west": {"uv": [10.66667, 4.14815, 11.25926, 4.74015], "texture": "#0"},
				"up": {"uv": [10.66667, 4.14815, 11.25926, 4.74015], "texture": "#0"},
				"down": {"uv": [10.66667, 4.14815, 11.25926, 4.74015], "texture": "#0"}
			}
		},
		{
			"from": [19, 0, -4],
			"to": [20, 1, -3],
			"faces": {
				"north": {"uv": [11.25926, 4.14815, 11.85185, 4.74015], "texture": "#0"},
				"east": {"uv": [11.25926, 4.14815, 11.85185, 4.74015], "texture": "#0"},
				"south": {"uv": [11.25926, 4.14815, 11.85185, 4.74015], "texture": "#0"},
				"west": {"uv": [11.25926, 4.14815, 11.85185, 4.74015], "texture": "#0"},
				"up": {"uv": [11.25926, 4.14815, 11.85185, 4.74015], "texture": "#0"},
				"down": {"uv": [11.25926, 4.14815, 11.85185, 4.74015], "texture": "#0"}
			}
		},
		{
			"from": [19, 0, -5],
			"to": [20, 1, -4],
			"faces": {
				"north": {"uv": [11.25926, 3.55556, 11.85185, 4.14815], "texture": "#0"},
				"east": {"uv": [11.25926, 3.55556, 11.85185, 4.14815], "texture": "#0"},
				"south": {"uv": [11.25926, 3.55556, 11.85185, 4.14815], "texture": "#0"},
				"west": {"uv": [11.25926, 3.55556, 11.85185, 4.14815], "texture": "#0"},
				"up": {"uv": [11.25926, 3.55556, 11.85185, 4.14815], "texture": "#0"},
				"down": {"uv": [11.25926, 3.55556, 11.85185, 4.14815], "texture": "#0"}
			}
		},
		{
			"from": [19, 0, -6],
			"to": [20, 1, -5],
			"faces": {
				"north": {"uv": [11.25926, 2.96296, 11.85185, 3.55556], "texture": "#0"},
				"east": {"uv": [11.25926, 2.96296, 11.85185, 3.55556], "texture": "#0"},
				"south": {"uv": [11.25926, 2.96296, 11.85185, 3.55556], "texture": "#0"},
				"west": {"uv": [11.25926, 2.96296, 11.85185, 3.55556], "texture": "#0"},
				"up": {"uv": [11.25926, 2.96296, 11.85185, 3.55556], "texture": "#0"},
				"down": {"uv": [11.25926, 2.96296, 11.85185, 3.55556], "texture": "#0"}
			}
		},
		{
			"from": [20, 0, -8],
			"to": [21, 1, -7],
			"faces": {
				"north": {"uv": [11.85185, 1.77778, 12.44444, 2.36978], "texture": "#0"},
				"east": {"uv": [11.85185, 1.77778, 12.44444, 2.36978], "texture": "#0"},
				"south": {"uv": [11.85185, 1.77778, 12.44444, 2.36978], "texture": "#0"},
				"west": {"uv": [11.85185, 1.77778, 12.44444, 2.36978], "texture": "#0"},
				"up": {"uv": [11.85185, 1.77778, 12.44444, 2.36978], "texture": "#0"},
				"down": {"uv": [11.85185, 1.77778, 12.44444, 2.36978], "texture": "#0"}
			}
		},
		{
			"from": [20, 0, -7],
			"to": [21, 1, -6],
			"faces": {
				"north": {"uv": [11.85185, 2.36978, 12.44444, 2.96237], "texture": "#0"},
				"east": {"uv": [11.85185, 2.36978, 12.44444, 2.96237], "texture": "#0"},
				"south": {"uv": [11.85185, 2.36978, 12.44444, 2.96237], "texture": "#0"},
				"west": {"uv": [11.85185, 2.36978, 12.44444, 2.96237], "texture": "#0"},
				"up": {"uv": [11.85185, 2.36978, 12.44444, 2.96237], "texture": "#0"},
				"down": {"uv": [11.85185, 2.36978, 12.44444, 2.96237], "texture": "#0"}
			}
		},
		{
			"from": [20, 0, -6],
			"to": [21, 1, -5],
			"faces": {
				"north": {"uv": [11.85185, 2.96296, 12.44444, 3.55556], "texture": "#0"},
				"east": {"uv": [11.85185, 2.96296, 12.44444, 3.55556], "texture": "#0"},
				"south": {"uv": [11.85185, 2.96296, 12.44444, 3.55556], "texture": "#0"},
				"west": {"uv": [11.85185, 2.96296, 12.44444, 3.55556], "texture": "#0"},
				"up": {"uv": [11.85185, 2.96296, 12.44444, 3.55556], "texture": "#0"},
				"down": {"uv": [11.85185, 2.96296, 12.44444, 3.55556], "texture": "#0"}
			}
		},
		{
			"from": [20, 0, -5],
			"to": [21, 1, -4],
			"faces": {
				"north": {"uv": [11.85185, 3.55556, 12.44444, 4.14815], "texture": "#0"},
				"east": {"uv": [11.85185, 3.55556, 12.44444, 4.14815], "texture": "#0"},
				"south": {"uv": [11.85185, 3.55556, 12.44444, 4.14815], "texture": "#0"},
				"west": {"uv": [11.85185, 3.55556, 12.44444, 4.14815], "texture": "#0"},
				"up": {"uv": [11.85185, 3.55556, 12.44444, 4.14815], "texture": "#0"},
				"down": {"uv": [11.85185, 3.55556, 12.44444, 4.14815], "texture": "#0"}
			}
		},
		{
			"from": [20, 0, -4],
			"to": [21, 1, -3],
			"faces": {
				"north": {"uv": [11.85185, 4.14815, 12.44444, 4.74015], "texture": "#0"},
				"east": {"uv": [11.85185, 4.14815, 12.44444, 4.74015], "texture": "#0"},
				"south": {"uv": [11.85185, 4.14815, 12.44444, 4.74015], "texture": "#0"},
				"west": {"uv": [11.85185, 4.14815, 12.44444, 4.74015], "texture": "#0"},
				"up": {"uv": [11.85185, 4.14815, 12.44444, 4.74015], "texture": "#0"},
				"down": {"uv": [11.85185, 4.14815, 12.44444, 4.74015], "texture": "#0"}
			}
		}
	],
	"display": {
		"thirdperson_righthand": {
			"rotation": [135, 0, -90],
			"translation": [7.5, 5.25, 2]
		},
		"thirdperson_lefthand": {
			"rotation": [135, 0, 90],
			"translation": [-7.5, 5.25, 2]
		},
		"firstperson_righthand": {
			"rotation": [135, 0, -90],
			"translation": [4, 2.75, 2],
			"scale": [0.5, 0.5, 0.5]
		},
		"firstperson_lefthand": {
			"rotation": [135, 0, 90],
			"translation": [-3.5, 2.75, 2],
			"scale": [0.5, 0.5, 0.5]
		},
		"ground": {
			"translation": [0, 5.25, 0]
		},
		"gui": {
			"rotation": [90, -90, -180],
			"translation": [-3, -3, 0],
			"scale": [0.6, 0.8, 0.6]
		},
		"head": {
			"rotation": [-98, 21, 104],
			"translation": [1.75, 19, 13]
		},
		"fixed": {
			"rotation": [90, 90, 0],
			"translation": [0, 0, 6]
		}
	}
}