{"textures":{"2":"modelengine:entity/fallen_knight_felled"},"elements":[{"from":[7.6499996,7.496296,5.848338],"to":[8.35,8.496296,7.848338],"faces":{"east":{"uv":[12.125,8.375,12.375,8.5],"tintindex":-2,"rotation":0,"texture":"#2"},"south":{"uv":[7.375,12.875,7.5,13.0],"tintindex":-2,"rotation":0,"texture":"#2"},"north":{"uv":[12.875,7.125,13.0,7.25],"tintindex":-2,"rotation":0,"texture":"#2"},"west":{"uv":[12.25,0.25,12.5,0.375],"tintindex":-2,"rotation":0,"texture":"#2"},"up":{"uv":[4.0,12.5,3.875,12.25],"tintindex":-2,"rotation":0,"texture":"#2"},"down":{"uv":[12.375,4.0,12.25,4.25],"tintindex":-2,"rotation":0,"texture":"#2"}}},{"from":[7.8125,2.4529347,-7.0506496],"to":[8.1875,3.3529348,-4.0506496],"faces":{"east":{"uv":[11.75,8.625,12.125,8.75],"tintindex":-2,"rotation":0,"texture":"#2"},"south":{"uv":[8.625,13.0,8.75,13.125],"tintindex":-2,"rotation":0,"texture":"#2"},"north":{"uv":[13.0,8.375,13.125,8.5],"tintindex":-2,"rotation":0,"texture":"#2"},"west":{"uv":[10.75,11.75,11.125,11.875],"tintindex":-2,"rotation":0,"texture":"#2"},"up":{"uv":[11.375,12.125,11.25,11.75],"tintindex":-2,"rotation":0,"texture":"#2"},"down":{"uv":[11.625,11.75,11.5,12.125],"tintindex":-2,"rotation":0,"texture":"#2"}},"rotation":{"origin":[8.0,7.996296,5.412519],"angle":22.5,"axis":"x"}},{"from":[7.5,7.496296,12.548338],"to":[8.5,8.496296,16.548338],"faces":{"east":{"uv":[0.0,11.125,0.5,11.25],"tintindex":-2,"rotation":0,"texture":"#2"},"south":{"uv":[5.875,12.875,6.0,13.0],"tintindex":-2,"rotation":0,"texture":"#2"},"north":{"uv":[5.625,12.875,5.75,13.0],"tintindex":-2,"rotation":0,"texture":"#2"},"west":{"uv":[11.125,3.75,11.625,3.875],"tintindex":-2,"rotation":0,"texture":"#2"},"up":{"uv":[4.25,11.625,4.125,11.125],"tintindex":-2,"rotation":0,"texture":"#2"},"down":{"uv":[4.5,11.125,4.375,11.625],"tintindex":-2,"rotation":0,"texture":"#2"}}},{"from":[7.65,12.937189,16.006676],"to":[8.35,13.63719,17.706676],"faces":{"east":{"uv":[8.625,12.25,8.875,12.375],"tintindex":-2,"rotation":0,"texture":"#2"},"south":{"uv":[3.25,13.0,3.375,13.125],"tintindex":-2,"rotation":0,"texture":"#2"},"north":{"uv":[13.0,3.0,13.125,3.125],"tintindex":-2,"rotation":0,"texture":"#2"},"west":{"uv":[12.25,8.625,12.5,8.75],"tintindex":-2,"rotation":0,"texture":"#2"},"up":{"uv":[9.125,12.5,9.0,12.25],"tintindex":-2,"rotation":0,"texture":"#2"},"down":{"uv":[9.75,12.25,9.625,12.5],"tintindex":-2,"rotation":0,"texture":"#2"}},"rotation":{"origin":[8.0,7.996296,5.412519],"angle":22.5,"axis":"x"}},{"from":[7.8075,7.491296,-7.456662],"to":[8.1925,8.501296,-5.446662],"faces":{"east":{"uv":[12.375,7.625,12.625,7.75],"tintindex":-2,"rotation":0,"texture":"#2"},"south":{"uv":[13.0,9.625,13.125,9.75],"tintindex":-2,"rotation":0,"texture":"#2"},"north":{"uv":[13.0,9.125,13.125,9.25],"tintindex":-2,"rotation":0,"texture":"#2"},"west":{"uv":[12.375,7.875,12.625,8.0],"tintindex":-2,"rotation":0,"texture":"#2"},"up":{"uv":[8.375,12.625,8.25,12.375],"tintindex":-2,"rotation":0,"texture":"#2"},"down":{"uv":[12.5,8.875,12.375,9.125],"tintindex":-2,"rotation":0,"texture":"#2"}}},{"from":[7.504,5.794207,7.9269037],"to":[8.496,7.7862067,9.918903],"faces":{"east":{"uv":[11.125,9.875,11.375,10.125],"tintindex":-2,"rotation":270,"texture":"#2"},"south":{"uv":[3.75,12.5,3.625,12.25],"tintindex":-2,"rotation":0,"texture":"#2"},"north":{"uv":[12.375,3.625,12.25,3.875],"tintindex":-2,"rotation":180,"texture":"#2"},"west":{"uv":[10.75,11.125,11.0,11.375],"tintindex":-2,"rotation":90,"texture":"#2"},"up":{"uv":[2.375,12.25,2.5,12.5],"tintindex":-2,"rotation":180,"texture":"#2"},"down":{"uv":[3.0,12.25,3.125,12.5],"tintindex":-2,"rotation":0,"texture":"#2"}},"rotation":{"origin":[8.0,7.996296,5.412519],"angle":-45.0,"axis":"x"}},{"from":[7.8155,17.39241,-4.475327],"to":[8.1845,17.884142,-3.9835947],"faces":{"east":{"uv":[7.625,13.0,7.75,13.125],"tintindex":-2,"rotation":270,"texture":"#2"},"south":{"uv":[13.125,8.0,13.0,7.875],"tintindex":-2,"rotation":0,"texture":"#2"},"north":{"uv":[8.25,13.0,8.125,13.125],"tintindex":-2,"rotation":180,"texture":"#2"},"west":{"uv":[7.875,13.0,8.0,13.125],"tintindex":-2,"rotation":90,"texture":"#2"},"up":{"uv":[7.125,13.0,7.25,13.125],"tintindex":-2,"rotation":180,"texture":"#2"},"down":{"uv":[13.0,7.625,13.125,7.75],"tintindex":-2,"rotation":0,"texture":"#2"}},"rotation":{"origin":[8.0,7.996296,5.412519],"angle":-45.0,"axis":"x"}},{"from":[7.6499996,6.246296,6.6983385],"to":[8.35,7.246296,8.6983385],"faces":{"east":{"uv":[4.5,12.25,4.75,12.375],"tintindex":-2,"rotation":0,"texture":"#2"},"south":{"uv":[10.0,12.875,10.125,13.0],"tintindex":-2,"rotation":0,"texture":"#2"},"north":{"uv":[9.5,12.875,9.625,13.0],"tintindex":-2,"rotation":0,"texture":"#2"},"west":{"uv":[12.25,4.625,12.5,4.75],"tintindex":-2,"rotation":0,"texture":"#2"},"up":{"uv":[5.0,12.5,4.875,12.25],"tintindex":-2,"rotation":0,"texture":"#2"},"down":{"uv":[5.25,12.25,5.125,12.5],"tintindex":-2,"rotation":0,"texture":"#2"}}},{"from":[7.648,7.6442957,18.196339],"to":[8.352,8.348296,19.900337],"faces":{"east":{"uv":[12.25,7.0,12.5,7.125],"tintindex":-2,"rotation":0,"texture":"#2"},"south":{"uv":[13.0,2.75,13.125,2.875],"tintindex":-2,"rotation":0,"texture":"#2"},"north":{"uv":[13.0,2.5,13.125,2.625],"tintindex":-2,"rotation":0,"texture":"#2"},"west":{"uv":[7.25,12.25,7.5,12.375],"tintindex":-2,"rotation":0,"texture":"#2"},"up":{"uv":[6.375,12.5,6.25,12.25],"tintindex":-2,"rotation":0,"texture":"#2"},"down":{"uv":[7.75,12.25,7.625,12.5],"tintindex":-2,"rotation":0,"texture":"#2"}}},{"from":[7.5,6.876567,10.419628],"to":[8.5,8.876567,11.419628],"faces":{"east":{"uv":[3.25,12.375,3.375,12.625],"tintindex":-2,"rotation":0,"texture":"#2"},"south":{"uv":[12.375,3.25,12.5,3.5],"tintindex":-2,"rotation":0,"texture":"#2"},"north":{"uv":[11.5,12.25,11.625,12.5],"tintindex":-2,"rotation":0,"texture":"#2"},"west":{"uv":[4.125,12.375,4.25,12.625],"tintindex":-2,"rotation":0,"texture":"#2"},"up":{"uv":[13.125,5.625,13.0,5.5],"tintindex":-2,"rotation":0,"texture":"#2"},"down":{"uv":[6.5,13.0,6.375,13.125],"tintindex":-2,"rotation":0,"texture":"#2"}},"rotation":{"origin":[8.0,7.996296,5.412519],"angle":-22.5,"axis":"x"}},{"from":[7.5,7.116025,10.419628],"to":[8.5,9.116025,11.419628],"faces":{"east":{"uv":[12.375,6.25,12.5,6.5],"tintindex":-2,"rotation":0,"texture":"#2"},"south":{"uv":[12.375,6.625,12.5,6.875],"tintindex":-2,"rotation":0,"texture":"#2"},"north":{"uv":[12.375,5.875,12.5,6.125],"tintindex":-2,"rotation":0,"texture":"#2"},"west":{"uv":[12.375,7.25,12.5,7.5],"tintindex":-2,"rotation":0,"texture":"#2"},"up":{"uv":[6.75,13.125,6.625,13.0],"tintindex":-2,"rotation":0,"texture":"#2"},"down":{"uv":[7.0,13.0,6.875,13.125],"tintindex":-2,"rotation":0,"texture":"#2"}},"rotation":{"origin":[8.0,7.996296,5.412519],"angle":22.5,"axis":"x"}},{"from":[7.15,4.5753837,7.133432],"to":[8.85,6.2753835,8.833432],"faces":{"east":{"uv":[11.375,7.0,11.625,7.25],"tintindex":-2,"rotation":0,"texture":"#2"},"south":{"uv":[11.375,8.625,11.625,8.875],"tintindex":-2,"rotation":0,"texture":"#2"},"north":{"uv":[11.375,4.75,11.625,5.0],"tintindex":-2,"rotation":0,"texture":"#2"},"west":{"uv":[9.625,11.375,9.875,11.625],"tintindex":-2,"rotation":0,"texture":"#2"},"up":{"uv":[0.75,11.75,0.5,11.5],"tintindex":-2,"rotation":0,"texture":"#2"},"down":{"uv":[11.75,2.5,11.5,2.75],"tintindex":-2,"rotation":0,"texture":"#2"}},"rotation":{"origin":[8.0,7.996296,5.412519],"angle":-45.0,"axis":"x"}},{"from":[7.6499996,8.746296,6.6983385],"to":[8.35,9.746296,8.6983385],"faces":{"east":{"uv":[12.25,4.875,12.5,5.0],"tintindex":-2,"rotation":0,"texture":"#2"},"south":{"uv":[12.875,12.25,13.0,12.375],"tintindex":-2,"rotation":0,"texture":"#2"},"north":{"uv":[12.125,12.875,12.25,13.0],"tintindex":-2,"rotation":0,"texture":"#2"},"west":{"uv":[5.375,12.25,5.625,12.375],"tintindex":-2,"rotation":0,"texture":"#2"},"up":{"uv":[5.875,12.5,5.75,12.25],"tintindex":-2,"rotation":0,"texture":"#2"},"down":{"uv":[6.125,12.25,6.0,12.5],"tintindex":-2,"rotation":0,"texture":"#2"}}},{"from":[7.44,7.436296,15.9883375],"to":[8.56,8.556296,16.858337],"faces":{"east":{"uv":[13.0,1.25,13.125,1.375],"tintindex":-2,"rotation":0,"texture":"#2"},"south":{"uv":[13.0,1.5,13.125,1.625],"tintindex":-2,"rotation":0,"texture":"#2"},"north":{"uv":[13.0,1.0,13.125,1.125],"tintindex":-2,"rotation":0,"texture":"#2"},"west":{"uv":[13.0,1.75,13.125,1.875],"tintindex":-2,"rotation":0,"texture":"#2"},"up":{"uv":[13.125,2.125,13.0,2.0],"tintindex":-2,"rotation":0,"texture":"#2"},"down":{"uv":[13.125,2.25,13.0,2.375],"tintindex":-2,"rotation":0,"texture":"#2"}}},{"from":[7.5,6.876567,9.419628],"to":[8.5,10.876566,10.419628],"faces":{"east":{"uv":[3.125,11.375,3.25,11.875],"tintindex":-2,"rotation":0,"texture":"#2"},"south":{"uv":[3.375,11.375,3.5,11.875],"tintindex":-2,"rotation":0,"texture":"#2"},"north":{"uv":[2.5,11.375,2.625,11.875],"tintindex":-2,"rotation":0,"texture":"#2"},"west":{"uv":[5.5,11.375,5.625,11.875],"tintindex":-2,"rotation":0,"texture":"#2"},"up":{"uv":[4.625,13.125,4.5,13.0],"tintindex":-2,"rotation":0,"texture":"#2"},"down":{"uv":[13.125,5.0,13.0,5.125],"tintindex":-2,"rotation":0,"texture":"#2"}},"rotation":{"origin":[8.0,7.996296,5.412519],"angle":-22.5,"axis":"x"}},{"from":[7.35,7.346296,11.398338],"to":[8.65,8.646296,12.698338],"faces":{"east":{"uv":[6.125,12.875,6.25,13.0],"tintindex":-2,"rotation":0,"texture":"#2"},"south":{"uv":[12.875,6.125,13.0,6.25],"tintindex":-2,"rotation":0,"texture":"#2"},"north":{"uv":[12.875,5.875,13.0,6.0],"tintindex":-2,"rotation":0,"texture":"#2"},"west":{"uv":[12.875,6.375,13.0,6.5],"tintindex":-2,"rotation":0,"texture":"#2"},"up":{"uv":[13.0,6.75,12.875,6.625],"tintindex":-2,"rotation":0,"texture":"#2"},"down":{"uv":[13.0,6.875,12.875,7.0],"tintindex":-2,"rotation":0,"texture":"#2"}}},{"from":[7.8095,12.636658,-7.0536494],"to":[8.1905,13.542658,-4.04765],"faces":{"east":{"uv":[11.75,4.875,12.125,5.0],"tintindex":-2,"rotation":0,"texture":"#2"},"south":{"uv":[8.375,13.0,8.5,13.125],"tintindex":-2,"rotation":0,"texture":"#2"},"north":{"uv":[13.0,8.125,13.125,8.25],"tintindex":-2,"rotation":0,"texture":"#2"},"west":{"uv":[11.75,7.0,12.125,7.125],"tintindex":-2,"rotation":0,"texture":"#2"},"up":{"uv":[9.75,12.125,9.625,11.75],"tintindex":-2,"rotation":0,"texture":"#2"},"down":{"uv":[10.0,11.75,9.875,12.125],"tintindex":-2,"rotation":0,"texture":"#2"}},"rotation":{"origin":[8.0,7.996296,5.412519],"angle":-22.5,"axis":"x"}},{"from":[7.6529994,5.8526473,5.0872936],"to":[8.347,6.5537543,5.7884007],"faces":{"east":{"uv":[10.5,12.875,10.625,13.0],"tintindex":-2,"rotation":0,"texture":"#2"},"south":{"uv":[10.75,12.875,10.875,13.0],"tintindex":-2,"rotation":0,"texture":"#2"},"north":{"uv":[10.25,12.875,10.375,13.0],"tintindex":-2,"rotation":0,"texture":"#2"},"west":{"uv":[11.0,12.875,11.125,13.0],"tintindex":-2,"rotation":0,"texture":"#2"},"up":{"uv":[11.375,13.0,11.25,12.875],"tintindex":-2,"rotation":0,"texture":"#2"},"down":{"uv":[13.0,12.0,12.875,12.125],"tintindex":-2,"rotation":0,"texture":"#2"}},"rotation":{"origin":[8.0,7.996296,5.412519],"angle":-45.0,"axis":"x"}},{"from":[7.3,4.2253838,6.783432],"to":[8.7,6.6253834,9.183432],"faces":{"east":{"uv":[4.625,11.125,4.875,11.375],"tintindex":-2,"rotation":0,"texture":"#2"},"south":{"uv":[11.75,12.125,11.875,12.375],"tintindex":-2,"rotation":0,"texture":"#2"},"north":{"uv":[12.125,11.375,12.25,11.625],"tintindex":-2,"rotation":0,"texture":"#2"},"west":{"uv":[6.125,11.125,6.375,11.375],"tintindex":-2,"rotation":0,"texture":"#2"},"up":{"uv":[0.625,12.5,0.5,12.25],"tintindex":-2,"rotation":0,"texture":"#2"},"down":{"uv":[0.875,12.25,0.75,12.5],"tintindex":-2,"rotation":0,"texture":"#2"}},"rotation":{"origin":[8.0,7.996296,5.412519],"angle":-45.0,"axis":"x"}},{"from":[7.8125,6.496296,-5.451662],"to":[8.1875,9.496296,8.548338],"faces":{"east":{"uv":[3.125,3.75,4.875,4.125],"tintindex":-2,"rotation":0,"texture":"#2"},"south":{"uv":[8.625,11.75,8.75,12.125],"tintindex":-2,"rotation":0,"texture":"#2"},"north":{"uv":[7.5,11.75,7.625,12.125],"tintindex":-2,"rotation":0,"texture":"#2"},"west":{"uv":[4.25,2.625,6.0,3.0],"tintindex":-2,"rotation":0,"texture":"#2"},"up":{"uv":[7.625,10.125,7.5,8.375],"tintindex":-2,"rotation":0,"texture":"#2"},"down":{"uv":[7.875,8.375,7.75,10.125],"tintindex":-2,"rotation":0,"texture":"#2"}}},{"from":[7.6529994,7.6204143,6.85506],"to":[8.347,8.321521,7.5561676],"faces":{"east":{"uv":[12.625,12.875,12.75,13.0],"tintindex":-2,"rotation":270,"texture":"#2"},"south":{"uv":[13.125,0.625,13.0,0.5],"tintindex":-2,"rotation":0,"texture":"#2"},"north":{"uv":[13.125,0.75,13.0,0.875],"tintindex":-2,"rotation":180,"texture":"#2"},"west":{"uv":[13.0,0.0,13.125,0.125],"tintindex":-2,"rotation":90,"texture":"#2"},"up":{"uv":[12.375,12.875,12.5,13.0],"tintindex":-2,"rotation":180,"texture":"#2"},"down":{"uv":[12.875,12.875,13.0,13.0],"tintindex":-2,"rotation":0,"texture":"#2"}},"rotation":{"origin":[8.0,7.996296,5.412519],"angle":-45.0,"axis":"x"}},{"from":[7.6529994,7.3375716,5.3701363],"to":[8.347,8.038678,6.0712433],"faces":{"east":{"uv":[12.875,8.625,13.0,8.75],"tintindex":-2,"rotation":0,"texture":"#2"},"south":{"uv":[12.875,8.875,13.0,9.0],"tintindex":-2,"rotation":0,"texture":"#2"},"north":{"uv":[12.875,7.375,13.0,7.5],"tintindex":-2,"rotation":0,"texture":"#2"},"west":{"uv":[9.0,12.875,9.125,13.0],"tintindex":-2,"rotation":0,"texture":"#2"},"up":{"uv":[9.375,13.0,9.25,12.875],"tintindex":-2,"rotation":0,"texture":"#2"},"down":{"uv":[13.0,9.375,12.875,9.5],"tintindex":-2,"rotation":0,"texture":"#2"}},"rotation":{"origin":[8.0,7.996296,5.412519],"angle":-45.0,"axis":"x"}},{"from":[7.493,6.489296,9.541338],"to":[8.507,9.503296,11.555338],"faces":{"east":{"uv":[1.0,9.875,1.25,10.25],"tintindex":-2,"rotation":0,"texture":"#2"},"south":{"uv":[7.25,11.75,7.375,12.125],"tintindex":-2,"rotation":0,"texture":"#2"},"north":{"uv":[6.25,11.75,6.375,12.125],"tintindex":-2,"rotation":0,"texture":"#2"},"west":{"uv":[6.25,9.875,6.5,10.25],"tintindex":-2,"rotation":0,"texture":"#2"},"up":{"uv":[12.25,10.875,12.125,10.625],"tintindex":-2,"rotation":0,"texture":"#2"},"down":{"uv":[12.25,11.0,12.125,11.25],"tintindex":-2,"rotation":0,"texture":"#2"}}},{"from":[7.35,-1.2148346,12.823649],"to":[8.65,0.58516586,14.623649],"faces":{"east":{"uv":[1.625,11.25,1.875,11.5],"tintindex":-2,"rotation":0,"texture":"#2"},"south":{"uv":[2.75,11.25,3.0,11.5],"tintindex":-2,"rotation":0,"texture":"#2"},"north":{"uv":[11.125,11.125,11.375,11.375],"tintindex":-2,"rotation":0,"texture":"#2"},"west":{"uv":[11.25,4.375,11.5,4.625],"tintindex":-2,"rotation":0,"texture":"#2"},"up":{"uv":[6.75,11.5,6.5,11.25],"tintindex":-2,"rotation":0,"texture":"#2"},"down":{"uv":[7.125,11.25,6.875,11.5],"tintindex":-2,"rotation":0,"texture":"#2"}},"rotation":{"origin":[8.0,7.996296,5.412519],"angle":-45.0,"axis":"x"}},{"from":[7.5,5.116025,9.419628],"to":[8.5,9.116025,10.419628],"faces":{"east":{"uv":[8.375,11.375,8.5,11.875],"tintindex":-2,"rotation":0,"texture":"#2"},"south":{"uv":[11.375,9.25,11.5,9.75],"tintindex":-2,"rotation":0,"texture":"#2"},"north":{"uv":[5.75,11.375,5.875,11.875],"tintindex":-2,"rotation":0,"texture":"#2"},"west":{"uv":[9.375,11.375,9.5,11.875],"tintindex":-2,"rotation":0,"texture":"#2"},"up":{"uv":[5.375,13.125,5.25,13.0],"tintindex":-2,"rotation":0,"texture":"#2"},"down":{"uv":[13.125,5.25,13.0,5.375],"tintindex":-2,"rotation":0,"texture":"#2"}},"rotation":{"origin":[8.0,7.996296,5.412519],"angle":22.5,"axis":"x"}},{"from":[7.504,3.4899113,5.6226087],"to":[8.496,5.481911,7.6146083],"faces":{"east":{"uv":[8.625,11.125,8.875,11.375],"tintindex":-2,"rotation":0,"texture":"#2"},"south":{"uv":[1.25,12.25,1.375,12.5],"tintindex":-2,"rotation":0,"texture":"#2"},"north":{"uv":[1.0,12.25,1.125,12.5],"tintindex":-2,"rotation":0,"texture":"#2"},"west":{"uv":[9.0,11.125,9.25,11.375],"tintindex":-2,"rotation":0,"texture":"#2"},"up":{"uv":[2.0,12.5,1.875,12.25],"tintindex":-2,"rotation":0,"texture":"#2"},"down":{"uv":[2.25,12.25,2.125,12.5],"tintindex":-2,"rotation":0,"texture":"#2"}},"rotation":{"origin":[8.0,7.996296,5.412519],"angle":-45.0,"axis":"x"}},{"from":[7.65,2.447791,16.044945],"to":[8.35,3.1477914,17.744944],"faces":{"east":{"uv":[12.25,9.625,12.5,9.75],"tintindex":-2,"rotation":0,"texture":"#2"},"south":{"uv":[13.0,3.75,13.125,3.875],"tintindex":-2,"rotation":0,"texture":"#2"},"north":{"uv":[13.0,3.5,13.125,3.625],"tintindex":-2,"rotation":0,"texture":"#2"},"west":{"uv":[9.875,12.25,10.125,12.375],"tintindex":-2,"rotation":0,"texture":"#2"},"up":{"uv":[10.375,12.5,10.25,12.25],"tintindex":-2,"rotation":0,"texture":"#2"},"down":{"uv":[10.625,12.25,10.5,12.5],"tintindex":-2,"rotation":0,"texture":"#2"}},"rotation":{"origin":[8.0,7.996296,5.412519],"angle":-22.5,"axis":"x"}}],"display":{"gui":{"rotation":[30,225,0]}}}