{"textures":{"0":"modelengine:entity/boneshading_white","2":"modelengine:entity/fallen_knight_felled"},"elements":[{"from":[11.8375,13.337502,6.4875],"to":[12.8375,14.337502,7.4875],"faces":{"east":{"uv":[3.75,12.875,3.875,13.0],"tintindex":-2,"rotation":0,"texture":"#2"},"south":{"uv":[12.875,4.5,13.0,4.625],"tintindex":-2,"rotation":0,"texture":"#2"},"north":{"uv":[3.5,12.875,3.625,13.0],"tintindex":-2,"rotation":0,"texture":"#2"},"west":{"uv":[4.75,12.875,4.875,13.0],"tintindex":-2,"rotation":0,"texture":"#2"},"up":{"uv":[13.0,4.875,12.875,4.75],"tintindex":-2,"rotation":0,"texture":"#2"},"down":{"uv":[5.125,12.875,5.0,13.0],"tintindex":-2,"rotation":0,"texture":"#2"}}},{"from":[4.0,13.75,3.9],"to":[12.0,14.75,4.9],"faces":{"east":{"uv":[12.625,7.375,12.75,7.5],"tintindex":-2,"rotation":0,"texture":"#2"},"south":{"uv":[9.125,6.125,10.125,6.25],"tintindex":-2,"rotation":0,"texture":"#2"},"north":{"uv":[9.125,5.875,10.125,6.0],"tintindex":-2,"rotation":0,"texture":"#2"},"west":{"uv":[7.5,12.625,7.625,12.75],"tintindex":-2,"rotation":0,"texture":"#2"},"up":{"uv":[9.0,9.25,8.0,9.125],"tintindex":-2,"rotation":0,"texture":"#2"},"down":{"uv":[10.125,9.125,9.125,9.25],"tintindex":-2,"rotation":0,"texture":"#2"}}},{"from":[11.604,12.538713,6.8363132],"to":[12.596001,14.530714,8.828313],"faces":{"east":{"uv":[11.0,7.0,11.25,7.25],"tintindex":-2,"rotation":0,"texture":"#2"},"south":{"uv":[12.125,8.0,12.25,8.25],"tintindex":-2,"rotation":0,"texture":"#2"},"north":{"uv":[8.0,12.125,8.125,12.375],"tintindex":-2,"rotation":0,"texture":"#2"},"west":{"uv":[11.0,8.625,11.25,8.875],"tintindex":-2,"rotation":0,"texture":"#2"},"up":{"uv":[12.25,9.125,12.125,8.875],"tintindex":-2,"rotation":0,"texture":"#2"},"down":{"uv":[12.25,9.25,12.125,9.5],"tintindex":-2,"rotation":0,"texture":"#2"}},"rotation":{"origin":[8.0,12.8125,6.325],"angle":-22.5,"axis":"x"}},{"from":[4.0,12.75,3.9],"to":[5.0,13.75,4.9],"faces":{"east":{"uv":[10.375,12.625,10.5,12.75],"tintindex":-2,"rotation":0,"texture":"#2"},"south":{"uv":[10.625,12.625,10.75,12.75],"tintindex":-2,"rotation":0,"texture":"#2"},"north":{"uv":[10.125,12.625,10.25,12.75],"tintindex":-2,"rotation":0,"texture":"#2"},"west":{"uv":[10.875,12.625,11.0,12.75],"tintindex":-2,"rotation":0,"texture":"#2"},"up":{"uv":[11.25,12.75,11.125,12.625],"tintindex":-2,"rotation":0,"texture":"#2"},"down":{"uv":[11.5,12.625,11.375,12.75],"tintindex":-2,"rotation":0,"texture":"#2"}}},{"from":[11.0,12.75,3.9],"to":[12.0,13.75,4.9],"faces":{"east":{"uv":[12.625,8.875,12.75,9.0],"tintindex":-2,"rotation":0,"texture":"#2"},"south":{"uv":[9.0,12.625,9.125,12.75],"tintindex":-2,"rotation":0,"texture":"#2"},"north":{"uv":[12.625,8.625,12.75,8.75],"tintindex":-2,"rotation":0,"texture":"#2"},"west":{"uv":[9.25,12.625,9.375,12.75],"tintindex":-2,"rotation":0,"texture":"#2"},"up":{"uv":[9.625,12.75,9.5,12.625],"tintindex":-2,"rotation":0,"texture":"#2"},"down":{"uv":[12.75,9.5,12.625,9.625],"tintindex":-2,"rotation":0,"texture":"#2"}}},{"from":[12.0,16.75,12.25],"to":[4.0,8.75,4.25],"faces":{"east":{"uv":[2.25,1.125,3.25,2.125],"tintindex":-2,"rotation":0,"texture":"#2"},"south":{"uv":[2.25,2.25,3.25,3.25],"tintindex":-2,"rotation":0,"texture":"#2"},"north":{"uv":[1.125,2.25,2.125,3.25],"tintindex":-2,"rotation":0,"texture":"#2"},"west":{"uv":[0.0,3.375,1.0,4.375],"tintindex":-2,"rotation":0,"texture":"#2"},"up":{"uv":[4.375,1.0,3.375,0.0],"tintindex":-2,"rotation":0,"texture":"#2"},"down":{"uv":[2.125,3.375,1.125,4.375],"tintindex":-2,"rotation":0,"texture":"#2"}}},{"from":[4.0,8.75,4.25],"to":[12.0,16.75,12.25],"faces":{"east":{"uv":[0.0,1.125,1.0,2.125],"tintindex":-2,"rotation":0,"texture":"#2"},"south":{"uv":[1.125,0.0,2.125,1.0],"tintindex":-2,"rotation":0,"texture":"#2"},"north":{"uv":[0.0,0.0,1.0,1.0],"tintindex":-2,"rotation":0,"texture":"#2"},"west":{"uv":[1.125,1.125,2.125,2.125],"tintindex":-2,"rotation":0,"texture":"#2"},"up":{"uv":[1.0,3.25,0.0,2.25],"tintindex":-2,"rotation":0,"texture":"#2"},"down":{"uv":[3.25,0.0,2.25,1.0],"tintindex":-2,"rotation":0,"texture":"#2"}}},{"from":[3.404,12.538713,6.8363132],"to":[4.396,14.530714,8.828313],"faces":{"east":{"uv":[10.625,2.125,10.875,2.375],"tintindex":-2,"rotation":0,"texture":"#2"},"south":{"uv":[11.875,11.375,12.0,11.625],"tintindex":-2,"rotation":0,"texture":"#2"},"north":{"uv":[10.375,11.875,10.5,12.125],"tintindex":-2,"rotation":0,"texture":"#2"},"west":{"uv":[2.5,10.625,2.75,10.875],"tintindex":-2,"rotation":0,"texture":"#2"},"up":{"uv":[0.125,12.25,0.0,12.0],"tintindex":-2,"rotation":0,"texture":"#2"},"down":{"uv":[0.375,12.0,0.25,12.25],"tintindex":-2,"rotation":0,"texture":"#2"}},"rotation":{"origin":[8.0,12.8125,6.325],"angle":-22.5,"axis":"x"}},{"from":[9.424783,8.745,4.427498],"to":[10.434783,12.755,6.437498],"faces":{"east":{"uv":[5.125,9.375,5.375,9.875],"tintindex":-2,"rotation":0,"texture":"#2"},"south":{"uv":[11.0,8.0,11.125,8.5],"tintindex":-2,"rotation":0,"texture":"#2"},"north":{"uv":[7.625,10.875,7.75,11.375],"tintindex":-2,"rotation":0,"texture":"#2"},"west":{"uv":[5.5,9.375,5.75,9.875],"tintindex":-2,"rotation":0,"texture":"#2"},"up":{"uv":[6.875,12.375,6.75,12.125],"tintindex":-2,"rotation":0,"texture":"#2"},"down":{"uv":[7.125,12.125,7.0,12.375],"tintindex":-2,"rotation":0,"texture":"#2"}},"rotation":{"origin":[8.0,12.8125,6.325],"angle":22.5,"axis":"y"}},{"from":[6.0,14.75,3.9],"to":[10.0,15.75,4.9],"faces":{"east":{"uv":[9.75,13.0,9.875,13.125],"tintindex":-2,"rotation":0,"texture":"#2"},"south":{"uv":[11.5,2.875,12.0,3.0],"tintindex":-2,"rotation":0,"texture":"#2"},"north":{"uv":[11.25,0.25,11.75,0.375],"tintindex":-2,"rotation":0,"texture":"#2"},"west":{"uv":[13.0,9.875,13.125,10.0],"tintindex":-2,"rotation":0,"texture":"#2"},"up":{"uv":[12.0,3.25,11.5,3.125],"tintindex":-2,"rotation":0,"texture":"#2"},"down":{"uv":[12.0,3.375,11.5,3.5],"tintindex":-2,"rotation":0,"texture":"#2"}}},{"from":[3.995,11.745,3.895],"to":[7.005,12.755,4.905],"faces":{"east":{"uv":[3.0,12.875,3.125,13.0],"tintindex":-2,"rotation":0,"texture":"#2"},"south":{"uv":[11.75,3.625,12.125,3.75],"tintindex":-2,"rotation":0,"texture":"#2"},"north":{"uv":[10.25,11.625,10.625,11.75],"tintindex":-2,"rotation":0,"texture":"#2"},"west":{"uv":[12.875,3.25,13.0,3.375],"tintindex":-2,"rotation":0,"texture":"#2"},"up":{"uv":[4.375,11.875,4.0,11.75],"tintindex":-2,"rotation":0,"texture":"#2"},"down":{"uv":[12.125,4.625,11.75,4.75],"tintindex":-2,"rotation":0,"texture":"#2"}}},{"from":[3.407,12.757,3.907],"to":[4.393,14.743,6.893],"faces":{"east":{"uv":[2.625,9.75,3.0,10.0],"tintindex":-2,"rotation":0,"texture":"#2"},"south":{"uv":[10.125,11.875,10.25,12.125],"tintindex":-2,"rotation":0,"texture":"#2"},"north":{"uv":[11.875,9.25,12.0,9.5],"tintindex":-2,"rotation":0,"texture":"#2"},"west":{"uv":[9.75,3.125,10.125,3.375],"tintindex":-2,"rotation":0,"texture":"#2"},"up":{"uv":[1.75,12.0,1.625,11.625],"tintindex":-2,"rotation":0,"texture":"#2"},"down":{"uv":[2.875,11.625,2.75,12.0],"tintindex":-2,"rotation":0,"texture":"#2"}}},{"from":[5.05,7.925,5.3],"to":[10.95,8.825,11.2],"faces":{"east":{"uv":[9.75,4.75,10.5,4.875],"tintindex":-2,"rotation":0,"texture":"#2"},"south":{"uv":[9.75,6.75,10.5,6.875],"tintindex":-2,"rotation":0,"texture":"#2"},"north":{"uv":[9.75,4.5,10.5,4.625],"tintindex":-2,"rotation":0,"texture":"#2"},"west":{"uv":[9.75,7.0,10.5,7.125],"tintindex":-2,"rotation":0,"texture":"#2"},"up":{"uv":[1.875,5.25,1.125,4.5],"tintindex":-2,"rotation":0,"texture":"#2"},"down":{"uv":[2.75,4.5,2.0,5.25],"tintindex":-2,"rotation":0,"texture":"#2"}}},{"from":[8.995,11.745,3.895],"to":[12.005,12.755,4.905],"faces":{"east":{"uv":[12.625,6.875,12.75,7.0],"tintindex":-2,"rotation":0,"texture":"#2"},"south":{"uv":[11.625,1.75,12.0,1.875],"tintindex":-2,"rotation":0,"texture":"#2"},"north":{"uv":[11.625,1.5,12.0,1.625],"tintindex":-2,"rotation":0,"texture":"#2"},"west":{"uv":[12.625,7.125,12.75,7.25],"tintindex":-2,"rotation":0,"texture":"#2"},"up":{"uv":[12.0,2.125,11.625,2.0],"tintindex":-2,"rotation":0,"texture":"#2"},"down":{"uv":[12.0,2.25,11.625,2.375],"tintindex":-2,"rotation":0,"texture":"#2"}}},{"from":[3.1625,13.337502,6.4875],"to":[4.1625,14.337502,7.4875],"faces":{"east":{"uv":[12.25,12.625,12.375,12.75],"tintindex":-2,"rotation":0,"texture":"#2"},"south":{"uv":[12.625,12.375,12.75,12.5],"tintindex":-2,"rotation":0,"texture":"#2"},"north":{"uv":[12.625,12.125,12.75,12.25],"tintindex":-2,"rotation":0,"texture":"#2"},"west":{"uv":[12.5,12.625,12.625,12.75],"tintindex":-2,"rotation":0,"texture":"#2"},"up":{"uv":[12.875,0.125,12.75,0.0],"tintindex":-2,"rotation":0,"texture":"#2"},"down":{"uv":[12.875,0.5,12.75,0.625],"tintindex":-2,"rotation":0,"texture":"#2"}}},{"from":[11.607,12.757,3.907],"to":[12.593,14.743,6.893],"faces":{"east":{"uv":[4.125,9.875,4.5,10.125],"tintindex":-2,"rotation":0,"texture":"#2"},"south":{"uv":[12.125,10.25,12.25,10.5],"tintindex":-2,"rotation":0,"texture":"#2"},"north":{"uv":[12.125,9.875,12.25,10.125],"tintindex":-2,"rotation":0,"texture":"#2"},"west":{"uv":[9.875,5.375,10.25,5.625],"tintindex":-2,"rotation":0,"texture":"#2"},"up":{"uv":[5.125,12.125,5.0,11.75],"tintindex":-2,"rotation":0,"texture":"#2"},"down":{"uv":[6.125,11.75,6.0,12.125],"tintindex":-2,"rotation":0,"texture":"#2"}}},{"from":[5.0,16.75,4.25],"to":[11.0,17.75,12.25],"faces":{"east":{"uv":[9.125,3.5,10.125,3.625],"tintindex":-2,"rotation":0,"texture":"#2"},"south":{"uv":[9.75,2.25,10.5,2.375],"tintindex":-2,"rotation":0,"texture":"#2"},"north":{"uv":[9.75,0.375,10.5,0.5],"tintindex":-2,"rotation":0,"texture":"#2"},"west":{"uv":[5.125,9.125,6.125,9.25],"tintindex":-2,"rotation":0,"texture":"#2"},"up":{"uv":[3.0,4.375,2.25,3.375],"tintindex":-2,"rotation":0,"texture":"#2"},"down":{"uv":[4.125,2.625,3.375,3.625],"tintindex":-2,"rotation":0,"texture":"#2"}}},{"from":[4.7,9.975,4.2947903],"to":[11.275,16.2,5.81979],"faces":{"east":{"uv":[14.5625,0.0,16.0,0.875],"tintindex":-2,"rotation":0,"texture":"#0"},"south":{"uv":[14.5625,0.0,16.0,0.875],"tintindex":-2,"rotation":0,"texture":"#0"},"north":{"uv":[14.5625,0.0,16.0,0.875],"tintindex":-2,"rotation":0,"texture":"#0"},"west":{"uv":[14.5625,0.0,16.0,0.875],"tintindex":-2,"rotation":0,"texture":"#0"},"up":{"uv":[14.5625,0.0,16.0,0.875],"tintindex":-2,"rotation":0,"texture":"#0"},"down":{"uv":[14.5625,0.0,16.0,0.875],"tintindex":-2,"rotation":0,"texture":"#0"}}},{"from":[5.5652165,8.745,4.427498],"to":[6.575217,12.755,6.437498],"faces":{"east":{"uv":[5.875,9.375,6.125,9.875],"tintindex":-2,"rotation":0,"texture":"#2"},"south":{"uv":[10.5,11.0,10.625,11.5],"tintindex":-2,"rotation":0,"texture":"#2"},"north":{"uv":[10.25,11.0,10.375,11.5],"tintindex":-2,"rotation":0,"texture":"#2"},"west":{"uv":[9.375,6.75,9.625,7.25],"tintindex":-2,"rotation":0,"texture":"#2"},"up":{"uv":[12.25,7.5,12.125,7.25],"tintindex":-2,"rotation":0,"texture":"#2"},"down":{"uv":[12.25,7.625,12.125,7.875],"tintindex":-2,"rotation":0,"texture":"#2"}},"rotation":{"origin":[8.0,12.8125,6.325],"angle":-22.5,"axis":"y"}}],"display":{"gui":{"rotation":[30,225,0]}}}