{"textures":{"2":"modelengine:entity/fallen_knight_felled"},"elements":[{"from":[6.038433,4.527952,6.05],"to":[10.038433,5.527952,10.05],"faces":{"east":{"uv":[11.375,3.5,10.875,3.625],"tintindex":-2,"rotation":0,"texture":"#2"},"south":{"uv":[11.375,3.25,10.875,3.375],"tintindex":-2,"rotation":0,"texture":"#2"},"north":{"uv":[11.375,2.5,10.875,2.625],"tintindex":-2,"rotation":0,"texture":"#2"},"west":{"uv":[11.375,3.0,10.875,3.125],"tintindex":-2,"rotation":0,"texture":"#2"},"up":{"uv":[4.375,7.875,4.875,7.375],"tintindex":-2,"rotation":0,"texture":"#2"},"down":{"uv":[7.375,5.875,7.875,6.375],"tintindex":-2,"rotation":0,"texture":"#2"}}},{"from":[6.238433,3.1904528,6.2374997],"to":[9.838433,6.790454,9.837501],"faces":{"east":{"uv":[1.75,7.375,1.25,7.875],"tintindex":-2,"rotation":0,"texture":"#2"},"south":{"uv":[6.75,2.125,6.25,2.625],"tintindex":-2,"rotation":0,"texture":"#2"},"north":{"uv":[7.75,4.625,7.25,5.125],"tintindex":-2,"rotation":0,"texture":"#2"},"west":{"uv":[7.75,5.25,7.25,5.75],"tintindex":-2,"rotation":0,"texture":"#2"},"up":{"uv":[7.375,3.625,7.875,3.125],"tintindex":-2,"rotation":0,"texture":"#2"},"down":{"uv":[3.75,7.375,4.25,7.875],"tintindex":-2,"rotation":0,"texture":"#2"}}},{"from":[6.038433,-0.77204704,6.0],"to":[10.038433,3.227953,10.0],"faces":{"east":{"uv":[6.625,4.875,7.125,5.375],"tintindex":-2,"rotation":270,"texture":"#2"},"south":{"uv":[6.625,5.5,7.125,6.0],"tintindex":-2,"rotation":0,"texture":"#2"},"north":{"uv":[7.125,5.5,6.625,6.0],"tintindex":-2,"rotation":0,"texture":"#2"},"west":{"uv":[1.125,6.75,0.625,7.25],"tintindex":-2,"rotation":0,"texture":"#2"},"up":{"uv":[3.75,7.25,4.25,6.75],"tintindex":-2,"rotation":0,"texture":"#2"},"down":{"uv":[4.375,6.75,4.875,7.25],"tintindex":-2,"rotation":0,"texture":"#2"}}},{"from":[9.538433,0.52795315,6.0],"to":[10.538433,1.5279531,7.0],"faces":{"east":{"uv":[2.375,12.875,2.25,13.0],"tintindex":-2,"rotation":0,"texture":"#2"},"south":{"uv":[2.125,12.875,2.0,13.0],"tintindex":-2,"rotation":0,"texture":"#2"},"north":{"uv":[1.625,12.875,1.5,13.0],"tintindex":-2,"rotation":0,"texture":"#2"},"west":{"uv":[1.875,12.875,1.75,13.0],"tintindex":-2,"rotation":0,"texture":"#2"},"up":{"uv":[2.5,13.0,2.625,12.875],"tintindex":-2,"rotation":0,"texture":"#2"},"down":{"uv":[2.75,12.875,2.875,13.0],"tintindex":-2,"rotation":0,"texture":"#2"}},"rotation":{"origin":[10.038433,1.5279531,5.5],"angle":45.0,"axis":"z"}},{"from":[9.838433,6.790454,9.837501],"to":[6.238433,3.1904528,6.2374997],"faces":{"east":{"uv":[7.75,5.75,7.25,5.25],"tintindex":-2,"rotation":0,"texture":"#2"},"south":{"uv":[7.75,5.125,7.25,4.625],"tintindex":-2,"rotation":0,"texture":"#2"},"north":{"uv":[6.75,2.625,6.25,2.125],"tintindex":-2,"rotation":0,"texture":"#2"},"west":{"uv":[1.75,7.875,1.25,7.375],"tintindex":-2,"rotation":0,"texture":"#2"},"up":{"uv":[4.25,7.375,3.75,7.875],"tintindex":-2,"rotation":0,"texture":"#2"},"down":{"uv":[7.875,3.625,7.375,3.125],"tintindex":-2,"rotation":0,"texture":"#2"}}},{"from":[9.538433,0.52795315,5.0],"to":[10.538433,2.5279531,6.0],"faces":{"east":{"uv":[12.25,6.625,12.125,6.875],"tintindex":-2,"rotation":0,"texture":"#2"},"south":{"uv":[6.625,12.125,6.5,12.375],"tintindex":-2,"rotation":0,"texture":"#2"},"north":{"uv":[12.25,5.875,12.125,6.125],"tintindex":-2,"rotation":0,"texture":"#2"},"west":{"uv":[12.25,6.25,12.125,6.5],"tintindex":-2,"rotation":0,"texture":"#2"},"up":{"uv":[1.0,13.0,1.125,12.875],"tintindex":-2,"rotation":0,"texture":"#2"},"down":{"uv":[1.25,12.875,1.375,13.0],"tintindex":-2,"rotation":0,"texture":"#2"}},"rotation":{"origin":[10.038433,1.5279531,5.5],"angle":45.0,"axis":"z"}}],"display":{"gui":{"rotation":[30,225,0]}}}