{"textures":{"2":"modelengine:entity/fallen_knight_felled"},"elements":[{"from":[6.15,8.9375,6.15],"to":[9.85,9.637501,9.85],"faces":{"east":{"uv":[10.875,10.625,11.375,10.75],"tintindex":-2,"rotation":0,"texture":"#2"},"south":{"uv":[10.875,10.875,11.375,11.0],"tintindex":-2,"rotation":0,"texture":"#2"},"north":{"uv":[10.875,10.375,11.375,10.5],"tintindex":-2,"rotation":0,"texture":"#2"},"west":{"uv":[11.0,0.0,11.5,0.125],"tintindex":-2,"rotation":0,"texture":"#2"},"up":{"uv":[6.125,8.0,5.625,7.5],"tintindex":-2,"rotation":0,"texture":"#2"},"down":{"uv":[8.0,7.125,7.5,7.625],"tintindex":-2,"rotation":0,"texture":"#2"}}},{"from":[10.0,9.0,10.0],"to":[6.0,4.0,6.0],"faces":{"east":{"uv":[0.0,6.5,0.5,5.875],"tintindex":-2,"rotation":0,"texture":"#2"},"south":{"uv":[4.75,6.0,5.25,5.375],"tintindex":-2,"rotation":0,"texture":"#2"},"north":{"uv":[5.625,0.625,6.125,0.0],"tintindex":-2,"rotation":0,"texture":"#2"},"west":{"uv":[5.375,6.0,5.875,5.375],"tintindex":-2,"rotation":0,"texture":"#2"},"up":{"uv":[6.25,0.0,6.75,0.5],"tintindex":-2,"rotation":0,"texture":"#2"},"down":{"uv":[4.875,6.625,5.375,6.125],"tintindex":-2,"rotation":0,"texture":"#2"}}},{"from":[6.0,4.0,6.0],"to":[10.0,9.0,10.0],"faces":{"east":{"uv":[5.375,5.375,5.875,6.0],"tintindex":-2,"rotation":0,"texture":"#2"},"south":{"uv":[5.625,0.0,6.125,0.625],"tintindex":-2,"rotation":0,"texture":"#2"},"north":{"uv":[4.75,5.375,5.25,6.0],"tintindex":-2,"rotation":0,"texture":"#2"},"west":{"uv":[0.0,5.875,0.5,6.5],"tintindex":-2,"rotation":0,"texture":"#2"},"up":{"uv":[5.375,6.625,4.875,6.125],"tintindex":-2,"rotation":0,"texture":"#2"},"down":{"uv":[6.75,0.0,6.25,0.5],"tintindex":-2,"rotation":0,"texture":"#2"}}}],"display":{"gui":{"rotation":[30,225,0]}}}