{"textures":{"2":"modelengine:entity/fallen_knight_felled"},"elements":[{"from":[7.5,2.5,6.0],"to":[8.5,3.5,10.0],"faces":{"east":{"uv":[5.125,10.875,4.625,11.0],"tintindex":-2,"rotation":0,"texture":"#2"},"south":{"uv":[0.125,12.875,0.0,13.0],"tintindex":-2,"rotation":0,"texture":"#2"},"north":{"uv":[12.875,12.625,12.75,12.75],"tintindex":-2,"rotation":0,"texture":"#2"},"west":{"uv":[11.375,4.125,10.875,4.25],"tintindex":-2,"rotation":0,"texture":"#2"},"up":{"uv":[9.75,11.25,9.875,10.75],"tintindex":-2,"rotation":0,"texture":"#2"},"down":{"uv":[0.625,10.875,0.75,11.375],"tintindex":-2,"rotation":0,"texture":"#2"}}},{"from":[5.0031357,6.752096,6.005],"to":[6.0031357,8.002096,9.995],"faces":{"east":{"uv":[11.375,9.0,10.875,9.125],"tintindex":-2,"rotation":0,"texture":"#2"},"south":{"uv":[0.875,12.875,0.75,13.0],"tintindex":-2,"rotation":0,"texture":"#2"},"north":{"uv":[0.625,12.875,0.5,13.0],"tintindex":-2,"rotation":0,"texture":"#2"},"west":{"uv":[11.375,7.75,10.875,7.875],"tintindex":-2,"rotation":0,"texture":"#2"},"up":{"uv":[5.25,11.375,5.375,10.875],"tintindex":-2,"rotation":0,"texture":"#2"},"down":{"uv":[7.375,10.875,7.5,11.375],"tintindex":-2,"rotation":0,"texture":"#2"}},"rotation":{"origin":[6.5031357,8.002096,8.0],"angle":-22.5,"axis":"z"}},{"from":[4.5,3.5,6.0],"to":[8.5,7.5,10.0],"faces":{"east":{"uv":[8.0,0.0,7.5,0.5],"tintindex":-2,"rotation":0,"texture":"#2"},"south":{"uv":[7.375,7.375,6.875,7.875],"tintindex":-2,"rotation":0,"texture":"#2"},"north":{"uv":[6.75,7.375,6.25,7.875],"tintindex":-2,"rotation":0,"texture":"#2"},"west":{"uv":[7.875,6.5,7.375,7.0],"tintindex":-2,"rotation":0,"texture":"#2"},"up":{"uv":[7.5,2.375,8.0,1.875],"tintindex":-2,"rotation":0,"texture":"#2"},"down":{"uv":[5.0,7.5,5.5,8.0],"tintindex":-2,"rotation":0,"texture":"#2"}}},{"from":[5.5,7.5,6.0],"to":[8.5,8.5,10.0],"faces":{"east":{"uv":[11.375,7.5,10.875,7.625],"tintindex":-2,"rotation":0,"texture":"#2"},"south":{"uv":[12.0,6.75,11.625,6.875],"tintindex":-2,"rotation":0,"texture":"#2"},"north":{"uv":[12.0,4.375,11.625,4.5],"tintindex":-2,"rotation":0,"texture":"#2"},"west":{"uv":[6.625,10.875,6.125,11.0],"tintindex":-2,"rotation":0,"texture":"#2"},"up":{"uv":[8.625,6.375,9.0,5.875],"tintindex":-2,"rotation":0,"texture":"#2"},"down":{"uv":[6.25,8.625,6.625,9.125],"tintindex":-2,"rotation":0,"texture":"#2"}}},{"from":[4.5,2.5,6.0],"to":[5.5,3.5,10.0],"faces":{"east":{"uv":[11.375,6.0,10.875,6.125],"tintindex":-2,"rotation":0,"texture":"#2"},"south":{"uv":[13.0,0.25,12.875,0.375],"tintindex":-2,"rotation":0,"texture":"#2"},"north":{"uv":[0.375,12.875,0.25,13.0],"tintindex":-2,"rotation":0,"texture":"#2"},"west":{"uv":[11.375,5.75,10.875,5.875],"tintindex":-2,"rotation":0,"texture":"#2"},"up":{"uv":[3.625,11.375,3.75,10.875],"tintindex":-2,"rotation":0,"texture":"#2"},"down":{"uv":[3.875,10.875,4.0,11.375],"tintindex":-2,"rotation":0,"texture":"#2"}}},{"from":[4.4,6.4,5.9],"to":[8.6,8.6,10.1],"faces":{"east":{"uv":[7.125,9.5,6.625,9.75],"tintindex":-2,"rotation":0,"texture":"#2"},"south":{"uv":[4.5,9.5,4.0,9.75],"tintindex":-2,"rotation":0,"texture":"#2"},"north":{"uv":[10.0,1.0,9.5,1.25],"tintindex":-2,"rotation":0,"texture":"#2"},"west":{"uv":[10.0,1.375,9.5,1.625],"tintindex":-2,"rotation":0,"texture":"#2"},"up":{"uv":[8.0,6.125,8.5,5.625],"tintindex":-2,"rotation":0,"texture":"#2"},"down":{"uv":[6.25,8.0,6.75,8.5],"tintindex":-2,"rotation":0,"texture":"#2"}},"rotation":{"origin":[6.5,7.5,8.0],"angle":-22.5,"axis":"z"}},{"from":[5.5,7.5,7.0],"to":[8.5,9.5,9.0],"faces":{"east":{"uv":[11.75,5.625,11.5,5.875],"tintindex":-2,"rotation":0,"texture":"#2"},"south":{"uv":[5.375,10.0,5.0,10.25],"tintindex":-2,"rotation":0,"texture":"#2"},"north":{"uv":[10.375,3.75,10.0,4.0],"tintindex":-2,"rotation":0,"texture":"#2"},"west":{"uv":[4.875,11.5,4.625,11.75],"tintindex":-2,"rotation":0,"texture":"#2"},"up":{"uv":[5.5,10.25,5.875,10.0],"tintindex":-2,"rotation":0,"texture":"#2"},"down":{"uv":[8.0,10.0,8.375,10.25],"tintindex":-2,"rotation":0,"texture":"#2"}},"rotation":{"origin":[7.0,9.0,8.0],"angle":22.5,"axis":"z"}}],"display":{"gui":{"rotation":[30,225,0]}}}