{"textures":{"2":"modelengine:entity/fallen_knight_felled"},"elements":[{"from":[7.4,6.4,5.9],"to":[11.6,8.6,10.1],"faces":{"east":{"uv":[9.5,1.375,10.0,1.625],"tintindex":-2,"rotation":0,"texture":"#2"},"south":{"uv":[4.0,9.5,4.5,9.75],"tintindex":-2,"rotation":0,"texture":"#2"},"north":{"uv":[9.5,1.0,10.0,1.25],"tintindex":-2,"rotation":0,"texture":"#2"},"west":{"uv":[6.625,9.5,7.125,9.75],"tintindex":-2,"rotation":0,"texture":"#2"},"up":{"uv":[8.5,6.125,8.0,5.625],"tintindex":-2,"rotation":0,"texture":"#2"},"down":{"uv":[6.75,8.0,6.25,8.5],"tintindex":-2,"rotation":0,"texture":"#2"}},"rotation":{"origin":[9.5,7.5,8.0],"angle":22.5,"axis":"z"}},{"from":[7.5,3.5,6.0],"to":[11.5,7.5,10.0],"faces":{"east":{"uv":[7.375,6.5,7.875,7.0],"tintindex":-2,"rotation":0,"texture":"#2"},"south":{"uv":[6.875,7.375,7.375,7.875],"tintindex":-2,"rotation":0,"texture":"#2"},"north":{"uv":[6.25,7.375,6.75,7.875],"tintindex":-2,"rotation":0,"texture":"#2"},"west":{"uv":[7.5,0.0,8.0,0.5],"tintindex":-2,"rotation":0,"texture":"#2"},"up":{"uv":[8.0,2.375,7.5,1.875],"tintindex":-2,"rotation":0,"texture":"#2"},"down":{"uv":[5.5,7.5,5.0,8.0],"tintindex":-2,"rotation":0,"texture":"#2"}}},{"from":[7.5,7.5,6.0],"to":[10.5,8.5,10.0],"faces":{"east":{"uv":[6.125,10.875,6.625,11.0],"tintindex":-2,"rotation":0,"texture":"#2"},"south":{"uv":[11.625,6.75,12.0,6.875],"tintindex":-2,"rotation":0,"texture":"#2"},"north":{"uv":[11.625,4.375,12.0,4.5],"tintindex":-2,"rotation":0,"texture":"#2"},"west":{"uv":[10.875,7.5,11.375,7.625],"tintindex":-2,"rotation":0,"texture":"#2"},"up":{"uv":[9.0,6.375,8.625,5.875],"tintindex":-2,"rotation":0,"texture":"#2"},"down":{"uv":[6.625,8.625,6.25,9.125],"tintindex":-2,"rotation":0,"texture":"#2"}}},{"from":[7.5,2.5,6.0],"to":[8.5,3.5,10.0],"faces":{"east":{"uv":[10.875,4.125,11.375,4.25],"tintindex":-2,"rotation":0,"texture":"#2"},"south":{"uv":[0.0,12.875,0.125,13.0],"tintindex":-2,"rotation":0,"texture":"#2"},"north":{"uv":[12.75,12.625,12.875,12.75],"tintindex":-2,"rotation":0,"texture":"#2"},"west":{"uv":[4.625,10.875,5.125,11.0],"tintindex":-2,"rotation":0,"texture":"#2"},"up":{"uv":[9.875,11.25,9.75,10.75],"tintindex":-2,"rotation":0,"texture":"#2"},"down":{"uv":[0.75,10.875,0.625,11.375],"tintindex":-2,"rotation":0,"texture":"#2"}}},{"from":[7.5,7.5,7.0],"to":[10.5,9.5,9.0],"faces":{"east":{"uv":[4.625,11.5,4.875,11.75],"tintindex":-2,"rotation":0,"texture":"#2"},"south":{"uv":[5.0,10.0,5.375,10.25],"tintindex":-2,"rotation":0,"texture":"#2"},"north":{"uv":[10.0,3.75,10.375,4.0],"tintindex":-2,"rotation":0,"texture":"#2"},"west":{"uv":[11.5,5.625,11.75,5.875],"tintindex":-2,"rotation":0,"texture":"#2"},"up":{"uv":[5.875,10.25,5.5,10.0],"tintindex":-2,"rotation":0,"texture":"#2"},"down":{"uv":[8.375,10.0,8.0,10.25],"tintindex":-2,"rotation":0,"texture":"#2"}},"rotation":{"origin":[9.0,9.0,8.0],"angle":-22.5,"axis":"z"}},{"from":[10.5,2.5,6.0],"to":[11.5,3.5,10.0],"faces":{"east":{"uv":[10.875,5.75,11.375,5.875],"tintindex":-2,"rotation":0,"texture":"#2"},"south":{"uv":[12.875,0.25,13.0,0.375],"tintindex":-2,"rotation":0,"texture":"#2"},"north":{"uv":[0.25,12.875,0.375,13.0],"tintindex":-2,"rotation":0,"texture":"#2"},"west":{"uv":[10.875,6.0,11.375,6.125],"tintindex":-2,"rotation":0,"texture":"#2"},"up":{"uv":[3.75,11.375,3.625,10.875],"tintindex":-2,"rotation":0,"texture":"#2"},"down":{"uv":[4.0,10.875,3.875,11.375],"tintindex":-2,"rotation":0,"texture":"#2"}}},{"from":[9.996864,6.752096,6.005],"to":[10.996864,8.002096,9.995],"faces":{"east":{"uv":[10.875,7.75,11.375,7.875],"tintindex":-2,"rotation":0,"texture":"#2"},"south":{"uv":[0.75,12.875,0.875,13.0],"tintindex":-2,"rotation":0,"texture":"#2"},"north":{"uv":[0.5,12.875,0.625,13.0],"tintindex":-2,"rotation":0,"texture":"#2"},"west":{"uv":[10.875,9.0,11.375,9.125],"tintindex":-2,"rotation":0,"texture":"#2"},"up":{"uv":[5.375,11.375,5.25,10.875],"tintindex":-2,"rotation":0,"texture":"#2"},"down":{"uv":[7.5,10.875,7.375,11.375],"tintindex":-2,"rotation":0,"texture":"#2"}},"rotation":{"origin":[9.496864,8.002096,8.0],"angle":22.5,"axis":"z"}}],"display":{"gui":{"rotation":[30,225,0]}}}