{"textures":{"2":"modelengine:entity/fallen_knight_felled"},"elements":[{"from":[8.761567,6.790454,9.837501],"to":[5.1615667,3.1904528,6.2374997],"faces":{"east":{"uv":[1.25,7.875,1.75,7.375],"tintindex":-2,"rotation":0,"texture":"#2"},"south":{"uv":[7.25,5.125,7.75,4.625],"tintindex":-2,"rotation":0,"texture":"#2"},"north":{"uv":[6.25,2.625,6.75,2.125],"tintindex":-2,"rotation":0,"texture":"#2"},"west":{"uv":[7.25,5.75,7.75,5.25],"tintindex":-2,"rotation":0,"texture":"#2"},"up":{"uv":[3.75,7.375,4.25,7.875],"tintindex":-2,"rotation":0,"texture":"#2"},"down":{"uv":[7.375,3.625,7.875,3.125],"tintindex":-2,"rotation":0,"texture":"#2"}}},{"from":[5.1615667,3.1904528,6.2374997],"to":[8.761567,6.790454,9.837501],"faces":{"east":{"uv":[7.25,5.25,7.75,5.75],"tintindex":-2,"rotation":0,"texture":"#2"},"south":{"uv":[6.25,2.125,6.75,2.625],"tintindex":-2,"rotation":0,"texture":"#2"},"north":{"uv":[7.25,4.625,7.75,5.125],"tintindex":-2,"rotation":0,"texture":"#2"},"west":{"uv":[1.25,7.375,1.75,7.875],"tintindex":-2,"rotation":0,"texture":"#2"},"up":{"uv":[7.875,3.625,7.375,3.125],"tintindex":-2,"rotation":0,"texture":"#2"},"down":{"uv":[4.25,7.375,3.75,7.875],"tintindex":-2,"rotation":0,"texture":"#2"}}},{"from":[4.961567,4.527952,6.05],"to":[8.961567,5.527952,10.05],"faces":{"east":{"uv":[10.875,3.0,11.375,3.125],"tintindex":-2,"rotation":0,"texture":"#2"},"south":{"uv":[10.875,3.25,11.375,3.375],"tintindex":-2,"rotation":0,"texture":"#2"},"north":{"uv":[10.875,2.5,11.375,2.625],"tintindex":-2,"rotation":0,"texture":"#2"},"west":{"uv":[10.875,3.5,11.375,3.625],"tintindex":-2,"rotation":0,"texture":"#2"},"up":{"uv":[4.875,7.875,4.375,7.375],"tintindex":-2,"rotation":0,"texture":"#2"},"down":{"uv":[7.875,5.875,7.375,6.375],"tintindex":-2,"rotation":0,"texture":"#2"}}}],"display":{"gui":{"rotation":[30,225,0]}}}