{"textures":{"2":"modelengine:entity/fallen_knight_felled"},"elements":[{"from":[6.1,8.1637,7.4047003],"to":[9.9,10.1637,10.3047],"faces":{"east":{"uv":[2.25,6.125,1.875,6.375],"tintindex":-2,"rotation":0,"texture":"#2"},"south":{"uv":[9.25,8.0,8.75,8.25],"tintindex":-2,"rotation":0,"texture":"#2"},"north":{"uv":[8.5,8.75,8.0,9.0],"tintindex":-2,"rotation":0,"texture":"#2"},"west":{"uv":[2.75,5.375,2.375,5.625],"tintindex":-2,"rotation":0,"texture":"#2"},"up":{"uv":[2.375,8.875,2.875,8.5],"tintindex":-2,"rotation":0,"texture":"#2"},"down":{"uv":[3.0,8.5,3.5,8.875],"tintindex":-2,"rotation":0,"texture":"#2"}}},{"from":[7.0,7.1637,2.4046998],"to":[9.0,9.1637,3.4046998],"faces":{"east":{"uv":[11.875,11.75,11.75,12.0],"tintindex":-2,"rotation":0,"texture":"#2"},"south":{"uv":[5.875,10.375,5.625,10.625],"tintindex":-2,"rotation":0,"texture":"#2"},"north":{"uv":[3.375,10.375,3.125,10.625],"tintindex":-2,"rotation":0,"texture":"#2"},"west":{"uv":[7.375,9.5,7.25,9.75],"tintindex":-2,"rotation":0,"texture":"#2"},"up":{"uv":[6.75,4.125,7.0,4.0],"tintindex":-2,"rotation":0,"texture":"#2"},"down":{"uv":[7.375,3.75,7.625,3.875],"tintindex":-2,"rotation":0,"texture":"#2"}}},{"from":[5.995,7.1587,3.3996997],"to":[10.005,9.1687,10.4097],"faces":{"east":{"uv":[9.375,0.625,8.5,0.875],"tintindex":-2,"rotation":0,"texture":"#2"},"south":{"uv":[9.625,2.125,9.125,2.375],"tintindex":-2,"rotation":0,"texture":"#2"},"north":{"uv":[9.625,1.75,9.125,2.0],"tintindex":-2,"rotation":0,"texture":"#2"},"west":{"uv":[9.25,3.75,8.375,4.0],"tintindex":-2,"rotation":0,"texture":"#2"},"up":{"uv":[4.75,2.25,5.25,1.375],"tintindex":-2,"rotation":0,"texture":"#2"},"down":{"uv":[2.875,4.875,3.375,5.75],"tintindex":-2,"rotation":0,"texture":"#2"}}}],"display":{"gui":{"rotation":[30,225,0]}}}