{"textures":{"2":"modelengine:entity/fallen_knight_felled"},"elements":[{"from":[6.175,0.0,6.5],"to":[10.275,1.0,10.525],"faces":{"east":{"uv":[10.875,0.625,10.375,0.75],"tintindex":-2,"rotation":0,"texture":"#2"},"south":{"uv":[0.75,10.375,0.25,10.5],"tintindex":-2,"rotation":0,"texture":"#2"},"north":{"uv":[10.75,9.125,10.25,9.25],"tintindex":-2,"rotation":0,"texture":"#2"},"west":{"uv":[10.875,0.0,10.375,0.125],"tintindex":-2,"rotation":0,"texture":"#2"},"up":{"uv":[0.0,7.75,0.5,7.25],"tintindex":-2,"rotation":0,"texture":"#2"},"down":{"uv":[7.25,0.625,7.75,1.125],"tintindex":-2,"rotation":0,"texture":"#2"}}},{"from":[6.25,6.0,6.5],"to":[10.25,7.0,10.5],"faces":{"east":{"uv":[12.0,10.375,11.5,10.5],"tintindex":-2,"rotation":0,"texture":"#2"},"south":{"uv":[12.0,10.125,11.5,10.25],"tintindex":-2,"rotation":0,"texture":"#2"},"north":{"uv":[12.0,9.0,11.5,9.125],"tintindex":-2,"rotation":0,"texture":"#2"},"west":{"uv":[12.0,9.875,11.5,10.0],"tintindex":-2,"rotation":0,"texture":"#2"},"up":{"uv":[8.125,7.375,8.625,6.875],"tintindex":-2,"rotation":0,"texture":"#2"},"down":{"uv":[8.125,7.5,8.625,8.0],"tintindex":-2,"rotation":0,"texture":"#2"}}},{"from":[6.1749997,4.85,6.325],"to":[10.474999,6.15,10.625],"faces":{"east":{"uv":[10.875,6.5,10.375,6.625],"tintindex":-2,"rotation":0,"texture":"#2"},"south":{"uv":[10.875,6.25,10.375,6.375],"tintindex":-2,"rotation":0,"texture":"#2"},"north":{"uv":[10.875,5.5,10.375,5.625],"tintindex":-2,"rotation":0,"texture":"#2"},"west":{"uv":[6.75,10.375,6.25,10.5],"tintindex":-2,"rotation":0,"texture":"#2"},"up":{"uv":[2.5,7.75,3.0,7.25],"tintindex":-2,"rotation":0,"texture":"#2"},"down":{"uv":[3.125,7.25,3.625,7.75],"tintindex":-2,"rotation":0,"texture":"#2"}}},{"from":[6.5,1.0,6.5],"to":[10.0,5.0,10.5],"faces":{"east":{"uv":[7.375,1.875,6.875,2.375],"tintindex":-2,"rotation":0,"texture":"#2"},"south":{"uv":[7.375,0.0,6.875,0.5],"tintindex":-2,"rotation":0,"texture":"#2"},"north":{"uv":[7.25,6.125,6.75,6.625],"tintindex":-2,"rotation":0,"texture":"#2"},"west":{"uv":[7.25,6.75,6.75,7.25],"tintindex":-2,"rotation":0,"texture":"#2"},"up":{"uv":[5.0,7.375,5.5,6.875],"tintindex":-2,"rotation":0,"texture":"#2"},"down":{"uv":[5.625,6.875,6.125,7.375],"tintindex":-2,"rotation":0,"texture":"#2"}}},{"from":[6.2124996,1.9875,6.4249997],"to":[10.3125,3.0874999,10.525001],"faces":{"east":{"uv":[12.0,7.625,11.5,7.75],"tintindex":-2,"rotation":0,"texture":"#2"},"south":{"uv":[12.0,7.375,11.5,7.5],"tintindex":-2,"rotation":0,"texture":"#2"},"north":{"uv":[12.0,6.0,11.5,6.125],"tintindex":-2,"rotation":0,"texture":"#2"},"west":{"uv":[7.75,11.5,7.25,11.625],"tintindex":-2,"rotation":0,"texture":"#2"},"up":{"uv":[8.0,6.75,8.5,6.25],"tintindex":-2,"rotation":0,"texture":"#2"},"down":{"uv":[6.875,8.0,7.375,8.5],"tintindex":-2,"rotation":0,"texture":"#2"}}},{"from":[6.4,7.0,6.525],"to":[10.1,9.0,10.525],"faces":{"east":{"uv":[9.25,6.875,8.75,7.125],"tintindex":-2,"rotation":0,"texture":"#2"},"south":{"uv":[5.875,8.75,5.375,9.0],"tintindex":-2,"rotation":0,"texture":"#2"},"north":{"uv":[9.125,6.5,8.625,6.75],"tintindex":-2,"rotation":0,"texture":"#2"},"west":{"uv":[5.25,8.75,4.75,9.0],"tintindex":-2,"rotation":0,"texture":"#2"},"up":{"uv":[7.125,3.0,7.625,2.5],"tintindex":-2,"rotation":0,"texture":"#2"},"down":{"uv":[7.125,4.0,7.625,4.5],"tintindex":-2,"rotation":0,"texture":"#2"}}}],"display":{"gui":{"rotation":[30,225,0]}}}