{"textures":{"2":"modelengine:entity/fsoldier_explosion_2"},"elements":[{"from":[8.0,8.0,-2.666667],"to":[8.0,29.333334,18.666668],"faces":{"east":{"uv":[12.0,4.0,8.0,8.0],"tintindex":-2,"rotation":0,"texture":"#2"},"west":{"uv":[8.0,4.0,12.0,8.0],"tintindex":-2,"rotation":0,"texture":"#2"}}},{"from":[-2.666667,8.0,8.0],"to":[18.666668,29.333334,8.0],"faces":{"south":{"uv":[12.0,4.0,8.0,8.0],"tintindex":-2,"rotation":0,"texture":"#2"},"north":{"uv":[8.0,4.0,12.0,8.0],"tintindex":-2,"rotation":0,"texture":"#2"}}}],"display":{"gui":{"rotation":[30,225,0]}}}