{"textures":{"6":"modelengine:entity/fsoldier_shockwave1"},"elements":[{"from":[-8.0,8.0,-8.0],"to":[24.0,8.0,24.0],"faces":{"east":{"uv":[0.001,0.001,7.999,-0.001],"tintindex":-2,"rotation":180,"texture":"#6"},"south":{"uv":[0.001,0.001,-0.001,7.999],"tintindex":-2,"rotation":270,"texture":"#6"},"north":{"uv":[0.001,0.001,-0.001,7.999],"tintindex":-2,"rotation":90,"texture":"#6"},"west":{"uv":[0.001,0.001,7.999,-0.001],"tintindex":-2,"rotation":0,"texture":"#6"},"up":{"uv":[12.001,4.001,15.999,7.999],"tintindex":-2,"rotation":270,"texture":"#6"},"down":{"uv":[15.999,4.001,12.001,7.999],"tintindex":-2,"rotation":270,"texture":"#6"}}}],"display":{"gui":{"rotation":[30,225,0]}}}