{"textures":{"0":"modelengine:entity/stolas_skill4_lore"},"elements":[{"from":[4.789033,12.960242,8.0],"to":[6.566811,18.515797,8.0],"faces":{"south":{"uv":[3.496,0.004,2.504,3.121],"tintindex":-2,"rotation":0,"texture":"#0"},"north":{"uv":[2.504,0.004,3.496,3.121],"tintindex":-2,"rotation":0,"texture":"#0"}},"rotation":{"origin":[8.0,17.000347,8.0],"angle":22.5,"axis":"z"}},{"from":[7.0,15.498956,7.0],"to":[9.0,15.498956,9.0],"faces":{"up":{"uv":[5.871,7.371,4.754,6.254],"tintindex":-2,"rotation":0,"texture":"#0"},"down":{"uv":[5.871,7.371,4.754,6.254],"tintindex":-2,"rotation":0,"texture":"#0"}},"rotation":{"origin":[8.0,15.943399,8.0],"angle":45.0,"axis":"y"}},{"from":[7.4444447,7.9434,8.0],"to":[8.555555,30.165623,8.0],"faces":{"south":{"uv":[0.629,0.004,1.246,12.496],"tintindex":-2,"rotation":0,"texture":"#0"},"north":{"uv":[0.629,0.004,1.246,12.496],"tintindex":-2,"rotation":0,"texture":"#0"}},"rotation":{"origin":[8.0,16.610065,8.0],"angle":45.0,"axis":"y"}},{"from":[8.0,12.960242,4.789033],"to":[8.0,18.515797,6.566811],"faces":{"east":{"uv":[2.504,0.004,3.496,3.121],"tintindex":-2,"rotation":0,"texture":"#0"},"west":{"uv":[3.496,0.004,2.504,3.121],"tintindex":-2,"rotation":0,"texture":"#0"}},"rotation":{"origin":[8.0,17.000347,8.0],"angle":-22.5,"axis":"x"}},{"from":[7.0,16.387844,7.0],"to":[9.0,16.387844,9.0],"faces":{"up":{"uv":[5.871,7.371,4.754,6.254],"tintindex":-2,"rotation":0,"texture":"#0"},"down":{"uv":[5.871,7.371,4.754,6.254],"tintindex":-2,"rotation":0,"texture":"#0"}},"rotation":{"origin":[8.0,15.943399,8.0],"angle":45.0,"axis":"y"}},{"from":[8.0,7.9434,7.4444447],"to":[8.0,30.165623,8.555555],"faces":{"east":{"uv":[0.629,0.004,1.246,12.496],"tintindex":-2,"rotation":0,"texture":"#0"},"west":{"uv":[0.629,0.004,1.246,12.496],"tintindex":-2,"rotation":0,"texture":"#0"}},"rotation":{"origin":[8.0,16.610065,8.0],"angle":45.0,"axis":"y"}},{"from":[9.433189,12.960242,8.0],"to":[11.210967,18.515797,8.0],"faces":{"south":{"uv":[2.504,0.004,3.496,3.121],"tintindex":-2,"rotation":0,"texture":"#0"},"north":{"uv":[3.496,0.004,2.504,3.121],"tintindex":-2,"rotation":0,"texture":"#0"}},"rotation":{"origin":[8.0,17.000347,8.0],"angle":-22.5,"axis":"z"}},{"from":[8.0,12.960242,9.433189],"to":[8.0,18.515797,11.210967],"faces":{"east":{"uv":[3.496,0.004,2.504,3.121],"tintindex":-2,"rotation":0,"texture":"#0"},"west":{"uv":[2.504,0.004,3.496,3.121],"tintindex":-2,"rotation":0,"texture":"#0"}},"rotation":{"origin":[8.0,17.000347,8.0],"angle":22.5,"axis":"x"}}],"display":{"gui":{"rotation":[30,225,0]}}}