{"textures":{"0":"modelengine:entity/stolas_skill1_lore_pro"},"elements":[{"from":[6.501,19.001,3.001],"to":[9.499,28.999,12.999],"faces":{"east":{"uv":[0.0,0.0,2.5,2.5],"tintindex":-2,"rotation":0,"texture":"#0"},"south":{"uv":[9.5,3.25,7.0,2.5],"tintindex":-2,"rotation":90,"texture":"#0"},"north":{"uv":[9.5,3.25,7.0,2.5],"tintindex":-2,"rotation":90,"texture":"#0"},"west":{"uv":[0.0,2.5,2.5,5.0],"tintindex":-2,"rotation":0,"texture":"#0"},"up":{"uv":[9.5,3.25,7.0,2.5],"tintindex":-2,"rotation":90,"texture":"#0"},"down":{"uv":[9.5,3.25,7.0,2.5],"tintindex":-2,"rotation":90,"texture":"#0"}}},{"from":[2.999,18.999,6.499],"to":[13.001,29.001,9.501],"faces":{"east":{"uv":[9.5,3.25,7.0,2.5],"tintindex":-2,"rotation":90,"texture":"#0"},"south":{"uv":[2.5,2.5,5.0,5.0],"tintindex":-2,"rotation":0,"texture":"#0"},"north":{"uv":[2.5,0.0,5.0,2.5],"tintindex":-2,"rotation":0,"texture":"#0"},"west":{"uv":[9.5,3.25,7.0,2.5],"tintindex":-2,"rotation":90,"texture":"#0"},"up":{"uv":[9.5,3.25,7.0,2.5],"tintindex":-2,"rotation":0,"texture":"#0"},"down":{"uv":[9.5,3.25,7.0,2.5],"tintindex":-2,"rotation":0,"texture":"#0"}}},{"from":[3.0,22.5,3.0],"to":[13.0,25.5,13.0],"faces":{"east":{"uv":[9.5,3.25,7.0,2.5],"tintindex":-2,"rotation":0,"texture":"#0"},"south":{"uv":[9.5,3.25,7.0,2.5],"tintindex":-2,"rotation":0,"texture":"#0"},"north":{"uv":[9.5,3.25,7.0,2.5],"tintindex":-2,"rotation":0,"texture":"#0"},"west":{"uv":[9.5,3.25,7.0,2.5],"tintindex":-2,"rotation":0,"texture":"#0"},"up":{"uv":[2.5,7.5,0.0,5.0],"tintindex":-2,"rotation":0,"texture":"#0"},"down":{"uv":[7.5,0.0,5.0,2.5],"tintindex":-2,"rotation":0,"texture":"#0"}}},{"from":[4.0,20.0,4.0],"to":[12.0,28.0,12.0],"faces":{"east":{"uv":[4.5,5.0,2.5,7.0],"tintindex":-2,"rotation":0,"texture":"#0"},"south":{"uv":[8.5,4.5,6.5,6.5],"tintindex":-2,"rotation":0,"texture":"#0"},"north":{"uv":[2.5,5.0,4.5,7.0],"tintindex":-2,"rotation":0,"texture":"#0"},"west":{"uv":[6.5,4.5,8.5,6.5],"tintindex":-2,"rotation":0,"texture":"#0"},"up":{"uv":[4.5,5.0,2.5,7.0],"tintindex":-2,"rotation":0,"texture":"#0"},"down":{"uv":[8.5,6.5,6.5,4.5],"tintindex":-2,"rotation":0,"texture":"#0"}}}],"display":{"gui":{"rotation":[30,225,0]}}}