{"textures":{"0":"modelengine:entity/stolas_s2_skill4_lore"},"elements":[{"from":[7.75,-4.0,7.75],"to":[8.25,17.75,8.25],"faces":{"east":{"uv":[6.28125,8.4375,6.3125,9.796875],"tintindex":-2,"rotation":0,"texture":"#0"},"south":{"uv":[6.3125,8.4375,6.34375,9.796875],"tintindex":-2,"rotation":0,"texture":"#0"},"north":{"uv":[6.25,8.4375,6.28125,9.796875],"tintindex":-2,"rotation":0,"texture":"#0"},"west":{"uv":[6.34375,8.4375,6.375,9.796875],"tintindex":-2,"rotation":0,"texture":"#0"},"up":{"uv":[6.40625,8.46875,6.375,8.4375],"tintindex":-2,"rotation":0,"texture":"#0"},"down":{"uv":[6.4375,8.4375,6.40625,8.46875],"tintindex":-2,"rotation":0,"texture":"#0"}}},{"from":[3.375,13.75,8.0],"to":[12.625,23.5,8.0],"faces":{"south":{"uv":[3.921875,8.4375,4.5,9.046875],"tintindex":-2,"rotation":0,"texture":"#0"},"north":{"uv":[3.34375,8.4375,3.921875,9.046875],"tintindex":-2,"rotation":0,"texture":"#0"}},"rotation":{"origin":[8.0,20.125,8.0],"angle":45.0,"axis":"y"}},{"from":[4.5,2.1875,8.0],"to":[11.5,9.1875,8.0],"faces":{"south":{"uv":[4.9375,8.4375,5.375,8.875],"tintindex":-2,"rotation":0,"texture":"#0"},"north":{"uv":[4.5,8.4375,4.9375,8.875],"tintindex":-2,"rotation":0,"texture":"#0"}}},{"from":[3.625,-13.25,8.0],"to":[12.375,1.5,8.0],"faces":{"south":{"uv":[1.640625,8.4375,2.1875,9.359375],"tintindex":-2,"rotation":0,"texture":"#0"},"north":{"uv":[1.09375,8.4375,1.640625,9.359375],"tintindex":-2,"rotation":0,"texture":"#0"}},"rotation":{"origin":[8.0,-6.875,8.0],"angle":45.0,"axis":"y"}},{"from":[8.0,2.1875,4.5],"to":[8.0,9.1875,11.5],"faces":{"east":{"uv":[5.375,8.4375,5.8125,8.875],"tintindex":-2,"rotation":0,"texture":"#0"},"west":{"uv":[5.8125,8.4375,6.25,8.875],"tintindex":-2,"rotation":0,"texture":"#0"}}},{"from":[3.375,13.75,8.0],"to":[12.625,23.5,8.0],"faces":{"south":{"uv":[2.765625,8.4375,3.34375,9.046875],"tintindex":-2,"rotation":0,"texture":"#0"},"north":{"uv":[2.1875,8.4375,2.765625,9.046875],"tintindex":-2,"rotation":0,"texture":"#0"}},"rotation":{"origin":[8.0,20.125,8.0],"angle":-45.0,"axis":"y"}},{"from":[3.625,-13.25,8.0],"to":[12.375,1.5,8.0],"faces":{"south":{"uv":[0.546875,8.4375,1.09375,9.359375],"tintindex":-2,"rotation":0,"texture":"#0"},"north":{"uv":[0.0,8.4375,0.546875,9.359375],"tintindex":-2,"rotation":0,"texture":"#0"}},"rotation":{"origin":[8.0,-6.875,8.0],"angle":-45.0,"axis":"y"}}],"display":{"gui":{"rotation":[30,225,0]}}}