{"textures":{"0":"modelengine:entity/stolas_s2_skill4_lore"},"elements":[{"from":[8.0,-5.8581944,-16.0],"to":[8.0,24.141808,32.0],"faces":{"east":{"uv":[4.5,7.03125,6.75,8.4375],"tintindex":-2,"rotation":0,"texture":"#0"},"west":{"uv":[6.75,7.03125,9.0,8.4375],"tintindex":-2,"rotation":0,"texture":"#0"}},"rotation":{"origin":[8.0,-5.8581944,8.0],"angle":22.5,"axis":"z"}},{"from":[8.0,-5.8581944,-16.0],"to":[8.0,24.141808,32.0],"faces":{"east":{"uv":[0.0,7.03125,2.25,8.4375],"tintindex":-2,"rotation":0,"texture":"#0"},"west":{"uv":[2.25,7.03125,4.5,8.4375],"tintindex":-2,"rotation":0,"texture":"#0"}},"rotation":{"origin":[8.0,-5.8581944,8.0],"angle":-22.5,"axis":"z"}}],"display":{"gui":{"rotation":[30,225,0]}}}