{"textures":{"0":"modelengine:entity/stolas_s2_skill4_lore"},"elements":[{"from":[8.0,-5.8581944,-16.0],"to":[8.0,24.141808,32.0],"faces":{"east":{"uv":[6.75,4.21875,9.0,5.625],"tintindex":-2,"rotation":0,"texture":"#0"},"west":{"uv":[6.75,5.625,9.0,7.03125],"tintindex":-2,"rotation":0,"texture":"#0"}},"rotation":{"origin":[8.0,-5.8581944,8.0],"angle":22.5,"axis":"z"}},{"from":[8.0,-5.8581944,-16.0],"to":[8.0,24.141808,32.0],"faces":{"east":{"uv":[6.75,1.40625,9.0,2.8125],"tintindex":-2,"rotation":0,"texture":"#0"},"west":{"uv":[6.75,2.8125,9.0,4.21875],"tintindex":-2,"rotation":0,"texture":"#0"}},"rotation":{"origin":[8.0,-5.8581944,8.0],"angle":-22.5,"axis":"z"}}],"display":{"gui":{"rotation":[30,225,0]}}}