{"textures":{"0":"modelengine:entity/stolas_s2_skill4_lore"},"elements":[{"from":[8.0,8.0,-10.0],"to":[8.0,30.5,26.0],"faces":{"east":{"uv":[0.0,4.21875,2.25,5.625],"tintindex":-2,"rotation":0,"texture":"#0"},"west":{"uv":[2.25,4.21875,4.5,5.625],"tintindex":-2,"rotation":0,"texture":"#0"}},"rotation":{"origin":[8.0,8.0,8.0],"angle":45.0,"axis":"y"}},{"from":[8.0,8.0,-10.0],"to":[8.0,30.5,26.0],"faces":{"east":{"uv":[0.0,0.0,2.25,1.40625],"tintindex":-2,"rotation":0,"texture":"#0"},"west":{"uv":[0.0,1.40625,2.25,2.8125],"tintindex":-2,"rotation":0,"texture":"#0"}}},{"from":[-10.0,8.0,8.0],"to":[26.0,30.5,8.0],"faces":{"south":{"uv":[2.25,5.625,4.5,7.03125],"tintindex":-2,"rotation":0,"texture":"#0"},"north":{"uv":[0.0,5.625,2.25,7.03125],"tintindex":-2,"rotation":0,"texture":"#0"}},"rotation":{"origin":[8.0,8.0,8.0],"angle":22.5,"axis":"x"}},{"from":[8.0,8.0,-10.0],"to":[8.0,30.5,26.0],"faces":{"east":{"uv":[4.5,2.8125,6.75,4.21875],"tintindex":-2,"rotation":0,"texture":"#0"},"west":{"uv":[4.5,4.21875,6.75,5.625],"tintindex":-2,"rotation":0,"texture":"#0"}},"rotation":{"origin":[8.0,8.0,8.0],"angle":-22.5,"axis":"z"}},{"from":[-10.0,8.0,8.0],"to":[26.0,30.5,8.0],"faces":{"south":{"uv":[2.25,2.8125,4.5,4.21875],"tintindex":-2,"rotation":0,"texture":"#0"},"north":{"uv":[0.0,2.8125,2.25,4.21875],"tintindex":-2,"rotation":0,"texture":"#0"}},"rotation":{"origin":[8.0,8.0,8.0],"angle":45.0,"axis":"y"}},{"from":[8.0,8.0,-10.0],"to":[8.0,30.5,26.0],"faces":{"east":{"uv":[4.5,0.0,6.75,1.40625],"tintindex":-2,"rotation":0,"texture":"#0"},"west":{"uv":[4.5,1.40625,6.75,2.8125],"tintindex":-2,"rotation":0,"texture":"#0"}},"rotation":{"origin":[8.0,8.0,8.0],"angle":22.5,"axis":"z"}},{"from":[-10.0,8.0,8.0],"to":[26.0,30.5,8.0],"faces":{"south":{"uv":[6.75,0.0,9.0,1.40625],"tintindex":-2,"rotation":0,"texture":"#0"},"north":{"uv":[4.5,5.625,6.75,7.03125],"tintindex":-2,"rotation":0,"texture":"#0"}},"rotation":{"origin":[8.0,8.0,8.0],"angle":-22.5,"axis":"x"}},{"from":[-10.0,8.0,8.0],"to":[26.0,30.5,8.0],"faces":{"south":{"uv":[2.25,1.40625,4.5,2.8125],"tintindex":-2,"rotation":0,"texture":"#0"},"north":{"uv":[2.25,0.0,4.5,1.40625],"tintindex":-2,"rotation":0,"texture":"#0"}}}],"display":{"gui":{"rotation":[30,225,0]}}}