{"textures":{"0":"modelengine:entity/stolas_skill3_lore"},"elements":[{"from":[7.3333335,8.0,7.3333335],"to":[8.666667,9.333333,8.666667],"faces":{"east":{"uv":[2.375,3.0,2.875,3.5],"tintindex":-2,"rotation":0,"texture":"#0"},"south":{"uv":[2.875,7.0,3.375,7.5],"tintindex":-2,"rotation":0,"texture":"#0"},"north":{"uv":[1.875,3.0,2.375,3.5],"tintindex":-2,"rotation":0,"texture":"#0"},"west":{"uv":[3.375,7.0,3.875,7.5],"tintindex":-2,"rotation":0,"texture":"#0"},"up":{"uv":[4.375,7.5,3.875,7.0],"tintindex":-2,"rotation":0,"texture":"#0"},"down":{"uv":[4.875,7.0,4.375,7.5],"tintindex":-2,"rotation":0,"texture":"#0"}}},{"from":[7.6666665,9.333333,7.6666665],"to":[8.333333,21.666668,8.333333],"faces":{"east":{"uv":[2.125,7.0,2.375,11.625],"tintindex":-2,"rotation":0,"texture":"#0"},"south":{"uv":[2.375,7.0,2.625,11.625],"tintindex":-2,"rotation":0,"texture":"#0"},"north":{"uv":[1.875,7.0,2.125,11.625],"tintindex":-2,"rotation":0,"texture":"#0"},"west":{"uv":[2.625,7.0,2.875,11.625],"tintindex":-2,"rotation":0,"texture":"#0"},"up":{"uv":[5.125,7.25,4.875,7.0],"tintindex":-2,"rotation":0,"texture":"#0"},"down":{"uv":[5.375,7.0,5.125,7.25],"tintindex":-2,"rotation":0,"texture":"#0"}}},{"from":[8.0,18.0,3.1666665],"to":[8.0,27.333334,8.166667],"faces":{"east":{"uv":[1.875,3.5,3.75,7.0],"tintindex":-2,"rotation":0,"texture":"#0"},"west":{"uv":[3.75,3.5,5.625,7.0],"tintindex":-2,"rotation":0,"texture":"#0"}}},{"from":[7.6666665,23.0,7.6666665],"to":[8.333333,23.666668,8.333333],"faces":{"east":{"uv":[5.625,7.0,5.875,7.25],"tintindex":-2,"rotation":0,"texture":"#0"},"south":{"uv":[5.875,7.0,6.125,7.25],"tintindex":-2,"rotation":0,"texture":"#0"},"north":{"uv":[5.375,7.0,5.625,7.25],"tintindex":-2,"rotation":0,"texture":"#0"},"west":{"uv":[6.125,7.0,6.375,7.25],"tintindex":-2,"rotation":0,"texture":"#0"},"up":{"uv":[6.625,7.25,6.375,7.0],"tintindex":-2,"rotation":0,"texture":"#0"},"down":{"uv":[6.875,7.0,6.625,7.25],"tintindex":-2,"rotation":0,"texture":"#0"}}},{"from":[7.8333335,18.0,8.0],"to":[12.833334,27.333334,8.0],"faces":{"south":{"uv":[6.75,0.0,8.625,3.5],"tintindex":-2,"rotation":0,"texture":"#0"},"north":{"uv":[0.0,6.5,1.875,10.0],"tintindex":-2,"rotation":0,"texture":"#0"}}},{"from":[8.0,18.0,7.8333335],"to":[8.0,27.333334,12.833334],"faces":{"east":{"uv":[4.875,0.0,6.75,3.5],"tintindex":-2,"rotation":0,"texture":"#0"},"west":{"uv":[5.625,3.5,7.5,7.0],"tintindex":-2,"rotation":0,"texture":"#0"}}},{"from":[3.1666665,18.0,8.0],"to":[8.166667,27.333334,8.0],"faces":{"south":{"uv":[3.0,0.0,4.875,3.5],"tintindex":-2,"rotation":0,"texture":"#0"},"north":{"uv":[0.0,3.0,1.875,6.5],"tintindex":-2,"rotation":0,"texture":"#0"}}},{"from":[4.0,8.033334,4.0],"to":[12.0,8.033334,12.0],"faces":{"up":{"uv":[3.0,3.0,0.0,0.0],"tintindex":-2,"rotation":0,"texture":"#0"}}}],"display":{"gui":{"rotation":[30,225,0]}}}