{
	"credit": "Made with Blockbench",
	"texture_size": [64, 64],
	"textures": {
		"0": "item/2tier/hammer/texture2hammer21_1"
	},
	"elements": [
		{
			"from": [7, 1, 9],
			"to": [9, 26.075, 10],
			"faces": {
				"north": {"uv": [3.5, 4.5, 4, 10.75], "texture": "#0"},
				"east": {"uv": [8.5, 0, 8.75, 6.25], "texture": "#0"},
				"south": {"uv": [4, 6, 4.5, 12.25], "texture": "#0"},
				"west": {"uv": [8.5, 6.25, 8.75, 12.5], "texture": "#0"},
				"up": {"uv": [10.5, 6.25, 10, 6], "texture": "#0"},
				"down": {"uv": [11.25, 3.5, 10.75, 3.75], "texture": "#0"}
			}
		},
		{
			"from": [7, 1, 8.5],
			"to": [7.5, 26.075, 9],
			"faces": {
				"north": {"uv": [8.75, 5.25, 8.875, 11.5], "texture": "#0"},
				"east": {"uv": [9, 5.25, 9.125, 11.5], "texture": "#0"},
				"south": {"uv": [7.5, 9, 7.625, 15.25], "texture": "#0"},
				"west": {"uv": [7.75, 9, 7.875, 15.25], "texture": "#0"},
				"up": {"uv": [10.875, 6.375, 10.75, 6.25], "texture": "#0"},
				"down": {"uv": [10.875, 6.5, 10.75, 6.625], "texture": "#0"}
			}
		},
		{
			"from": [8.5, 1, 10],
			"to": [9, 26.075, 10.5],
			"faces": {
				"north": {"uv": [8, 9, 8.125, 15.25], "texture": "#0"},
				"east": {"uv": [8.25, 9, 8.375, 15.25], "texture": "#0"},
				"south": {"uv": [9.25, 0, 9.375, 6.25], "texture": "#0"},
				"west": {"uv": [9.25, 6.25, 9.375, 12.5], "texture": "#0"},
				"up": {"uv": [10.875, 6.875, 10.75, 6.75], "texture": "#0"},
				"down": {"uv": [10.875, 7, 10.75, 7.125], "texture": "#0"}
			}
		},
		{
			"from": [7, 1, 10],
			"to": [7.5, 26.075, 10.5],
			"faces": {
				"north": {"uv": [9.5, 0, 9.625, 6.25], "texture": "#0"},
				"east": {"uv": [9.5, 6.25, 9.625, 12.5], "texture": "#0"},
				"south": {"uv": [9.75, 0, 9.875, 6.25], "texture": "#0"},
				"west": {"uv": [1, 9.75, 1.125, 16], "texture": "#0"},
				"up": {"uv": [10.875, 7.375, 10.75, 7.25], "texture": "#0"},
				"down": {"uv": [10.875, 7.5, 10.75, 7.625], "texture": "#0"}
			}
		},
		{
			"from": [8.5, 1, 8.5],
			"to": [9, 26.075, 9],
			"faces": {
				"north": {"uv": [1.25, 9.75, 1.375, 16], "texture": "#0"},
				"east": {"uv": [1.5, 9.75, 1.625, 16], "texture": "#0"},
				"south": {"uv": [1.75, 9.75, 1.875, 16], "texture": "#0"},
				"west": {"uv": [2, 9.75, 2.125, 16], "texture": "#0"},
				"up": {"uv": [10.875, 7.875, 10.75, 7.75], "texture": "#0"},
				"down": {"uv": [10.875, 8, 10.75, 8.125], "texture": "#0"}
			}
		},
		{
			"from": [7.5, 25.6, 8.5],
			"to": [8.5, 26.125, 9],
			"faces": {
				"north": {"uv": [10.25, 6.25, 10.5, 6.375], "texture": "#0"},
				"east": {"uv": [10.75, 8.25, 10.875, 8.375], "texture": "#0"},
				"south": {"uv": [10.25, 6.5, 10.5, 6.625], "texture": "#0"},
				"west": {"uv": [10.75, 8.5, 10.875, 8.625], "texture": "#0"},
				"up": {"uv": [10.5, 6.875, 10.25, 6.75], "texture": "#0"},
				"down": {"uv": [10.5, 7, 10.25, 7.125], "texture": "#0"}
			}
		},
		{
			"from": [7.5, 1, 8.5],
			"to": [8.5, 1.525, 9],
			"faces": {
				"north": {"uv": [10.25, 7.25, 10.5, 7.375], "texture": "#0"},
				"east": {"uv": [10.75, 8.75, 10.875, 8.875], "texture": "#0"},
				"south": {"uv": [3.75, 10.75, 4, 10.875], "texture": "#0"},
				"west": {"uv": [10.75, 9, 10.875, 9.125], "texture": "#0"},
				"up": {"uv": [11, 3.875, 10.75, 3.75], "texture": "#0"},
				"down": {"uv": [11, 4, 10.75, 4.125], "texture": "#0"}
			}
		},
		{
			"from": [7.5, 25.6, 10],
			"to": [8.5, 26.125, 10.5],
			"faces": {
				"north": {"uv": [10.75, 4.25, 11, 4.375], "texture": "#0"},
				"east": {"uv": [10.75, 9.25, 10.875, 9.375], "texture": "#0"},
				"south": {"uv": [10.75, 4.5, 11, 4.625], "texture": "#0"},
				"west": {"uv": [10.75, 9.5, 10.875, 9.625], "texture": "#0"},
				"up": {"uv": [11, 4.875, 10.75, 4.75], "texture": "#0"},
				"down": {"uv": [11, 5, 10.75, 5.125], "texture": "#0"}
			}
		},
		{
			"from": [7.5, 1, 10],
			"to": [8.5, 1.525, 10.5],
			"faces": {
				"north": {"uv": [10.75, 5.25, 11, 5.375], "texture": "#0"},
				"east": {"uv": [10.75, 9.75, 10.875, 9.875], "texture": "#0"},
				"south": {"uv": [10.75, 5.5, 11, 5.625], "texture": "#0"},
				"west": {"uv": [10.75, 10, 10.875, 10.125], "texture": "#0"},
				"up": {"uv": [11, 5.875, 10.75, 5.75], "texture": "#0"},
				"down": {"uv": [11, 6, 10.75, 6.125], "texture": "#0"}
			}
		},
		{
			"from": [6.5, -1, 8.5],
			"to": [9.5, 2, 11.5],
			"rotation": {"angle": 45, "axis": "x", "origin": [8, 1, 9.5]},
			"faces": {
				"north": {"uv": [9.75, 7.5, 10.5, 8.25], "texture": "#0"},
				"east": {"uv": [9.75, 8.25, 10.5, 9], "texture": "#0"},
				"south": {"uv": [9.75, 9, 10.5, 9.75], "texture": "#0"},
				"west": {"uv": [9.75, 9.75, 10.5, 10.5], "texture": "#0"},
				"up": {"uv": [10.75, 0.75, 10, 0], "texture": "#0"},
				"down": {"uv": [10.75, 0.75, 10, 1.5], "texture": "#0"}
			}
		},
		{
			"from": [6, -1, 8],
			"to": [9, 2, 11],
			"rotation": {"angle": 45, "axis": "z", "origin": [8, 1, 9.5]},
			"faces": {
				"north": {"uv": [10, 1.5, 10.75, 2.25], "texture": "#0"},
				"east": {"uv": [10, 2.25, 10.75, 3], "texture": "#0"},
				"south": {"uv": [10, 3, 10.75, 3.75], "texture": "#0"},
				"west": {"uv": [10, 3.75, 10.75, 4.5], "texture": "#0"},
				"up": {"uv": [10.75, 5.25, 10, 4.5], "texture": "#0"},
				"down": {"uv": [10.75, 5.25, 10, 6], "texture": "#0"}
			}
		},
		{
			"from": [9, 18.75, 6.5],
			"to": [11, 25.75, 12.5],
			"faces": {
				"north": {"uv": [3, 6.5, 3.5, 8.25], "texture": "#0"},
				"east": {"uv": [4.5, 6, 6, 7.75], "texture": "#0"},
				"south": {"uv": [8.75, 0, 9.25, 1.75], "texture": "#0"},
				"west": {"uv": [6, 6, 7.5, 7.75], "texture": "#0"},
				"up": {"uv": [2.75, 11.25, 2.25, 9.75], "texture": "#0"},
				"down": {"uv": [3.25, 9.75, 2.75, 11.25], "texture": "#0"}
			}
		},
		{
			"from": [5, 18.75, 6.5],
			"to": [7, 25.75, 12.5],
			"faces": {
				"north": {"uv": [8.75, 1.75, 9.25, 3.5], "texture": "#0"},
				"east": {"uv": [0, 6.5, 1.5, 8.25], "texture": "#0"},
				"south": {"uv": [8.75, 3.5, 9.25, 5.25], "texture": "#0"},
				"west": {"uv": [1.5, 6.5, 3, 8.25], "texture": "#0"},
				"up": {"uv": [5, 11.25, 4.5, 9.75], "texture": "#0"},
				"down": {"uv": [5.5, 9.75, 5, 11.25], "texture": "#0"}
			}
		},
		{
			"from": [7, 19.5, 7],
			"to": [9, 25, 12],
			"faces": {
				"north": {"uv": [5.5, 9.75, 6, 11.125], "texture": "#0"},
				"east": {"uv": [1, 8.25, 2.25, 9.625], "texture": "#0"},
				"south": {"uv": [6, 9.75, 6.5, 11.125], "texture": "#0"},
				"west": {"uv": [2.25, 8.25, 3.5, 9.625], "texture": "#0"},
				"up": {"uv": [10.25, 7.5, 9.75, 6.25], "texture": "#0"},
				"down": {"uv": [7, 9.75, 6.5, 11], "texture": "#0"}
			}
		},
		{
			"from": [12, 17.75, 5.5],
			"to": [16, 26.75, 13.5],
			"faces": {
				"north": {"uv": [7.5, 0, 8.5, 2.25], "texture": "#0"},
				"east": {"uv": [0, 0, 2, 2.25], "texture": "#0"},
				"south": {"uv": [7.5, 2.25, 8.5, 4.5], "texture": "#0"},
				"west": {"uv": [2, 0, 4, 2.25], "texture": "#0"},
				"up": {"uv": [5.5, 9.75, 4.5, 7.75], "texture": "#0"},
				"down": {"uv": [6.5, 7.75, 5.5, 9.75], "texture": "#0"}
			}
		},
		{
			"from": [0, 17.75, 5.5],
			"to": [4, 26.75, 13.5],
			"faces": {
				"north": {"uv": [7.5, 4.5, 8.5, 6.75], "texture": "#0"},
				"east": {"uv": [0, 2.25, 2, 4.5], "texture": "#0"},
				"south": {"uv": [7.5, 6.75, 8.5, 9], "texture": "#0"},
				"west": {"uv": [2, 2.25, 4, 4.5], "texture": "#0"},
				"up": {"uv": [7.5, 9.75, 6.5, 7.75], "texture": "#0"},
				"down": {"uv": [1, 8.25, 0, 10.25], "texture": "#0"}
			}
		},
		{
			"from": [4, 18.25, 6],
			"to": [5, 26.25, 13],
			"faces": {
				"north": {"uv": [3.25, 9.75, 3.5, 11.75], "texture": "#0"},
				"east": {"uv": [4, 0, 5.75, 2], "texture": "#0"},
				"south": {"uv": [7, 9.75, 7.25, 11.75], "texture": "#0"},
				"west": {"uv": [4, 2, 5.75, 4], "texture": "#0"},
				"up": {"uv": [10.75, 9.75, 10.5, 8], "texture": "#0"},
				"down": {"uv": [10, 10.5, 9.75, 12.25], "texture": "#0"}
			}
		},
		{
			"from": [-1, 18.25, 6],
			"to": [0, 26.25, 13],
			"faces": {
				"north": {"uv": [7.25, 9.75, 7.5, 11.75], "texture": "#0"},
				"east": {"uv": [4, 4, 5.75, 6], "texture": "#0"},
				"south": {"uv": [0, 10.25, 0.25, 12.25], "texture": "#0"},
				"west": {"uv": [0, 4.5, 1.75, 6.5], "texture": "#0"},
				"up": {"uv": [10.75, 11.5, 10.5, 9.75], "texture": "#0"},
				"down": {"uv": [10.25, 10.5, 10, 12.25], "texture": "#0"}
			}
		},
		{
			"from": [11, 18.25, 6],
			"to": [12, 26.25, 13],
			"faces": {
				"north": {"uv": [0.75, 10.25, 1, 12.25], "texture": "#0"},
				"east": {"uv": [5.75, 2, 7.5, 4], "texture": "#0"},
				"south": {"uv": [10.5, 6, 10.75, 8], "texture": "#0"},
				"west": {"uv": [5.75, 4, 7.5, 6], "texture": "#0"},
				"up": {"uv": [11, 3.5, 10.75, 1.75], "texture": "#0"},
				"down": {"uv": [3.75, 10.75, 3.5, 12.5], "texture": "#0"}
			}
		},
		{
			"from": [16, 18.25, 6],
			"to": [17, 26.25, 13],
			"faces": {
				"north": {"uv": [0.25, 10.25, 0.5, 12.25], "texture": "#0"},
				"east": {"uv": [1.75, 4.5, 3.5, 6.5], "texture": "#0"},
				"south": {"uv": [0.5, 10.25, 0.75, 12.25], "texture": "#0"},
				"west": {"uv": [5.75, 0, 7.5, 2], "texture": "#0"},
				"up": {"uv": [10.5, 12.25, 10.25, 10.5], "texture": "#0"},
				"down": {"uv": [11, 0, 10.75, 1.75], "texture": "#0"}
			}
		}
	],
	"display": {
		"thirdperson_righthand": {
			"rotation": [60.55, -84.67, 63.42],
			"translation": [0, -1.75, 0.75],
			"scale": [0.6, 0.6, 0.6]
		},
		"thirdperson_lefthand": {
			"rotation": [60.55, -84.67, 63.42],
			"translation": [0, -1.75, 0.75],
			"scale": [0.6, 0.6, 0.6]
		},
		"firstperson_righthand": {
			"rotation": [60.55, -84.67, 63.42],
			"translation": [1.25, -2, 1.75],
			"scale": [0.43, 0.5, 0.5]
		},
		"firstperson_lefthand": {
			"rotation": [60.55, -84.67, 63.42],
			"translation": [1.25, -2, 1.75],
			"scale": [0.43, 0.5, 0.5]
		},
		"ground": {
			"rotation": [-25, 0, 0],
			"translation": [0, 4, 0],
			"scale": [0.5, 0.5, 0.5]
		},
		"gui": {
			"rotation": [0, 40, 44],
			"translation": [1.75, -3, 0],
			"scale": [0.5, 0.5, 0.5]
		},
		"fixed": {
			"translation": [0, -1.75, 0],
			"scale": [0.5, 0.5, 0.5]
		}
	},
	"groups": [
		0,
		{
			"name": "group",
			"origin": [0, 0, 0],
			"color": 0,
			"nbt": "{}",
			"children": [1, 2, 3, 4, 5, 6, 7, 8]
		},
		{
			"name": "group",
			"origin": [8, 1, 9.5],
			"color": 0,
			"nbt": "{}",
			"children": [9, 10]
		},
		11,
		12,
		13,
		14,
		15,
		16,
		17,
		18,
		19
	]
}