{
	"credit": "Made with Blockbench",
	"textures": {
		"0": "item/2tier/lootbox/corners21",
		"1": "item/2tier/lootbox/borderschest1",
		"2": "item/2tier/lootbox/keychest",
		"3": "item/2tier/lootbox/texture21_1",
		"particle": "item/2tier/lootbox/corners21"
	},
	"elements": [
		{
			"from": [5, 0.4, 5],
			"to": [11, 4.4, 11],
			"rotation": {"angle": 0, "axis": "y", "origin": [8.025, 2.45, 8.05]},
			"faces": {
				"north": {"uv": [0, 8, 9.5, 16], "texture": "#3"},
				"east": {"uv": [0, 0, 9.5, 8], "texture": "#3"},
				"south": {"uv": [0, 8, 9.5, 16], "texture": "#3"},
				"west": {"uv": [0, 0, 9.5, 8], "texture": "#3"},
				"up": {"uv": [9.5, 8, 0, 0], "texture": "#3"},
				"down": {"uv": [9.5, 0, 0, 8], "texture": "#3"}
			}
		},
		{
			"from": [5.3, 0.4, 5.2],
			"to": [10.7, 5.025, 10.8],
			"rotation": {"angle": 0, "axis": "y", "origin": [8.025, 2.45, 8.05]},
			"faces": {
				"north": {"uv": [9.5, 0, 16, 4.5], "texture": "#3"},
				"east": {"uv": [9.5, 0, 16, 4.5], "texture": "#3"},
				"south": {"uv": [9.5, 0, 16, 4.5], "texture": "#3"},
				"west": {"uv": [9.5, 0, 16, 4.5], "texture": "#3"},
				"up": {"uv": [9.5, 8, 0, 0], "texture": "#3"},
				"down": {"uv": [9.5, 8, 0, 16], "texture": "#3"}
			}
		},
		{
			"from": [5.475, 0.45, 5.375],
			"to": [10.525, 5.45, 10.625],
			"rotation": {"angle": 0, "axis": "y", "origin": [8.025, 2.45, 8.05]},
			"faces": {
				"north": {"uv": [9.5, 0, 16, 4.5], "texture": "#3"},
				"east": {"uv": [9.5, 0, 16, 4.5], "texture": "#3"},
				"south": {"uv": [9.5, 0, 16, 4.5], "texture": "#3"},
				"west": {"uv": [9.5, 0, 16, 4.5], "texture": "#3"},
				"up": {"uv": [9.5, 8, 0, 0], "texture": "#3"},
				"down": {"uv": [9.5, 8, 0, 16], "texture": "#3"}
			}
		},
		{
			"from": [5.525, 0.325, 5.425],
			"to": [10.475, 5.575, 10.575],
			"rotation": {"angle": 0, "axis": "y", "origin": [8.025, 2.45, 8.05]},
			"faces": {
				"north": {"uv": [9.5, 0, 16, 4.5], "texture": "#3"},
				"east": {"uv": [9.5, 0, 16, 4.5], "texture": "#3"},
				"south": {"uv": [9.5, 0, 16, 4.5], "texture": "#3"},
				"west": {"uv": [9.5, 0, 16, 4.5], "texture": "#3"},
				"up": {"uv": [9.5, 8, 0, 0], "texture": "#3"},
				"down": {"uv": [9.5, 8, 0, 16], "texture": "#3"}
			}
		},
		{
			"from": [5.575, 0.2, 5.475],
			"to": [10.425, 5.7, 10.525],
			"rotation": {"angle": 0, "axis": "y", "origin": [8.025, 2.45, 8.05]},
			"faces": {
				"north": {"uv": [9.5, 0, 16, 4.5], "texture": "#3"},
				"east": {"uv": [9.5, 0, 16, 4.5], "texture": "#3"},
				"south": {"uv": [9.5, 0, 16, 4.5], "texture": "#3"},
				"west": {"uv": [9.5, 0, 16, 4.5], "texture": "#3"},
				"up": {"uv": [9.5, 8, 0, 0], "texture": "#3"},
				"down": {"uv": [9.5, 8, 0, 16], "texture": "#3"}
			}
		},
		{
			"from": [5.625, 0.1, 5.525],
			"to": [10.375, 5.8, 10.475],
			"rotation": {"angle": 0, "axis": "y", "origin": [8.025, 2.45, 8.05]},
			"faces": {
				"north": {"uv": [9.5, 0, 16, 4.5], "texture": "#3"},
				"east": {"uv": [9.5, 0, 16, 4.5], "texture": "#3"},
				"south": {"uv": [9.5, 0, 16, 4.5], "texture": "#3"},
				"west": {"uv": [9.5, 0, 16, 4.5], "texture": "#3"},
				"up": {"uv": [9.5, 8, 0, 0], "texture": "#3"},
				"down": {"uv": [9.5, 8, 0, 16], "texture": "#3"}
			}
		},
		{
			"from": [5.65, 0.025, 5.55],
			"to": [10.35, 5.875, 10.45],
			"rotation": {"angle": 0, "axis": "y", "origin": [8.025, 2.45, 8.05]},
			"faces": {
				"north": {"uv": [9.5, 0, 16, 4.5], "texture": "#3"},
				"east": {"uv": [9.5, 0, 16, 4.5], "texture": "#3"},
				"south": {"uv": [9.5, 0, 16, 4.5], "texture": "#3"},
				"west": {"uv": [9.5, 0, 16, 4.5], "texture": "#3"},
				"up": {"uv": [9.5, 8, 0, 0], "texture": "#3"},
				"down": {"uv": [9.5, 8, 0, 16], "texture": "#3"}
			}
		},
		{
			"from": [5.425, 0.6, 5.325],
			"to": [10.575, 5.3, 10.675],
			"rotation": {"angle": 0, "axis": "y", "origin": [8.025, 2.45, 8.05]},
			"faces": {
				"north": {"uv": [9.5, 0, 16, 4.5], "texture": "#3"},
				"east": {"uv": [9.5, 0, 16, 4.5], "texture": "#3"},
				"south": {"uv": [9.5, 0, 16, 4.5], "texture": "#3"},
				"west": {"uv": [9.5, 0, 16, 4.5], "texture": "#3"},
				"up": {"uv": [9.5, 8, 0, 0], "texture": "#3"},
				"down": {"uv": [9.5, 8, 0, 16], "texture": "#3"}
			}
		},
		{
			"from": [5.375, 0.725, 5.275],
			"to": [10.625, 5.175, 10.725],
			"rotation": {"angle": 0, "axis": "y", "origin": [8.025, 2.45, 8.05]},
			"faces": {
				"north": {"uv": [9.5, 0, 16, 4.5], "texture": "#3"},
				"east": {"uv": [9.5, 0, 16, 4.5], "texture": "#3"},
				"south": {"uv": [9.5, 0, 16, 4.5], "texture": "#3"},
				"west": {"uv": [9.5, 0, 16, 4.5], "texture": "#3"},
				"up": {"uv": [9.5, 8, 0, 0], "texture": "#3"},
				"down": {"uv": [9.5, 8, 0, 16], "texture": "#3"}
			}
		},
		{
			"from": [5.7, 0.4, 5.6],
			"to": [10.3, 6, 10.4],
			"rotation": {"angle": 0, "axis": "y", "origin": [8.025, 2.45, 8.05]},
			"faces": {
				"north": {"uv": [9.5, 0, 16, 4.5], "texture": "#3"},
				"east": {"uv": [9.5, 0, 16, 4.5], "texture": "#3"},
				"south": {"uv": [9.5, 0, 16, 4.5], "texture": "#3"},
				"west": {"uv": [9.5, 0, 16, 4.5], "texture": "#3"},
				"up": {"uv": [9.5, 16, 0, 8], "texture": "#3"},
				"down": {"uv": [9.5, 0, 0, 8], "texture": "#3"}
			}
		},
		{
			"from": [5.7, 3.6, 11.775],
			"to": [10.3, 5.35, 12.275],
			"rotation": {"angle": -22.5, "axis": "x", "origin": [1, 1, 9.75]},
			"faces": {
				"north": {"uv": [0, 12.5, 16, 16], "texture": "#3"},
				"east": {"uv": [0, 0, 0.5, 1.75], "texture": "#3"},
				"south": {"uv": [0.5, 10, 8, 13], "texture": "#3"},
				"west": {"uv": [0, 0, 0.5, 1.75], "texture": "#3"},
				"up": {"uv": [0, 12.5, 16, 16], "texture": "#3"},
				"down": {"uv": [0, 12.5, 16, 16], "texture": "#3"}
			}
		},
		{
			"from": [5.7, 4.1156, 5.19484],
			"to": [10.3, 5.9156, 5.69484],
			"rotation": {"angle": 22.5, "axis": "x", "origin": [8, 4.9656, 5.56984]},
			"faces": {
				"north": {"uv": [0, 10, 9, 12.5], "texture": "#3"},
				"east": {"uv": [0, 12.7, 16, 16], "texture": "#3"},
				"south": {"uv": [0, 12.5, 16, 16], "texture": "#3"},
				"west": {"uv": [0, 0, 0.5, 1.8], "texture": "#3"},
				"up": {"uv": [0, 12.5, 16, 16], "texture": "#3"},
				"down": {"uv": [0, 12.5, 16, 16], "texture": "#3"}
			}
		},
		{
			"from": [5.3, 4.22136, 5.5988],
			"to": [5.8, 6.02136, 10.3988],
			"rotation": {"angle": -22.5, "axis": "z", "origin": [5.4, 5.02136, 7.9988]},
			"faces": {
				"north": {"uv": [0, 12.5, 16, 16], "texture": "#3"},
				"east": {"uv": [0, 12.5, 16, 16], "texture": "#3"},
				"south": {"uv": [0, 12.5, 16, 16], "texture": "#3"},
				"west": {"uv": [0.5, 12, 8.8, 15.3], "texture": "#3"},
				"up": {"uv": [0, 12.5, 16, 16], "texture": "#3"},
				"down": {"uv": [0, 12.5, 16, 16], "texture": "#3"}
			}
		},
		{
			"from": [10.2, 4.17136, 5.5988],
			"to": [10.7, 5.94636, 10.3988],
			"rotation": {"angle": 22.5, "axis": "z", "origin": [10.4, 5.02136, 7.9988]},
			"faces": {
				"north": {"uv": [0, 12.5, 16, 16], "texture": "#3"},
				"east": {"uv": [0.7, 11, 9, 14.275], "texture": "#3"},
				"south": {"uv": [0, 12.5, 16, 16], "texture": "#3"},
				"west": {"uv": [0, 0, 4.8, 1.775], "texture": "#3"},
				"up": {"uv": [0, 12.5, 16, 16], "texture": "#3"},
				"down": {"uv": [0, 12.5, 16, 16], "texture": "#3"}
			}
		},
		{
			"from": [4.75, 0.7, 4.75],
			"to": [5.25, 4.7, 5.3],
			"rotation": {"angle": 0, "axis": "y", "origin": [8.025, 2.45, 8.05]},
			"faces": {
				"north": {"uv": [0, 0, 4, 16], "texture": "#1"},
				"east": {"uv": [0, 0, 4, 16], "texture": "#1"},
				"south": {"uv": [0, 0, 4, 16], "texture": "#1"},
				"west": {"uv": [0, 0, 4, 16], "texture": "#1"},
				"up": {"uv": [8, 5, 4, 0], "texture": "#1"},
				"down": {"uv": [8, 0, 4, 5], "texture": "#1"}
			}
		},
		{
			"from": [10.75, 0.7, 10.75],
			"to": [11.25, 4.7, 11.3],
			"rotation": {"angle": 0, "axis": "y", "origin": [8.025, 2.45, 8.05]},
			"faces": {
				"north": {"uv": [0, 0, 4, 16], "texture": "#1"},
				"east": {"uv": [0, 0, 4, 16], "texture": "#1"},
				"south": {"uv": [8, 16, 12, 0], "texture": "#1"},
				"west": {"uv": [0, 0, 4, 16], "texture": "#1"},
				"up": {"uv": [4, 0, 8, 5], "texture": "#1"},
				"down": {"uv": [8, 0, 4, 5], "texture": "#1"}
			}
		},
		{
			"from": [10.75, 0.7, 4.75],
			"to": [11.25, 4.7, 5.3],
			"rotation": {"angle": 0, "axis": "y", "origin": [8.025, 2.45, 8.05]},
			"faces": {
				"north": {"uv": [0, 0, 4, 16], "texture": "#1"},
				"east": {"uv": [8, 0, 12, 16], "texture": "#1"},
				"south": {"uv": [8, 16, 12, 0], "texture": "#1"},
				"west": {"uv": [0, 0, 4, 16], "texture": "#1"},
				"up": {"uv": [4, 0, 8, 5], "texture": "#1"},
				"down": {"uv": [4, 0, 8, 5], "texture": "#1"}
			}
		},
		{
			"from": [4.75, 0.7, 10.75],
			"to": [5.25, 4.7, 11.3],
			"rotation": {"angle": 0, "axis": "y", "origin": [8.025, 2.45, 8.05]},
			"faces": {
				"north": {"uv": [0, 0, 4, 16], "texture": "#1"},
				"east": {"uv": [0, 0, 4, 16], "texture": "#1"},
				"south": {"uv": [0, 0, 4, 16], "texture": "#1"},
				"west": {"uv": [0, 0, 4, 16], "texture": "#1"},
				"up": {"uv": [4, 0, 8, 5], "texture": "#1"},
				"down": {"uv": [4, 0, 8, 5], "texture": "#1"}
			}
		},
		{
			"name": "cube1",
			"from": [4.75, 4.2, 4.75],
			"to": [11.25, 4.7, 11.3],
			"rotation": {"angle": 0, "axis": "y", "origin": [8.025, 2.45, 8.05]},
			"faces": {
				"north": {"uv": [0, 0, 4, 16], "texture": "#1"},
				"east": {"uv": [0, 0, 4, 16], "texture": "#1"},
				"south": {"uv": [0, 0, 4, 16], "texture": "#1"},
				"west": {"uv": [0, 0, 4, 16], "texture": "#1"},
				"up": {"uv": [4, 0, 8, 5], "texture": "#1"},
				"down": {"uv": [4, 0, 8, 5], "texture": "#1"}
			}
		},
		{
			"name": "cube1",
			"from": [4.75, 0.2, 4.75],
			"to": [11.25, 0.7, 11.3],
			"rotation": {"angle": 0, "axis": "y", "origin": [8.025, 2.45, 8.05]},
			"faces": {
				"north": {"uv": [0, 0, 4, 16], "texture": "#1"},
				"east": {"uv": [0, 0, 4, 16], "texture": "#1"},
				"south": {"uv": [0, 0, 4, 16], "texture": "#1"},
				"west": {"uv": [0, 0, 4, 16], "texture": "#1"},
				"up": {"uv": [4, 0, 8, 5], "texture": "#1"},
				"down": {"uv": [8, 0, 4, 5], "texture": "#1"}
			}
		},
		{
			"from": [4.6, 4, 4.6],
			"to": [5.5, 4.9, 5.5],
			"rotation": {"angle": 0, "axis": "y", "origin": [8.025, 2.45, 8.05]},
			"faces": {
				"north": {"uv": [0, 4, 4, 8], "texture": "#0"},
				"east": {"uv": [8, 0, 12, 4], "texture": "#0"},
				"south": {"uv": [4, 4, 8, 8], "texture": "#0"},
				"west": {"uv": [0, 8, 4, 12], "texture": "#0"},
				"up": {"uv": [4, 0, 8, 4], "texture": "#0"},
				"down": {"uv": [0, 0, 4, 4], "texture": "#0"}
			}
		},
		{
			"from": [4.6, 4, 10.6],
			"to": [5.5, 4.9, 11.5],
			"rotation": {"angle": 0, "axis": "y", "origin": [8.025, 2.45, 8.05]},
			"faces": {
				"north": {"uv": [0, 4, 4, 8], "texture": "#0"},
				"east": {"uv": [8, 0, 12, 4], "texture": "#0"},
				"south": {"uv": [4, 4, 8, 8], "texture": "#0"},
				"west": {"uv": [0, 8, 4, 12], "texture": "#0"},
				"up": {"uv": [4, 0, 8, 4], "texture": "#0"},
				"down": {"uv": [0, 0, 4, 4], "texture": "#0"}
			}
		},
		{
			"from": [10.6, 4, 10.6],
			"to": [11.5, 4.9, 11.5],
			"rotation": {"angle": 0, "axis": "y", "origin": [8.025, 2.45, 8.05]},
			"faces": {
				"north": {"uv": [0, 4, 4, 8], "texture": "#0"},
				"east": {"uv": [8, 0, 12, 4], "texture": "#0"},
				"south": {"uv": [4, 4, 8, 8], "texture": "#0"},
				"west": {"uv": [0, 8, 4, 12], "texture": "#0"},
				"up": {"uv": [4, 0, 8, 4], "texture": "#0"},
				"down": {"uv": [0, 0, 4, 4], "texture": "#0"}
			}
		},
		{
			"from": [10.6, 4, 4.6],
			"to": [11.5, 4.9, 5.5],
			"rotation": {"angle": 0, "axis": "y", "origin": [8.025, 2.45, 8.05]},
			"faces": {
				"north": {"uv": [0, 4, 4, 8], "texture": "#0"},
				"east": {"uv": [8, 0, 12, 4], "texture": "#0"},
				"south": {"uv": [4, 4, 8, 8], "texture": "#0"},
				"west": {"uv": [0, 8, 4, 12], "texture": "#0"},
				"up": {"uv": [4, 0, 8, 4], "texture": "#0"},
				"down": {"uv": [0, 0, 4, 4], "texture": "#0"}
			}
		},
		{
			"from": [4.6, 0, 4.6],
			"to": [5.5, 0.9, 5.5],
			"rotation": {"angle": 0, "axis": "y", "origin": [8.025, 2.45, 8.05]},
			"faces": {
				"north": {"uv": [0, 0, 4, 4], "texture": "#0"},
				"east": {"uv": [8, 0, 12, 4], "texture": "#0"},
				"south": {"uv": [0, 4, 4, 8], "texture": "#0"},
				"west": {"uv": [4, 0, 8, 4], "texture": "#0"},
				"up": {"uv": [4, 4, 8, 8], "texture": "#0"},
				"down": {"uv": [0, 8, 4, 12], "texture": "#0"}
			}
		},
		{
			"from": [4.6, 0, 10.6],
			"to": [5.5, 0.9, 11.5],
			"rotation": {"angle": 0, "axis": "y", "origin": [8.025, 2.45, 8.05]},
			"faces": {
				"north": {"uv": [0, 0, 4, 4], "texture": "#0"},
				"east": {"uv": [8, 0, 12, 4], "texture": "#0"},
				"south": {"uv": [0, 4, 4, 8], "texture": "#0"},
				"west": {"uv": [4, 0, 8, 4], "texture": "#0"},
				"up": {"uv": [4, 4, 8, 8], "texture": "#0"},
				"down": {"uv": [0, 8, 4, 12], "texture": "#0"}
			}
		},
		{
			"from": [10.6, 0, 10.6],
			"to": [11.5, 0.9, 11.5],
			"rotation": {"angle": 0, "axis": "y", "origin": [8.025, 2.45, 8.05]},
			"faces": {
				"north": {"uv": [0, 0, 4, 4], "texture": "#0"},
				"east": {"uv": [8, 0, 12, 4], "texture": "#0"},
				"south": {"uv": [0, 4, 4, 8], "texture": "#0"},
				"west": {"uv": [4, 0, 8, 4], "texture": "#0"},
				"up": {"uv": [4, 4, 8, 8], "texture": "#0"},
				"down": {"uv": [0, 8, 4, 12], "texture": "#0"}
			}
		},
		{
			"from": [10.6, 0, 4.6],
			"to": [11.5, 0.9, 5.5],
			"rotation": {"angle": 0, "axis": "y", "origin": [8.025, 2.45, 8.05]},
			"faces": {
				"north": {"uv": [0, 0, 4, 4], "texture": "#0"},
				"east": {"uv": [8, 0, 12, 4], "texture": "#0"},
				"south": {"uv": [0, 4, 4, 8], "texture": "#0"},
				"west": {"uv": [4, 0, 8, 4], "texture": "#0"},
				"up": {"uv": [4, 4, 8, 8], "texture": "#0"},
				"down": {"uv": [0, 8, 4, 12], "texture": "#0"}
			}
		},
		{
			"name": "Замок",
			"from": [6.01529, 2.81577, 10.6],
			"to": [7.81529, 4.61577, 11.6],
			"rotation": {"angle": -45, "axis": "z", "origin": [8.025, 2.45, 8.05]},
			"faces": {
				"north": {"uv": [8, 0, 16, 8], "texture": "#2"},
				"east": {"uv": [12, 8, 16, 16], "texture": "#2"},
				"south": {"uv": [0, 0, 12, 12], "texture": "#2"},
				"west": {"uv": [12, 8, 16, 16], "texture": "#2"},
				"up": {"uv": [16, 16, 8, 13], "texture": "#2"},
				"down": {"uv": [8, 16, 16, 13], "texture": "#2"}
			}
		}
	],
	"display": {
		"thirdperson_righthand": {
			"rotation": [12, -67, 0],
			"translation": [0.5, 0.75, -1.25],
			"scale": [0.5, 0.5, 0.5]
		},
		"thirdperson_lefthand": {
			"rotation": [12, -67, 0],
			"translation": [0.5, 0.75, -1.25],
			"scale": [0.5, 0.5, 0.5]
		},
		"firstperson_righthand": {
			"rotation": [0, -67, 0],
			"translation": [0, 8.75, 1.75],
			"scale": [0.7, 1, 1]
		},
		"firstperson_lefthand": {
			"rotation": [0, -67, 0],
			"translation": [0, 8.75, 1.75],
			"scale": [0.7, 1, 1]
		},
		"ground": {
			"translation": [0, 8.25, 0]
		},
		"gui": {
			"rotation": [21, -44, 0],
			"translation": [0, 6.5, 0],
			"scale": [1.3, 1.3, 1.3]
		},
		"head": {
			"rotation": [0, -180, 0],
			"translation": [0, 14.25, 0]
		},
		"fixed": {
			"rotation": [-90, -180, 0],
			"translation": [0, 0.5, -7]
		}
	},
	"groups": [
		{
			"name": "Башня",
			"origin": [0, 0, 0],
			"color": 0,
			"nbt": "{}",
			"children": [0, 1, 2, 3, 4, 5, 6, 7, 8, 9, 10, 11, 12, 13]
		},
		{
			"name": "Грани",
			"origin": [0, 0, 0],
			"color": 0,
			"nbt": "{}",
			"children": [14, 15, 16, 17, 18, 19]
		},
		{
			"name": "Углы",
			"origin": [0, 0, 0],
			"color": 0,
			"nbt": "{}",
			"children": [20, 21, 22, 23]
		},
		{
			"name": "Углы_низ",
			"origin": [0, 0, 0],
			"color": 0,
			"nbt": "{}",
			"children": [24, 25, 26, 27]
		},
		{
			"name": "Замок",
			"origin": [8.1, 5.65, 11],
			"color": 0,
			"nbt": "{}",
			"children": [28]
		}
	]
}