{"textures":{"0":"modelengine:entity/stolas_s2_skill3_lore"},"elements":[{"from":[7.332667,-9.000664,7.832667],"to":[8.667334,7.000669,8.167334],"faces":{"east":{"uv":[3.0,6.0,3.0625,9.0],"tintindex":-2,"rotation":0,"texture":"#0"},"south":{"uv":[6.0,0.0,6.25,3.0],"tintindex":-2,"rotation":0,"texture":"#0"},"north":{"uv":[0.0,6.0,0.25,9.0],"tintindex":-2,"rotation":0,"texture":"#0"},"west":{"uv":[6.0,3.0,6.0625,6.0],"tintindex":-2,"rotation":0,"texture":"#0"},"up":{"uv":[6.5,1.3125,6.25,1.25],"tintindex":-2,"rotation":0,"texture":"#0"},"down":{"uv":[6.5,1.375,6.25,1.4375],"tintindex":-2,"rotation":0,"texture":"#0"}}},{"from":[7.4477134,-9.666668,7.8333335],"to":[8.390527,-8.723858,8.166667],"faces":{"east":{"uv":[6.25,1.75,6.3125,1.9375],"tintindex":-2,"rotation":0,"texture":"#0"},"south":{"uv":[6.125,5.25,6.3125,5.4375],"tintindex":-2,"rotation":0,"texture":"#0"},"north":{"uv":[6.125,5.0,6.3125,5.1875],"tintindex":-2,"rotation":0,"texture":"#0"},"west":{"uv":[6.25,2.0,6.3125,2.1875],"tintindex":-2,"rotation":0,"texture":"#0"},"up":{"uv":[6.4375,2.3125,6.25,2.25],"tintindex":-2,"rotation":0,"texture":"#0"},"down":{"uv":[6.4375,2.375,6.25,2.4375],"tintindex":-2,"rotation":0,"texture":"#0"}},"rotation":{"origin":[7.72386,-9.0,8.0],"angle":45.0,"axis":"z"}}],"display":{"gui":{"rotation":[30,225,0]}}}