{"textures":{"0":"modelengine:entity/stolas_s2_skill3_lore"},"elements":[{"from":[2.6967,10.0,2.6967],"to":[6.93934,12.0,6.93934],"faces":{"east":{"uv":[6.125,6.125,6.375,6.25],"tintindex":-2,"rotation":0,"texture":"#0"},"south":{"uv":[6.25,0.0,6.5,0.125],"tintindex":-2,"rotation":0,"texture":"#0"},"north":{"uv":[6.125,6.0,6.375,6.125],"tintindex":-2,"rotation":0,"texture":"#0"},"west":{"uv":[6.25,0.125,6.5,0.25],"tintindex":-2,"rotation":0,"texture":"#0"},"up":{"uv":[6.375,3.5,6.125,3.25],"tintindex":-2,"rotation":0,"texture":"#0"},"down":{"uv":[6.375,3.5,6.125,3.75],"tintindex":-2,"rotation":0,"texture":"#0"}},"rotation":{"origin":[8.0,11.0,8.0],"angle":45.0,"axis":"y"}},{"from":[5.0,12.0,6.0],"to":[11.0,14.0,10.0],"faces":{"east":{"uv":[5.375,6.125,5.625,6.25],"tintindex":-2,"rotation":0,"texture":"#0"},"south":{"uv":[4.625,6.125,5.0,6.25],"tintindex":-2,"rotation":0,"texture":"#0"},"north":{"uv":[6.125,4.5,6.5,4.625],"tintindex":-2,"rotation":0,"texture":"#0"},"west":{"uv":[6.125,5.5,6.375,5.625],"tintindex":-2,"rotation":0,"texture":"#0"},"up":{"uv":[4.0,6.25,3.625,6.0],"tintindex":-2,"rotation":0,"texture":"#0"},"down":{"uv":[4.375,6.0,4.0,6.25],"tintindex":-2,"rotation":0,"texture":"#0"}}},{"from":[6.5,14.0,7.0],"to":[9.5,24.0,9.0],"faces":{"east":{"uv":[4.375,6.0,4.5,6.625],"tintindex":-2,"rotation":0,"texture":"#0"},"south":{"uv":[3.375,6.0,3.5625,6.625],"tintindex":-2,"rotation":0,"texture":"#0"},"north":{"uv":[3.125,6.0,3.3125,6.625],"tintindex":-2,"rotation":0,"texture":"#0"},"west":{"uv":[4.5,6.0,4.625,6.625],"tintindex":-2,"rotation":0,"texture":"#0"},"up":{"uv":[6.4375,1.125,6.25,1.0],"tintindex":-2,"rotation":0,"texture":"#0"},"down":{"uv":[6.4375,1.125,6.25,1.25],"tintindex":-2,"rotation":0,"texture":"#0"}}},{"from":[3.4980001,9.998008,4.998],"to":[12.502,12.0020075,11.002],"faces":{"east":{"uv":[6.125,4.25,6.5,4.375],"tintindex":-2,"rotation":0,"texture":"#0"},"south":{"uv":[5.25,6.0,5.8125,6.125],"tintindex":-2,"rotation":0,"texture":"#0"},"north":{"uv":[4.625,6.0,5.1875,6.125],"tintindex":-2,"rotation":0,"texture":"#0"},"west":{"uv":[6.125,4.375,6.5,4.5],"tintindex":-2,"rotation":0,"texture":"#0"},"up":{"uv":[2.3125,6.375,1.75,6.0],"tintindex":-2,"rotation":0,"texture":"#0"},"down":{"uv":[2.9375,6.0,2.375,6.375],"tintindex":-2,"rotation":0,"texture":"#0"}}},{"from":[6.498,23.498009,6.998],"to":[10.502,27.502007,9.002001],"faces":{"east":{"uv":[6.25,0.25,6.375,0.5],"tintindex":-2,"rotation":0,"texture":"#0"},"south":{"uv":[6.125,4.0,6.375,4.25],"tintindex":-2,"rotation":0,"texture":"#0"},"north":{"uv":[6.125,3.75,6.375,4.0],"tintindex":-2,"rotation":0,"texture":"#0"},"west":{"uv":[6.25,0.5,6.375,0.75],"tintindex":-2,"rotation":0,"texture":"#0"},"up":{"uv":[6.5,0.875,6.25,0.75],"tintindex":-2,"rotation":0,"texture":"#0"},"down":{"uv":[6.5,0.875,6.25,1.0],"tintindex":-2,"rotation":0,"texture":"#0"}},"rotation":{"origin":[8.0,26.0,8.0],"angle":-45.0,"axis":"z"}},{"from":[11.6967,10.0,2.6967],"to":[15.939341,12.0,6.93934],"faces":{"east":{"uv":[6.125,5.625,6.375,5.75],"tintindex":-2,"rotation":0,"texture":"#0"},"south":{"uv":[6.125,5.75,6.375,5.875],"tintindex":-2,"rotation":0,"texture":"#0"},"north":{"uv":[5.625,6.125,5.875,6.25],"tintindex":-2,"rotation":0,"texture":"#0"},"west":{"uv":[6.125,5.875,6.375,6.0],"tintindex":-2,"rotation":0,"texture":"#0"},"up":{"uv":[6.125,6.25,5.875,6.0],"tintindex":-2,"rotation":0,"texture":"#0"},"down":{"uv":[6.375,3.0,6.125,3.25],"tintindex":-2,"rotation":0,"texture":"#0"}},"rotation":{"origin":[17.0,11.0,8.0],"angle":45.0,"axis":"y"}},{"from":[5.5,8.0,7.0],"to":[10.5,10.0,9.0],"faces":{"east":{"uv":[6.25,1.5,6.375,1.625],"tintindex":-2,"rotation":0,"texture":"#0"},"south":{"uv":[6.125,4.75,6.4375,4.875],"tintindex":-2,"rotation":0,"texture":"#0"},"north":{"uv":[6.125,4.625,6.4375,4.75],"tintindex":-2,"rotation":0,"texture":"#0"},"west":{"uv":[6.25,1.625,6.375,1.75],"tintindex":-2,"rotation":0,"texture":"#0"},"up":{"uv":[6.4375,5.0,6.125,4.875],"tintindex":-2,"rotation":0,"texture":"#0"},"down":{"uv":[5.3125,6.125,5.0,6.25],"tintindex":-2,"rotation":0,"texture":"#0"}}}],"display":{"gui":{"rotation":[30,225,0]}}}