{
	"credit": "Made with Blockbench",
	"textures": {
		"0": "item/1tier/key",
		"particle": "item/1tier/key"
	},
	"elements": [
		{
			"from": [8.625, 7.5, 1.2],
			"to": [9.375, 8.5, 6.3],
			"rotation": {"angle": 0, "axis": "z", "origin": [2.5, 1.075, 4.25]},
			"faces": {
				"north": {"uv": [5, 7, 4, 8], "rotation": 180, "texture": "#0"},
				"east": {"uv": [4, 0, 5, 7], "rotation": 270, "texture": "#0"},
				"south": {"uv": [8, 4, 7, 3], "texture": "#0"},
				"west": {"uv": [0, 6, 1, 13], "rotation": 90, "texture": "#0"},
				"up": {"uv": [3, 0, 4, 7], "rotation": 180, "texture": "#0"},
				"down": {"uv": [5, 0, 6, 7], "texture": "#0"}
			}
		},
		{
			"from": [8.5, 6.5, 6.25],
			"to": [9.5, 9.5, 9.25],
			"rotation": {"angle": 0, "axis": "z", "origin": [2.5, 1.075, 4.25]},
			"faces": {
				"north": {"uv": [7, 3, 6, 6], "rotation": 180, "texture": "#0"},
				"east": {"uv": [0, 0, 3, 3], "rotation": 270, "texture": "#0"},
				"south": {"uv": [3, 9, 2, 6], "texture": "#0"},
				"west": {"uv": [0, 3, 3, 6], "rotation": 90, "texture": "#0"},
				"up": {"uv": [6, 0, 7, 3], "rotation": 180, "texture": "#0"},
				"down": {"uv": [1, 6, 2, 9], "texture": "#0"}
			}
		},
		{
			"from": [8.5, 6.5, 0.25],
			"to": [9.5, 8.5, 1.25],
			"rotation": {"angle": 0, "axis": "z", "origin": [2.5, 1.075, 4.25]},
			"faces": {
				"north": {"uv": [4, 7, 3, 9], "rotation": 180, "texture": "#0"},
				"east": {"uv": [6, 6, 8, 7], "rotation": 270, "texture": "#0"},
				"south": {"uv": [8, 3, 7, 1], "texture": "#0"},
				"west": {"uv": [7, 0, 9, 1], "rotation": 90, "texture": "#0"},
				"up": {"uv": [7, 4, 8, 5], "rotation": 180, "texture": "#0"},
				"down": {"uv": [5, 7, 6, 8], "texture": "#0"}
			}
		},
		{
			"from": [8.5, 6.8, 1.75],
			"to": [9.5, 7.5, 2.75],
			"rotation": {"angle": 0, "axis": "z", "origin": [2.5, 1.075, 4.25]},
			"faces": {
				"north": {"uv": [9, 3, 8, 4], "rotation": 180, "texture": "#0"},
				"east": {"uv": [6, 7, 7, 8], "rotation": 270, "texture": "#0"},
				"south": {"uv": [9, 3, 8, 2], "texture": "#0"},
				"west": {"uv": [8, 1, 9, 2], "rotation": 90, "texture": "#0"},
				"up": {"uv": [7, 5, 8, 6], "rotation": 180, "texture": "#0"},
				"down": {"uv": [7, 7, 8, 8], "texture": "#0"}
			}
		}
	],
	"display": {
		"thirdperson_righthand": {
			"rotation": [1.58, 19.37, -1.92],
			"translation": [0, -1, 1.25]
		},
		"thirdperson_lefthand": {
			"rotation": [0, 7, 7],
			"translation": [0, -0.5, 1]
		},
		"firstperson_righthand": {
			"rotation": [67.75, 0, 0],
			"translation": [2, -0.5, 0]
		},
		"firstperson_lefthand": {
			"rotation": [62.25, 0, 0],
			"translation": [2.25, 0, 1.25]
		},
		"ground": {
			"rotation": [-58, 5.52, -89.83],
			"translation": [0, 6, 0]
		},
		"gui": {
			"rotation": [-113.17, 46.13, 131.08],
			"translation": [4.5, 3.5, 0],
			"scale": [2.43, 1.7, 1.7]
		},
		"head": {
			"rotation": [-178.88, -0.24, -178.39],
			"translation": [0, -4, -10.5]
		},
		"fixed": {
			"rotation": [-90, -41.75, -90],
			"translation": [-2.25, 3.25, -1],
			"scale": [1.5, 1.5, 1.5]
		}
	}
}