{
	"credit": "Made with Blockbench",
	"textures": {
		"0": "item/1tier/lootbox/corners21",
		"1": "item/1tier/lootbox/borderschest",
		"2": "item/1tier/lootbox/keychest",
		"3": "item/1tier/lootbox/texture2",
		"particle": "item/1tier/lootbox/corners21"
	},
	"elements": [
		{
			"from": [5, 0.4, 5],
			"to": [11, 4.4, 11],
			"rotation": {"angle": 0, "axis": "y", "origin": [8.025, 2.45, 8.05]},
			"faces": {
				"north": {"uv": [6, 8, 12, 12], "texture": "#3"},
				"east": {"uv": [6, 8, 12, 12], "texture": "#3"},
				"south": {"uv": [6, 8, 12, 12], "texture": "#3"},
				"west": {"uv": [6, 8, 12, 12], "texture": "#3"},
				"up": {"uv": [6, 6, 0, 0], "texture": "#3"},
				"down": {"uv": [6, 6, 0, 12], "texture": "#3"}
			}
		},
		{
			"from": [5.3, 0.4, 5.2],
			"to": [10.7, 5, 10.8],
			"rotation": {"angle": 0, "axis": "y", "origin": [8.025, 2.45, 8.05]},
			"faces": {
				"north": {"uv": [6, 8, 12, 12], "texture": "#3"},
				"east": {"uv": [6, 8, 12, 12], "texture": "#3"},
				"south": {"uv": [6, 8, 12, 12], "texture": "#3"},
				"west": {"uv": [6, 8, 12, 12], "texture": "#3"},
				"up": {"uv": [6, 6, 0, 0], "texture": "#3"},
				"down": {"uv": [6, 6, 0, 12], "texture": "#3"}
			}
		},
		{
			"from": [5.5, 0.4, 5.4],
			"to": [10.5, 5.5, 10.6],
			"rotation": {"angle": 0, "axis": "y", "origin": [8.025, 2.45, 8.05]},
			"faces": {
				"north": {"uv": [6, 8, 12, 12], "texture": "#3"},
				"east": {"uv": [6, 8, 12, 12], "texture": "#3"},
				"south": {"uv": [6, 8, 12, 12], "texture": "#3"},
				"west": {"uv": [6, 8, 12, 12], "texture": "#3"},
				"up": {"uv": [6, 6, 0, 0], "texture": "#3"},
				"down": {"uv": [6, 6, 0, 12], "texture": "#3"}
			}
		},
		{
			"from": [5.7, 0.4, 5.6],
			"to": [10.3, 6, 10.4],
			"rotation": {"angle": 0, "axis": "y", "origin": [8.025, 2.45, 8.05]},
			"faces": {
				"north": {"uv": [6, 8, 12, 12], "texture": "#3"},
				"east": {"uv": [6, 8, 12, 12], "texture": "#3"},
				"south": {"uv": [6, 8, 12, 12], "texture": "#3"},
				"west": {"uv": [6, 8, 12, 12], "texture": "#3"},
				"up": {"uv": [6, 6, 0, 0], "texture": "#3"},
				"down": {"uv": [6, 6, 0, 12], "texture": "#3"}
			}
		},
		{
			"from": [4.75, 0.7, 4.75],
			"to": [5.25, 4.7, 5.3],
			"rotation": {"angle": 0, "axis": "y", "origin": [8.025, 2.45, 8.05]},
			"faces": {
				"north": {"uv": [0, 0, 3, 16], "texture": "#1"},
				"east": {"uv": [3, 0, 6, 16], "texture": "#1"},
				"south": {"uv": [6, 0, 9, 16], "texture": "#1"},
				"west": {"uv": [9, 0, 12, 16], "texture": "#1"},
				"up": {"uv": [16, 8, 12, 0], "texture": "#1"},
				"down": {"uv": [16, 8, 12, 16], "texture": "#1"}
			}
		},
		{
			"from": [10.75, 0.7, 10.75],
			"to": [11.25, 4.7, 11.3],
			"rotation": {"angle": 0, "axis": "y", "origin": [8.025, 2.45, 8.05]},
			"faces": {
				"north": {"uv": [0, 0, 0.5, 4], "texture": "#1"},
				"east": {"uv": [1, 0, 1.55, 4], "texture": "#1"},
				"south": {"uv": [2, 0, 2.5, 4], "texture": "#1"},
				"west": {"uv": [3, 0, 3.55, 4], "texture": "#1"},
				"up": {"uv": [5, 1, 5.5, 1.55], "texture": "#1"},
				"down": {"uv": [5, 1, 5.5, 1.55], "texture": "#1"}
			}
		},
		{
			"from": [10.75, 0.7, 4.75],
			"to": [11.25, 4.7, 5.3],
			"rotation": {"angle": 0, "axis": "y", "origin": [8.025, 2.45, 8.05]},
			"faces": {
				"north": {"uv": [0, 0, 0.5, 4], "texture": "#1"},
				"east": {"uv": [1, 0, 1.55, 4], "texture": "#1"},
				"south": {"uv": [2, 0, 2.5, 4], "texture": "#1"},
				"west": {"uv": [3, 0, 3.55, 4], "texture": "#1"},
				"up": {"uv": [5, 1, 5.5, 1.55], "texture": "#1"},
				"down": {"uv": [5, 1, 5.5, 1.55], "texture": "#1"}
			}
		},
		{
			"from": [4.75, 0.7, 10.75],
			"to": [5.25, 4.7, 11.3],
			"rotation": {"angle": 0, "axis": "y", "origin": [8.025, 2.45, 8.05]},
			"faces": {
				"north": {"uv": [0, 0, 0.5, 4], "texture": "#1"},
				"east": {"uv": [1, 0, 1.55, 4], "texture": "#1"},
				"south": {"uv": [2, 0, 2.5, 4], "texture": "#1"},
				"west": {"uv": [3, 0, 3.55, 4], "texture": "#1"},
				"up": {"uv": [5, 1, 5.5, 1.55], "texture": "#1"},
				"down": {"uv": [5, 1, 5.5, 1.55], "texture": "#1"}
			}
		},
		{
			"name": "cube1",
			"from": [4.75, 4.2, 4.75],
			"to": [11.25, 4.7, 11.3],
			"rotation": {"angle": 0, "axis": "y", "origin": [8.025, 2.45, 8.05]},
			"faces": {
				"north": {"uv": [0, 0, 1, 6], "texture": "#1"},
				"east": {"uv": [1, 0, 2, 6], "texture": "#1"},
				"south": {"uv": [2, 0, 3, 6], "texture": "#1"},
				"west": {"uv": [3, 0, 4, 6], "texture": "#1"},
				"up": {"uv": [5, 1, 4, 0], "texture": "#1"},
				"down": {"uv": [5, 1, 4, 2], "texture": "#1"}
			}
		},
		{
			"name": "cube1",
			"from": [4.75, 0.2, 4.75],
			"to": [11.25, 0.7, 11.3],
			"rotation": {"angle": 0, "axis": "y", "origin": [8.025, 2.45, 8.05]},
			"faces": {
				"north": {"uv": [0, 0, 1, 6], "texture": "#1"},
				"east": {"uv": [1, 0, 2, 6], "texture": "#1"},
				"south": {"uv": [2, 0, 3, 6], "texture": "#1"},
				"west": {"uv": [3, 0, 4, 6], "texture": "#1"},
				"up": {"uv": [5, 1, 4, 0], "texture": "#1"},
				"down": {"uv": [5, 1, 4, 2], "texture": "#1"}
			}
		},
		{
			"from": [4.6, 4, 4.6],
			"to": [5.5, 4.9, 5.5],
			"rotation": {"angle": 0, "axis": "y", "origin": [8.025, 2.45, 8.05]},
			"faces": {
				"north": {"uv": [0, 0, 2, 2], "texture": "#0"},
				"east": {"uv": [4, 0, 6, 2], "texture": "#0"},
				"south": {"uv": [0, 2, 2, 4], "texture": "#0"},
				"west": {"uv": [2, 0, 4, 2], "texture": "#0"},
				"up": {"uv": [2, 2, 4, 4], "texture": "#0"},
				"down": {"uv": [0, 4, 2, 6], "texture": "#0"}
			}
		},
		{
			"from": [4.6, 4, 10.6],
			"to": [5.5, 4.9, 11.5],
			"rotation": {"angle": 0, "axis": "y", "origin": [8.025, 2.45, 8.05]},
			"faces": {
				"north": {"uv": [0, 0, 2, 2], "texture": "#0"},
				"east": {"uv": [4, 0, 6, 2], "texture": "#0"},
				"south": {"uv": [0, 2, 2, 4], "texture": "#0"},
				"west": {"uv": [2, 0, 4, 2], "texture": "#0"},
				"up": {"uv": [2, 2, 4, 4], "texture": "#0"},
				"down": {"uv": [0, 4, 2, 6], "texture": "#0"}
			}
		},
		{
			"from": [10.6, 4, 10.6],
			"to": [11.5, 4.9, 11.5],
			"rotation": {"angle": 0, "axis": "y", "origin": [8.025, 2.45, 8.05]},
			"faces": {
				"north": {"uv": [0, 0, 2, 2], "texture": "#0"},
				"east": {"uv": [4, 0, 6, 2], "texture": "#0"},
				"south": {"uv": [0, 2, 2, 4], "texture": "#0"},
				"west": {"uv": [2, 0, 4, 2], "texture": "#0"},
				"up": {"uv": [2, 2, 4, 4], "texture": "#0"},
				"down": {"uv": [0, 4, 2, 6], "texture": "#0"}
			}
		},
		{
			"from": [10.6, 4, 4.6],
			"to": [11.5, 4.9, 5.5],
			"rotation": {"angle": 0, "axis": "y", "origin": [8.025, 2.45, 8.05]},
			"faces": {
				"north": {"uv": [0, 0, 2, 2], "texture": "#0"},
				"east": {"uv": [4, 0, 6, 2], "texture": "#0"},
				"south": {"uv": [0, 2, 2, 4], "texture": "#0"},
				"west": {"uv": [2, 0, 4, 2], "texture": "#0"},
				"up": {"uv": [2, 2, 4, 4], "texture": "#0"},
				"down": {"uv": [0, 4, 2, 6], "texture": "#0"}
			}
		},
		{
			"from": [4.6, 0, 4.6],
			"to": [5.5, 0.9, 5.5],
			"rotation": {"angle": 0, "axis": "y", "origin": [8.025, 2.45, 8.05]},
			"faces": {
				"north": {"uv": [0, 0, 2, 2], "texture": "#0"},
				"east": {"uv": [4, 0, 6, 2], "texture": "#0"},
				"south": {"uv": [0, 2, 2, 4], "texture": "#0"},
				"west": {"uv": [2, 0, 4, 2], "texture": "#0"},
				"up": {"uv": [2, 2, 4, 4], "texture": "#0"},
				"down": {"uv": [0, 4, 2, 6], "texture": "#0"}
			}
		},
		{
			"from": [4.6, 0, 10.6],
			"to": [5.5, 0.9, 11.5],
			"rotation": {"angle": 0, "axis": "y", "origin": [8.025, 2.45, 8.05]},
			"faces": {
				"north": {"uv": [0, 0, 2, 2], "texture": "#0"},
				"east": {"uv": [4, 0, 6, 2], "texture": "#0"},
				"south": {"uv": [0, 2, 2, 4], "texture": "#0"},
				"west": {"uv": [2, 0, 4, 2], "texture": "#0"},
				"up": {"uv": [2, 2, 4, 4], "texture": "#0"},
				"down": {"uv": [0, 4, 2, 6], "texture": "#0"}
			}
		},
		{
			"from": [10.6, 0, 10.6],
			"to": [11.5, 0.9, 11.5],
			"rotation": {"angle": 0, "axis": "y", "origin": [8.025, 2.45, 8.05]},
			"faces": {
				"north": {"uv": [0, 0, 2, 2], "texture": "#0"},
				"east": {"uv": [4, 0, 6, 2], "texture": "#0"},
				"south": {"uv": [0, 2, 2, 4], "texture": "#0"},
				"west": {"uv": [2, 0, 4, 2], "texture": "#0"},
				"up": {"uv": [2, 2, 4, 4], "texture": "#0"},
				"down": {"uv": [0, 4, 2, 6], "texture": "#0"}
			}
		},
		{
			"from": [10.6, 0, 4.6],
			"to": [11.5, 0.9, 5.5],
			"rotation": {"angle": 0, "axis": "y", "origin": [8.025, 2.45, 8.05]},
			"faces": {
				"north": {"uv": [0, 0, 2, 2], "texture": "#0"},
				"east": {"uv": [4, 0, 6, 2], "texture": "#0"},
				"south": {"uv": [0, 2, 2, 4], "texture": "#0"},
				"west": {"uv": [2, 0, 4, 2], "texture": "#0"},
				"up": {"uv": [2, 2, 4, 4], "texture": "#0"},
				"down": {"uv": [0, 4, 2, 6], "texture": "#0"}
			}
		},
		{
			"name": "Замок",
			"from": [6.01529, 2.81577, 10.6],
			"to": [7.81529, 4.61577, 11.6],
			"rotation": {"angle": -45, "axis": "z", "origin": [8.025, 2.45, 8.05]},
			"faces": {
				"north": {"uv": [8, 0, 16, 8], "texture": "#2"},
				"east": {"uv": [0, 8, 4, 16], "texture": "#2"},
				"south": {"uv": [0, 0, 8, 8], "texture": "#2"},
				"west": {"uv": [12, 8, 16, 16], "texture": "#2"},
				"up": {"uv": [12, 16, 4, 13], "texture": "#2"},
				"down": {"uv": [4, 11, 12, 8], "texture": "#2"}
			}
		}
	],
	"display": {
		"thirdperson_righthand": {
			"rotation": [12, -67, 0],
			"translation": [0.5, 0.75, -1.25],
			"scale": [0.5, 0.5, 0.5]
		},
		"thirdperson_lefthand": {
			"rotation": [12, -67, 0],
			"translation": [0.5, 0.75, -1.25],
			"scale": [0.5, 0.5, 0.5]
		},
		"firstperson_righthand": {
			"rotation": [0, -67, 0],
			"translation": [0, 8.75, 1.75],
			"scale": [0.7, 1, 1]
		},
		"firstperson_lefthand": {
			"rotation": [0, -67, 0],
			"translation": [0, 8.75, 1.75],
			"scale": [0.7, 1, 1]
		},
		"ground": {
			"translation": [0, 8.25, 0]
		},
		"gui": {
			"rotation": [21, -44, 0],
			"translation": [0, 6.5, 0],
			"scale": [1.3, 1.3, 1.3]
		},
		"head": {
			"rotation": [0, -180, 0],
			"translation": [0, 14.25, 0]
		},
		"fixed": {
			"rotation": [-90, -180, 0],
			"translation": [0, 0.5, -7]
		}
	},
	"groups": [
		{
			"name": "Башня",
			"origin": [0, 0, 0],
			"color": 0,
			"nbt": "{}",
			"children": [0, 1, 2, 3]
		},
		{
			"name": "Грани",
			"origin": [0, 0, 0],
			"color": 0,
			"nbt": "{}",
			"children": [4, 5, 6, 7, 8, 9]
		},
		{
			"name": "Углы",
			"origin": [0, 0, 0],
			"color": 0,
			"nbt": "{}",
			"children": [10, 11, 12, 13]
		},
		{
			"name": "Углы_низ",
			"origin": [0, 0, 0],
			"color": 0,
			"nbt": "{}",
			"children": [14, 15, 16, 17]
		},
		{
			"name": "Замок",
			"origin": [8.1, 5.65, 11],
			"color": 0,
			"nbt": "{}",
			"children": [18]
		}
	]
}