{
	"credit": "Made with Blockbench",
	"parent": "enchanted_book",
	"texture_size": [32, 32],
	"textures": {
		"0": "item/2tier/electrobook/texturetier2_3"
	},
	"elements": [
		{
			"name": "Обложка",
			"from": [5.5, 4, 7],
			"to": [10.5, 12, 9],
			"rotation": {"angle": 0, "axis": "y", "origin": [9.125, 4, 8]},
			"faces": {
				"north": {"uv": [2.875, 4, 0, 8], "texture": "#0"},
				"east": {"uv": [5, 4, 6, 8], "texture": "#0"},
				"south": {"uv": [0, 0, 2.875, 4], "texture": "#0"},
				"west": {"uv": [6, 4, 7, 8], "texture": "#0"},
				"up": {"uv": [6.5, 9, 4, 8], "texture": "#0"},
				"down": {"uv": [10.5, 4, 8, 5], "texture": "#0"}
			}
		},
		{
			"name": "Листы",
			"from": [6, 4.2, 7.5],
			"to": [10, 11.8, 8.5],
			"rotation": {"angle": 0, "axis": "y", "origin": [9.125, 4, 8]},
			"faces": {
				"east": {"uv": [8, 5, 8.5, 8.75], "texture": "#0"},
				"south": {"uv": [5, 0, 7, 3.75], "texture": "#0"},
				"west": {"uv": [6.5, 8, 7, 11.75], "texture": "#0"},
				"up": {"uv": [10.5, 5.5, 8.5, 5], "texture": "#0"},
				"down": {"uv": [10.5, 5.5, 8.5, 6], "texture": "#0"}
			}
		},
		{
			"name": "Внутрь1",
			"from": [5.5, 4, 7],
			"to": [10.5, 12, 7.5],
			"rotation": {"angle": 0, "axis": "y", "origin": [9.125, 4, 8]},
			"faces": {
				"south": {"uv": [3, 4, 4.875, 8], "texture": "#0"}
			}
		},
		{
			"name": "Внутрь2",
			"from": [10, 4, 7],
			"to": [10.5, 11.975, 9],
			"rotation": {"angle": 0, "axis": "y", "origin": [9.125, 4, 8]},
			"faces": {
				"west": {"uv": [7, 0, 8, 4], "texture": "#0", "cullface": "up"},
				"up": {"uv": [10.75, 4.5, 10.5, 3.5], "texture": "#0"}
			}
		},
		{
			"name": "Внутрь3",
			"from": [5.5, 4, 8.5],
			"to": [10.5, 12, 9],
			"rotation": {"angle": 0, "axis": "y", "origin": [9.125, 4, 8]},
			"faces": {
				"north": {"uv": [2.875, 4, 5, 8], "texture": "#0"}
			}
		},
		{
			"name": "корешок горизонталь1",
			"from": [10.9, 9.1, 7.3],
			"to": [11, 9.9, 8.725],
			"faces": {
				"north": {"uv": [1, 12.5, 1.125, 12.875], "texture": "#0"},
				"east": {"uv": [10, 7.5, 10.75, 7.875], "texture": "#0"},
				"south": {"uv": [12.5, 1, 12.625, 1.375], "texture": "#0"},
				"west": {"uv": [8, 10, 8.75, 10.375], "texture": "#0"},
				"up": {"uv": [12.125, 3.75, 12, 3], "texture": "#0"},
				"down": {"uv": [3.625, 12, 3.5, 12.75], "texture": "#0"}
			}
		},
		{
			"name": "корешок горизонталь2",
			"from": [10.8, 9.1, 7.1],
			"to": [10.9, 9.9, 8.9],
			"faces": {
				"north": {"uv": [1.5, 12.5, 1.625, 12.875], "texture": "#0"},
				"east": {"uv": [9.5, 0, 10.375, 0.375], "texture": "#0"},
				"south": {"uv": [12.5, 1.5, 12.625, 1.875], "texture": "#0"},
				"west": {"uv": [9.5, 0.5, 10.375, 0.875], "texture": "#0"},
				"up": {"uv": [11.625, 6.375, 11.5, 5.5], "texture": "#0"},
				"down": {"uv": [6.125, 11.5, 6, 12.375], "texture": "#0"}
			}
		},
		{
			"name": "корешок горизонталь3",
			"from": [10.5, 9.1, 7],
			"to": [10.8, 9.9, 9],
			"faces": {
				"north": {"uv": [2, 12.5, 2.125, 12.875], "texture": "#0"},
				"east": {"uv": [9, 7.5, 10, 7.875], "texture": "#0"},
				"south": {"uv": [12.5, 2, 12.625, 2.375], "texture": "#0"},
				"west": {"uv": [9, 8, 10, 8.375], "texture": "#0"},
				"up": {"uv": [11.625, 3.5, 11.5, 2.5], "texture": "#0"},
				"down": {"uv": [11.625, 4.5, 11.5, 5.5], "texture": "#0"}
			}
		},
		{
			"name": "корешок горизонталь4",
			"from": [10.5, 6.1, 7],
			"to": [10.8, 6.9, 9],
			"faces": {
				"north": {"uv": [2.5, 12.5, 2.625, 12.875], "texture": "#0"},
				"east": {"uv": [9, 8.5, 10, 8.875], "texture": "#0"},
				"south": {"uv": [12.5, 2.5, 12.625, 2.875], "texture": "#0"},
				"west": {"uv": [9, 9, 10, 9.375], "texture": "#0"},
				"up": {"uv": [5.125, 12.5, 5, 11.5], "texture": "#0"},
				"down": {"uv": [5.625, 11.5, 5.5, 12.5], "texture": "#0"}
			}
		},
		{
			"name": "корешок горизонталь5",
			"from": [10.8, 6.1, 7.1],
			"to": [10.9, 6.9, 8.9],
			"faces": {
				"north": {"uv": [3, 12.5, 3.125, 12.875], "texture": "#0"},
				"east": {"uv": [9.5, 1, 10.375, 1.375], "texture": "#0"},
				"south": {"uv": [12.5, 3, 12.625, 3.375], "texture": "#0"},
				"west": {"uv": [9.5, 1.5, 10.375, 1.875], "texture": "#0"},
				"up": {"uv": [11.625, 7.375, 11.5, 6.5], "texture": "#0"},
				"down": {"uv": [11.625, 7.5, 11.5, 8.375], "texture": "#0"}
			}
		},
		{
			"name": "корешок горизонталь6",
			"from": [10.9, 6.1, 7.3],
			"to": [11, 6.9, 8.725],
			"faces": {
				"north": {"uv": [12.5, 3.5, 12.625, 3.875], "texture": "#0"},
				"east": {"uv": [10, 8, 10.75, 8.375], "texture": "#0"},
				"south": {"uv": [12.5, 4, 12.625, 4.375], "texture": "#0"},
				"west": {"uv": [10, 8.5, 10.75, 8.875], "texture": "#0"},
				"up": {"uv": [12.125, 4.75, 12, 4], "texture": "#0"},
				"down": {"uv": [12.125, 5, 12, 5.75], "texture": "#0"}
			}
		},
		{
			"name": "корешок",
			"from": [10.5, 4, 7.1],
			"to": [10.75, 12, 8.9],
			"faces": {
				"north": {"uv": [7, 8, 7.125, 12], "texture": "#0"},
				"east": {"uv": [7, 4, 7.875, 8], "texture": "#0"},
				"south": {"uv": [7.5, 8, 7.625, 12], "texture": "#0"},
				"west": {"uv": [0, 8, 0.875, 12], "texture": "#0"},
				"up": {"uv": [8.125, 12.375, 8, 11.5], "texture": "#0"},
				"down": {"uv": [8.625, 11.5, 8.5, 12.375], "texture": "#0"}
			}
		},
		{
			"name": "корешок",
			"from": [10.75, 4, 7.2],
			"to": [10.85, 12, 8.8],
			"faces": {
				"north": {"uv": [8.5, 6, 8.625, 10], "texture": "#0"},
				"east": {"uv": [8, 0, 8.75, 4], "texture": "#0"},
				"south": {"uv": [9, 0, 9.125, 4], "texture": "#0"},
				"west": {"uv": [1, 8, 1.75, 12], "texture": "#0"},
				"up": {"uv": [12.125, 6.75, 12, 6], "texture": "#0"},
				"down": {"uv": [6.625, 12, 6.5, 12.75], "texture": "#0"}
			}
		},
		{
			"name": "корешок",
			"from": [10.825, 4, 7.3],
			"to": [10.925, 12, 8.7],
			"faces": {
				"north": {"uv": [4, 9, 4.125, 13], "texture": "#0"},
				"east": {"uv": [2, 8, 2.75, 12], "texture": "#0"},
				"south": {"uv": [4.5, 9, 4.625, 13], "texture": "#0"},
				"west": {"uv": [3, 8, 3.75, 12], "texture": "#0"},
				"up": {"uv": [7.125, 12.75, 7, 12], "texture": "#0"},
				"down": {"uv": [12.125, 7, 12, 7.75], "texture": "#0"}
			}
		},
		{
			"name": "Нижний1",
			"from": [5.4, 3.925, 6.875],
			"to": [7.25, 4.4, 7.525],
			"rotation": {"angle": 0, "axis": "y", "origin": [6.0875, 11.5125, 8]},
			"faces": {
				"north": {"uv": [10.5, 4.5, 11.375, 4.75], "texture": "#0"},
				"east": {"uv": [7.5, 12, 7.875, 12.25], "texture": "#0"},
				"south": {"uv": [5, 10.5, 5.875, 10.75], "texture": "#0"},
				"west": {"uv": [12, 8, 12.375, 8.25], "texture": "#0"},
				"up": {"uv": [10.375, 2.375, 9.5, 2], "texture": "#0"},
				"down": {"uv": [10.375, 2.5, 9.5, 2.875], "texture": "#0"}
			}
		},
		{
			"name": "Нижний2",
			"from": [5.4125, 4.3875, 6.875],
			"to": [5.8375, 5.8375, 7.525],
			"rotation": {"angle": 0, "axis": "y", "origin": [6.0875, 11.5125, 8]},
			"faces": {
				"north": {"uv": [11, 7.5, 11.25, 8.25], "texture": "#0"},
				"east": {"uv": [6, 10, 6.375, 10.75], "texture": "#0"},
				"south": {"uv": [11, 8.5, 11.25, 9.25], "texture": "#0"},
				"west": {"uv": [9, 10, 9.375, 10.75], "texture": "#0"},
				"up": {"uv": [12.25, 8.875, 12, 8.5], "texture": "#0"},
				"down": {"uv": [9.25, 12, 9, 12.375], "texture": "#0"}
			}
		},
		{
			"name": "Нижний3",
			"from": [5.4, 3.925, 8.475],
			"to": [7.25, 4.4, 9.125],
			"rotation": {"angle": 0, "axis": "y", "origin": [6.0875, 11.5125, 8]},
			"faces": {
				"north": {"uv": [10.5, 5, 11.375, 5.25], "texture": "#0"},
				"east": {"uv": [12, 9, 12.375, 9.25], "texture": "#0"},
				"south": {"uv": [10.5, 5.5, 11.375, 5.75], "texture": "#0"},
				"west": {"uv": [9.5, 12, 9.875, 12.25], "texture": "#0"},
				"up": {"uv": [10.375, 3.375, 9.5, 3], "texture": "#0"},
				"down": {"uv": [10.375, 3.5, 9.5, 3.875], "texture": "#0"}
			}
		},
		{
			"name": "Нижний4",
			"from": [5.4125, 4.3875, 8.475],
			"to": [5.8375, 5.8375, 9.125],
			"rotation": {"angle": 0, "axis": "y", "origin": [6.0875, 11.5125, 8]},
			"faces": {
				"north": {"uv": [9, 11, 9.25, 11.75], "texture": "#0"},
				"east": {"uv": [10, 9, 10.375, 9.75], "texture": "#0"},
				"south": {"uv": [9.5, 11, 9.75, 11.75], "texture": "#0"},
				"west": {"uv": [9.5, 10, 9.875, 10.75], "texture": "#0"},
				"up": {"uv": [12.25, 9.875, 12, 9.5], "texture": "#0"},
				"down": {"uv": [10.25, 12, 10, 12.375], "texture": "#0"}
			}
		},
		{
			"name": "Верхний1",
			"from": [5.375, 10.25, 6.875],
			"to": [5.85, 12.075, 7.525],
			"faces": {
				"north": {"uv": [8, 10.5, 8.25, 11.375], "texture": "#0"},
				"east": {"uv": [6, 9, 6.375, 9.875], "texture": "#0"},
				"south": {"uv": [8.5, 10.5, 8.75, 11.375], "texture": "#0"},
				"west": {"uv": [8, 9, 8.375, 9.875], "texture": "#0"},
				"up": {"uv": [12.25, 10.375, 12, 10], "texture": "#0"},
				"down": {"uv": [10.75, 12, 10.5, 12.375], "texture": "#0"}
			}
		},
		{
			"name": "Верхний2",
			"from": [5.8375, 11.6625, 6.875],
			"to": [7.2875, 12.0625, 7.525],
			"rotation": {"angle": 0, "axis": "y", "origin": [5.6125, 11.2, 7.1625]},
			"faces": {
				"north": {"uv": [11, 9.5, 11.75, 9.75], "texture": "#0"},
				"east": {"uv": [12, 10.5, 12.375, 10.75], "texture": "#0"},
				"south": {"uv": [11, 10, 11.75, 10.25], "texture": "#0"},
				"west": {"uv": [11, 12, 11.375, 12.25], "texture": "#0"},
				"up": {"uv": [10.75, 10.375, 10, 10], "texture": "#0"},
				"down": {"uv": [11.25, 0, 10.5, 0.375], "texture": "#0"}
			}
		},
		{
			"name": "Верхний3",
			"from": [5.375, 10.25, 8.475],
			"to": [5.85, 12.075, 9.125],
			"faces": {
				"north": {"uv": [10.5, 9, 10.75, 9.875], "texture": "#0"},
				"east": {"uv": [5, 9.5, 5.375, 10.375], "texture": "#0"},
				"south": {"uv": [10, 10.5, 10.25, 11.375], "texture": "#0"},
				"west": {"uv": [5.5, 9.5, 5.875, 10.375], "texture": "#0"},
				"up": {"uv": [12.25, 11.375, 12, 11], "texture": "#0"},
				"down": {"uv": [11.75, 12, 11.5, 12.375], "texture": "#0"}
			}
		},
		{
			"name": "Верхний4",
			"from": [5.8375, 11.6625, 8.475],
			"to": [7.2875, 12.0625, 9.125],
			"rotation": {"angle": 0, "axis": "y", "origin": [5.6125, 11.2, 7.1625]},
			"faces": {
				"north": {"uv": [10.5, 11, 11.25, 11.25], "texture": "#0"},
				"east": {"uv": [12, 11.5, 12.375, 11.75], "texture": "#0"},
				"south": {"uv": [11.5, 0, 12.25, 0.25], "texture": "#0"},
				"west": {"uv": [12, 12, 12.375, 12.25], "texture": "#0"},
				"up": {"uv": [11.25, 0.875, 10.5, 0.5], "texture": "#0"},
				"down": {"uv": [11.25, 1, 10.5, 1.375], "texture": "#0"}
			}
		},
		{
			"name": "Нижний1",
			"from": [9.075, 3.925, 8.475],
			"to": [10.65, 4.4, 9.125],
			"rotation": {"angle": 0, "axis": "y", "origin": [6.0875, 8.0125, 8]},
			"faces": {
				"north": {"uv": [10.5, 10.5, 11.25, 10.75], "texture": "#0"},
				"east": {"uv": [11.5, 8.5, 11.875, 8.75], "texture": "#0"},
				"south": {"uv": [11, 3.5, 11.75, 3.75], "texture": "#0"},
				"west": {"uv": [11.5, 9, 11.875, 9.25], "texture": "#0"},
				"up": {"uv": [9.75, 9.875, 9, 9.5], "texture": "#0"},
				"down": {"uv": [10.75, 6, 10, 6.375], "texture": "#0"}
			}
		},
		{
			"name": "Нижний2",
			"from": [10.1375, 4.3875, 8.475],
			"to": [10.6375, 4.7625, 9.125],
			"rotation": {"angle": 0, "axis": "y", "origin": [6.0875, 8.0125, 8]},
			"faces": {
				"north": {"uv": [0, 12.5, 0.25, 12.75], "texture": "#0"},
				"east": {"uv": [10, 11.5, 10.375, 11.75], "texture": "#0"},
				"south": {"uv": [12.5, 0, 12.75, 0.25], "texture": "#0"},
				"west": {"uv": [10.5, 11.5, 10.875, 11.75], "texture": "#0"},
				"up": {"uv": [11.75, 10.875, 11.5, 10.5], "texture": "#0"},
				"down": {"uv": [11.25, 11.5, 11, 11.875], "texture": "#0"}
			}
		},
		{
			"name": "Нижний3",
			"from": [9.075, 3.925, 6.875],
			"to": [10.65, 4.4, 7.525],
			"rotation": {"angle": 0, "axis": "y", "origin": [6.0875, 8.0125, 8]},
			"faces": {
				"north": {"uv": [11, 4, 11.75, 4.25], "texture": "#0"},
				"east": {"uv": [11.5, 11, 11.875, 11.25], "texture": "#0"},
				"south": {"uv": [5, 11, 5.75, 11.25], "texture": "#0"},
				"west": {"uv": [11.5, 11.5, 11.875, 11.75], "texture": "#0"},
				"up": {"uv": [10.75, 6.875, 10, 6.5], "texture": "#0"},
				"down": {"uv": [10.75, 7, 10, 7.375], "texture": "#0"}
			}
		},
		{
			"name": "Нижний4",
			"from": [10.1375, 4.3875, 6.875],
			"to": [10.6375, 4.7625, 7.525],
			"rotation": {"angle": 0, "axis": "y", "origin": [6.0875, 8.0125, 8]},
			"faces": {
				"north": {"uv": [0.5, 12.5, 0.75, 12.75], "texture": "#0"},
				"east": {"uv": [0, 12, 0.375, 12.25], "texture": "#0"},
				"south": {"uv": [12.5, 0.5, 12.75, 0.75], "texture": "#0"},
				"west": {"uv": [0.5, 12, 0.875, 12.25], "texture": "#0"},
				"up": {"uv": [12.25, 0.875, 12, 0.5], "texture": "#0"},
				"down": {"uv": [1.25, 12, 1, 12.375], "texture": "#0"}
			}
		},
		{
			"name": "Верхний1",
			"from": [10.15, 11, 8.475],
			"to": [10.7, 12.065, 9.125],
			"rotation": {"angle": 0, "axis": "y", "origin": [6.0875, 8.0125, 8]},
			"faces": {
				"north": {"uv": [11.5, 0.5, 11.75, 1], "texture": "#0"},
				"east": {"uv": [6, 11, 6.375, 11.5], "texture": "#0"},
				"south": {"uv": [11.5, 1, 11.75, 1.5], "texture": "#0"},
				"west": {"uv": [11, 6, 11.375, 6.5], "texture": "#0"},
				"up": {"uv": [12.25, 1.375, 12, 1], "texture": "#0"},
				"down": {"uv": [1.75, 12, 1.5, 12.375], "texture": "#0"}
			}
		},
		{
			"name": "Верхний2",
			"from": [8.2625, 11.6125, 8.45],
			"to": [10.1625, 12.0625, 9.125],
			"rotation": {"angle": 0, "axis": "y", "origin": [6.0875, 8.0125, 8]},
			"faces": {
				"north": {"uv": [10.5, 1.5, 11.5, 1.75], "texture": "#0"},
				"east": {"uv": [12, 1.5, 12.375, 1.75], "texture": "#0"},
				"south": {"uv": [10.5, 2, 11.5, 2.25], "texture": "#0"},
				"west": {"uv": [2, 12, 2.375, 12.25], "texture": "#0"},
				"up": {"uv": [6, 9.375, 5, 9], "texture": "#0"},
				"down": {"uv": [10, 6, 9, 6.375], "texture": "#0"}
			}
		},
		{
			"name": "Верхний3",
			"from": [10.15, 11, 6.875],
			"to": [10.7, 12.065, 7.525],
			"rotation": {"angle": 0, "axis": "y", "origin": [6.0875, 8.0125, 8]},
			"faces": {
				"north": {"uv": [11.5, 1.5, 11.75, 2], "texture": "#0"},
				"east": {"uv": [11, 6.5, 11.375, 7], "texture": "#0"},
				"south": {"uv": [11.5, 2, 11.75, 2.5], "texture": "#0"},
				"west": {"uv": [11, 7, 11.375, 7.5], "texture": "#0"},
				"up": {"uv": [12.25, 2.375, 12, 2], "texture": "#0"},
				"down": {"uv": [2.75, 12, 2.5, 12.375], "texture": "#0"}
			}
		},
		{
			"name": "Верхний4",
			"from": [8.2375, 11.6125, 6.875],
			"to": [10.1375, 12.0625, 7.525],
			"rotation": {"angle": 0, "axis": "y", "origin": [6.0875, 8.0125, 8]},
			"faces": {
				"north": {"uv": [10.5, 2.5, 11.5, 2.75], "texture": "#0"},
				"east": {"uv": [12, 2.5, 12.375, 2.75], "texture": "#0"},
				"south": {"uv": [10.5, 3, 11.5, 3.25], "texture": "#0"},
				"west": {"uv": [3, 12, 3.375, 12.25], "texture": "#0"},
				"up": {"uv": [10, 6.875, 9, 6.5], "texture": "#0"},
				"down": {"uv": [10, 7, 9, 7.375], "texture": "#0"}
			}
		}
	],
	"display": {
		"thirdperson_righthand": {
			"rotation": [-164.93, 31.89, -179.61],
			"translation": [-1.5, 2.25, 0.5]
		},
		"thirdperson_lefthand": {
			"rotation": [-170.07, 16.4, 170.78],
			"translation": [-1.5, 2.25, 0.5]
		},
		"firstperson_righthand": {
			"rotation": [80.24, 64.49, -89.59],
			"translation": [0.5, 3.25, 1.5],
			"scale": [0.9, 1.20508, 1.2207]
		},
		"firstperson_lefthand": {
			"rotation": [99.51, 50.61, 72.73],
			"translation": [0.5, 3.25, 1.5],
			"scale": [0.61, 1.20508, 1.2207]
		},
		"ground": {
			"rotation": [29.85, -9.31, 6.29],
			"translation": [0, 4, 0]
		},
		"gui": {
			"rotation": [131.55, 35.31, -139.56],
			"translation": [0.25, 0, -8],
			"scale": [2.01, 1.56, 1.5]
		},
		"head": {
			"rotation": [66, 180, 0],
			"translation": [0.25, -1.75, -0.5],
			"scale": [3.16, 1.78, 1.43]
		},
		"fixed": {
			"translation": [-0.25, 1, 0],
			"scale": [1.7, 1.7, 1.7]
		}
	},
	"groups": [
		0,
		{
			"name": "Наполнитель",
			"origin": [9.125, 4, 8],
			"color": 0,
			"nbt": "{}",
			"children": [1, 2, 3, 4]
		},
		{
			"name": "Корешок",
			"origin": [0, 0, 0],
			"color": 0,
			"nbt": "{}",
			"children": [5, 6, 7, 8, 9, 10, 11, 12, 13]
		},
		{
			"name": "Углы левые",
			"origin": [8, 8, 8],
			"color": 0,
			"nbt": "{}",
			"children": [14, 15, 16, 17, 18, 19, 20, 21]
		},
		{
			"name": "Углы Правые",
			"origin": [8, 8, 8],
			"color": 0,
			"nbt": "{}",
			"children": [22, 23, 24, 25, 26, 27, 28, 29]
		}
	]
}