{
	"credit": "Made with Blockbench",
	"texture_size": [32, 32],
	"textures": {
		"0": "item/3tier/potion/parry_negation1",
		"1": "item/3tier/potion/parry_negation2",
		"2": "item/3tier/potion/parry_negation3",
		"3": "item/3tier/potion/parry_negation4",
		"4": "item/3tier/potion/parry_negation5",
		"particle": "item/3tier/potion/parry_negation1"
	},
	"elements": [
		{
			"from": [5, 0, 5],
			"to": [11, 6, 11],
			"faces": {
				"north": {"uv": [6, 0, 9, 3], "texture": "#0"},
				"east": {"uv": [3, 3, 6, 6], "texture": "#0"},
				"south": {"uv": [0, 3, 3, 6], "texture": "#0"},
				"west": {"uv": [0, 0, 3, 3], "texture": "#0"},
				"up": {"uv": [0, 6, 3, 9], "texture": "#0"},
				"down": {"uv": [3, 0, 6, 3], "texture": "#0"}
			}
		},
		{
			"from": [6.8, 6, 6.8],
			"to": [9.2, 9.25, 9.2],
			"faces": {
				"north": {"uv": [0, 5, 3, 8], "texture": "#1"},
				"east": {"uv": [0, 5, 3, 8], "texture": "#1"},
				"south": {"uv": [0, 2, 3, 5], "texture": "#1"},
				"west": {"uv": [3, 3, 6, 6], "texture": "#1"},
				"up": {"uv": [0, 0, 3, 3], "texture": "#1"},
				"down": {"uv": [3, 0, 6, 3], "texture": "#1"}
			}
		},
		{
			"from": [6, 8, 6],
			"to": [10, 9.5, 10],
			"faces": {
				"north": {"uv": [4, 3, 8, 4], "texture": "#3"},
				"east": {"uv": [4, 2, 8, 3], "texture": "#3"},
				"south": {"uv": [4, 0, 8, 1], "texture": "#3"},
				"west": {"uv": [4, 1, 8, 2], "texture": "#3"},
				"up": {"uv": [0, 0, 4, 4], "texture": "#3"},
				"down": {"uv": [0, 4, 4, 8], "texture": "#3"}
			}
		},
		{
			"from": [7, 9, 7],
			"to": [9, 11, 9],
			"faces": {
				"north": {"uv": [0, 0, 2, 2], "texture": "#4"},
				"east": {"uv": [0, 2, 2, 4], "texture": "#4"},
				"south": {"uv": [0, 4, 2, 6], "texture": "#4"},
				"west": {"uv": [2, 0, 4, 2], "texture": "#4"},
				"up": {"uv": [2, 2, 4, 4], "texture": "#4"},
				"down": {"uv": [4, 0, 6, 2], "texture": "#4"}
			}
		},
		{
			"from": [6, 1, 6],
			"to": [10, 4, 10],
			"faces": {
				"north": {"uv": [4, 0, 8, 3], "texture": "#2"},
				"east": {"uv": [0, 0, 4, 3], "texture": "#2"},
				"south": {"uv": [0, 3, 4, 6], "texture": "#2"},
				"west": {"uv": [4, 3, 8, 6], "texture": "#2"},
				"up": {"uv": [4, 6, 8, 9], "texture": "#2"},
				"down": {"uv": [0, 6, 4, 9], "texture": "#2"}
			}
		}
	],
	"display": {
		"thirdperson_righthand": {
			"rotation": [34, -40, 17],
			"translation": [-1.25, 1.25, 0.75],
			"scale": [0.5, 0.5, 0.5]
		},
		"thirdperson_lefthand": {
			"rotation": [34, -40, 17],
			"translation": [-1.25, 1.25, 0.75],
			"scale": [0.5, 0.5, 0.5]
		},
		"firstperson_righthand": {
			"rotation": [-1, -50, 20],
			"translation": [1, 5.5, 1.5],
			"scale": [0.48, 0.5, 0.5]
		},
		"firstperson_lefthand": {
			"rotation": [-1, -50, 20],
			"translation": [1, 5.5, 1.5],
			"scale": [0.48, 0.5, 0.5]
		},
		"ground": {
			"translation": [0, 3, 0],
			"scale": [0.5, 0.5, 0.5]
		},
		"gui": {
			"rotation": [-10.86, -31.61, -20.08],
			"translation": [1.25, 3, 0]
		},
		"head": {
			"rotation": [73, 0, 0],
			"translation": [0, -4.25, -7.25],
			"scale": [0.75, 0.75, 0.75]
		},
		"fixed": {
			"rotation": [-90, 0, 0],
			"translation": [0, 0, -7]
		}
	}
}