{
	"credit": "Made by kron",
	"texture_size": [128, 128],
	"textures": {
		"2": "item/3tier/helmets/forgerice"
	},
	"elements": [
		{
			"from": [10, 6, -7],
			"to": [19, 13, -5],
			"rotation": {"angle": -22.5, "axis": "y", "origin": [0, 0, -7]},
			"faces": {
				"north": {"uv": [2, 4.125, 3.125, 5], "texture": "#2"},
				"east": {"uv": [8.5, 4.5, 8.75, 5.375], "texture": "#2"},
				"south": {"uv": [2, 5, 3.125, 5.875], "texture": "#2"},
				"west": {"uv": [8.5, 5.375, 8.75, 6.25], "texture": "#2"},
				"up": {"uv": [9.125, 2, 8, 1.75], "texture": "#2"},
				"down": {"uv": [9.125, 2, 8, 2.25], "texture": "#2"}
			}
		},
		{
			"from": [-3, 6, -7],
			"to": [6, 13, -5],
			"rotation": {"angle": 22.5, "axis": "y", "origin": [16, 0, -7]},
			"faces": {
				"north": {"uv": [3.125, 5.25, 4.25, 6.125], "texture": "#2"},
				"east": {"uv": [7.375, 8.5, 7.625, 9.375], "texture": "#2"},
				"south": {"uv": [4.25, 5.25, 5.375, 6.125], "texture": "#2"},
				"west": {"uv": [7.625, 8.5, 7.875, 9.375], "texture": "#2"},
				"up": {"uv": [8.5, 8.25, 7.375, 8], "texture": "#2"},
				"down": {"uv": [9.25, 0, 8.125, 0.25], "texture": "#2"}
			}
		},
		{
			"from": [6.7612, 5, -5],
			"to": [9.2388, 13, -3.17317],
			"rotation": {"angle": 0, "axis": "y", "origin": [16, 0, -7]},
			"faces": {
				"north": {"uv": [7, 8, 7.3125, 9], "texture": "#2"},
				"east": {"uv": [4.875, 8.125, 5.125, 9.125], "texture": "#2"},
				"south": {"uv": [8, 7, 8.3125, 8], "texture": "#2"},
				"west": {"uv": [5.125, 8.125, 5.375, 9.125], "texture": "#2"},
				"up": {"uv": [2.5625, 6.125, 2.25, 5.875], "texture": "#2"},
				"down": {"uv": [2.9375, 5.875, 2.625, 6.125], "texture": "#2"}
			}
		},
		{
			"from": [6.7612, 3.86266, -3.64086],
			"to": [9.2388, 5.86266, -1.81403],
			"rotation": {"angle": -45, "axis": "x", "origin": [7, 3.79071, -3.2791]},
			"faces": {
				"north": {"uv": [6, 2.25, 6.3125, 2.5], "texture": "#2"},
				"east": {"uv": [6.125, 9.125, 6.375, 9.375], "texture": "#2"},
				"south": {"uv": [4.125, 7.5, 4.4375, 7.75], "texture": "#2"},
				"west": {"uv": [9.125, 6.5, 9.375, 6.75], "texture": "#2"},
				"up": {"uv": [9.4375, 3.125, 9.125, 2.875], "texture": "#2"},
				"down": {"uv": [9.4375, 6.125, 9.125, 6.375], "texture": "#2"}
			}
		},
		{
			"from": [8.6, -1, -7.1],
			"to": [17.6, 6, -5.1],
			"rotation": {"angle": -22.5, "axis": "y", "origin": [-0.1, 1, -7]},
			"faces": {
				"north": {"uv": [0, 5.375, 1.125, 6.25], "texture": "#2"},
				"east": {"uv": [7.875, 8.5, 8.125, 9.375], "texture": "#2"},
				"south": {"uv": [5.375, 2.5, 6.5, 3.375], "texture": "#2"},
				"west": {"uv": [8.125, 8.5, 8.375, 9.375], "texture": "#2"},
				"up": {"uv": [9.25, 0.5, 8.125, 0.25], "texture": "#2"},
				"down": {"uv": [9.25, 0.5, 8.125, 0.75], "texture": "#2"}
			}
		},
		{
			"from": [9, 7.5, -7.9],
			"to": [17, 11.5, -5.9],
			"rotation": {"angle": -22.5, "axis": "y", "origin": [0, 0.5, -7]},
			"faces": {
				"north": {"uv": [7.125, 1.25, 8.125, 1.75], "texture": "#2"},
				"east": {"uv": [3.75, 4.75, 4, 5.25], "texture": "#2"},
				"south": {"uv": [7.5, 4.75, 8.5, 5.25], "texture": "#2"},
				"west": {"uv": [1.75, 5.375, 2, 5.875], "texture": "#2"},
				"up": {"uv": [3, 8.5, 2, 8.25], "texture": "#2"},
				"down": {"uv": [8.375, 8.25, 7.375, 8.5], "texture": "#2"}
			}
		},
		{
			"from": [-1, 7.5, -7.9],
			"to": [7, 11.5, -5.9],
			"rotation": {"angle": 22.5, "axis": "y", "origin": [16, 0.5, -7]},
			"faces": {
				"north": {"uv": [7.5, 5.25, 8.5, 5.75], "texture": "#2"},
				"east": {"uv": [4.125, 7, 4.375, 7.5], "texture": "#2"},
				"south": {"uv": [7.5, 5.75, 8.5, 6.25], "texture": "#2"},
				"west": {"uv": [8.5, 2.25, 8.75, 2.75], "texture": "#2"},
				"up": {"uv": [9.375, 3.75, 8.375, 3.5], "texture": "#2"},
				"down": {"uv": [9.375, 3.75, 8.375, 4], "texture": "#2"}
			}
		},
		{
			"from": [8.82529, -5.04, -5.96565],
			"to": [15.30529, 0, -5.96565],
			"rotation": {"angle": -22.5, "axis": "y", "origin": [2.56129, -3.6, -5.89365]},
			"faces": {
				"north": {"uv": [3.125, 4.125, 3.9375, 4.75], "texture": "#2"},
				"east": {"uv": [0, 0, 0, 0.625], "texture": "#2"},
				"south": {"uv": [4.5, 6.125, 5.3125, 6.75], "texture": "#2"},
				"west": {"uv": [0, 0, 0, 0.625], "texture": "#2"},
				"up": {"uv": [0.8125, 0, 0, 0], "texture": "#2"},
				"down": {"uv": [0.8125, 0, 0, 0], "texture": "#2"}
			}
		},
		{
			"from": [0.69471, -5.04, -5.96565],
			"to": [7.17471, 0, -5.96565],
			"rotation": {"angle": 22.5, "axis": "y", "origin": [13.43871, -3.6, -5.89365]},
			"faces": {
				"north": {"uv": [7.5, 3.5, 8.3125, 4.125], "texture": "#2"},
				"east": {"uv": [0, 0, 0, 0.625], "texture": "#2"},
				"south": {"uv": [7.5, 4.125, 8.3125, 4.75], "texture": "#2"},
				"west": {"uv": [0, 0, 0, 0.625], "texture": "#2"},
				"up": {"uv": [0.8125, 0, 0, 0], "texture": "#2"},
				"down": {"uv": [0.8125, 0, 0, 0], "texture": "#2"}
			}
		},
		{
			"from": [-1.6, -1, -7.1],
			"to": [7.4, 6, -5.1],
			"rotation": {"angle": 22.5, "axis": "y", "origin": [16.1, 1, -7]},
			"faces": {
				"north": {"uv": [5.375, 3.375, 6.5, 4.25], "texture": "#2"},
				"east": {"uv": [8.625, 6.25, 8.875, 7.125], "texture": "#2"},
				"south": {"uv": [5.375, 4.25, 6.5, 5.125], "texture": "#2"},
				"west": {"uv": [8.625, 7.125, 8.875, 8], "texture": "#2"},
				"up": {"uv": [9.25, 1, 8.125, 0.75], "texture": "#2"},
				"down": {"uv": [9.25, 1, 8.125, 1.25], "texture": "#2"}
			}
		},
		{
			"from": [0.05347, 11.072, -5.312],
			"to": [7.53347, 16.112, -3.672],
			"rotation": {"angle": 22.5, "axis": "y", "origin": [13.79747, 12.512, -5.04]},
			"faces": {
				"north": {"uv": [7, 7, 7.9375, 7.625], "texture": "#2"},
				"east": {"uv": [9, 4.5, 9.1875, 5.125], "texture": "#2"},
				"south": {"uv": [7.125, 0, 8.0625, 0.625], "texture": "#2"},
				"west": {"uv": [9, 5.125, 9.1875, 5.75], "texture": "#2"},
				"up": {"uv": [9.4375, 8.1875, 8.5, 8], "texture": "#2"},
				"down": {"uv": [9.8125, 3.125, 8.875, 3.3125], "texture": "#2"}
			}
		},
		{
			"from": [8.46653, 11.072, -5.312],
			"to": [15.94653, 16.112, -3.672],
			"rotation": {"angle": -22.5, "axis": "y", "origin": [2.20253, 12.512, -5.04]},
			"faces": {
				"north": {"uv": [7.125, 0, 8.0625, 0.625], "texture": "#2"},
				"east": {"uv": [7, 9, 7.1875, 9.625], "texture": "#2"},
				"south": {"uv": [8.0625, 0, 7.125, 0.625], "texture": "#2"},
				"west": {"uv": [1.75, 9.125, 1.9375, 9.75], "texture": "#2"},
				"up": {"uv": [9.9375, 4.1875, 9, 4], "texture": "#2"},
				"down": {"uv": [9.9375, 4.25, 9, 4.4375], "texture": "#2"}
			}
		},
		{
			"from": [8.28512, 11.53152, -5.62792],
			"to": [12.56192, 14.85792, -4.67752],
			"rotation": {"angle": -22.5, "axis": "y", "origin": [4.15088, 12.48192, -5.5804]},
			"faces": {
				"north": {"uv": [3.125, 4.75, 3.6875, 5.1875], "texture": "#2"},
				"east": {"uv": [4.375, 7, 4.5, 7.4375], "texture": "#2"},
				"south": {"uv": [1.125, 5.375, 1.6875, 5.8125], "texture": "#2"},
				"west": {"uv": [1, 7.125, 1.125, 7.5625], "texture": "#2"},
				"up": {"uv": [5.0625, 6.875, 4.5, 6.75], "texture": "#2"},
				"down": {"uv": [9.4375, 3.375, 8.875, 3.5], "texture": "#2"}
			}
		},
		{
			"from": [3.43808, 11.53152, -5.62792],
			"to": [7.71488, 14.85792, -4.67752],
			"rotation": {"angle": 22.5, "axis": "y", "origin": [11.84912, 12.48192, -5.5804]},
			"faces": {
				"north": {"uv": [8.375, 4, 8.9375, 4.4375], "texture": "#2"},
				"east": {"uv": [6.375, 7.75, 6.5, 8.1875], "texture": "#2"},
				"south": {"uv": [8.375, 8.25, 8.9375, 8.6875], "texture": "#2"},
				"west": {"uv": [8.5, 6.25, 8.625, 6.6875], "texture": "#2"},
				"up": {"uv": [9.5625, 8.75, 9, 8.625], "texture": "#2"},
				"down": {"uv": [9.6875, 6.375, 9.125, 6.5], "texture": "#2"}
			}
		},
		{
			"from": [6.15204, -4.6, -7.7],
			"to": [7.35204, 6.1, -5.7],
			"rotation": {"angle": 22.5, "axis": "y", "origin": [16.05204, 1.1, -7.6]},
			"faces": {
				"north": {"uv": [3, 7.875, 3.125, 9.1875], "texture": "#2"},
				"east": {"uv": [6.125, 7.75, 6.375, 9.0625], "texture": "#2"},
				"south": {"uv": [6.875, 8.25, 7, 9.5625], "texture": "#2"},
				"west": {"uv": [1, 8, 1.25, 9.3125], "texture": "#2"},
				"up": {"uv": [3.125, 6.125, 3, 5.875], "texture": "#2"},
				"down": {"uv": [6.5, 2.25, 6.375, 2.5], "texture": "#2"}
			}
		},
		{
			"from": [8.6, -4.6, -7.7],
			"to": [9.9, 6.1, -5.7],
			"rotation": {"angle": -22.5, "axis": "y", "origin": [-0.1, 1.1, -7.6]},
			"faces": {
				"north": {"uv": [2, 8.5, 2.1875, 9.8125], "texture": "#2"},
				"east": {"uv": [1.25, 8, 1.5, 9.3125], "texture": "#2"},
				"south": {"uv": [2.25, 8.5, 2.4375, 9.8125], "texture": "#2"},
				"west": {"uv": [1.5, 8, 1.75, 9.3125], "texture": "#2"},
				"up": {"uv": [9.3125, 7, 9.125, 6.75], "texture": "#2"},
				"down": {"uv": [9.3125, 7, 9.125, 7.25], "texture": "#2"}
			}
		},
		{
			"from": [8.39373, 15.112, -5.10439],
			"to": [15.912, 21.912, -5.10439],
			"rotation": {"angle": -22.5, "axis": "y", "origin": [2.168, 18.312, -4.94]},
			"faces": {
				"north": {"uv": [6.5, 3.5, 7.4375, 4.375], "texture": "#2"},
				"east": {"uv": [0, 0, 0, 0.875], "texture": "#2"},
				"south": {"uv": [6.5, 4.375, 7.4375, 5.25], "texture": "#2"},
				"west": {"uv": [0, 0, 0, 0.875], "texture": "#2"},
				"up": {"uv": [0.9375, 0, 0, 0], "texture": "#2"},
				"down": {"uv": [0.9375, 0, 0, 0], "texture": "#2"}
			}
		},
		{
			"from": [-1.55371, 5.9, 0.27099],
			"to": [0.44629, 12.9, 9.27099],
			"rotation": {"angle": 0, "axis": "y", "origin": [-1.55371, 0, -9.72901]},
			"faces": {
				"north": {"uv": [8.75, 4.5, 9, 5.375], "texture": "#2"},
				"east": {"uv": [5.375, 5.125, 6.5, 6], "texture": "#2"},
				"south": {"uv": [8.75, 5.375, 9, 6.25], "texture": "#2"},
				"west": {"uv": [1.125, 5.875, 2.25, 6.75], "texture": "#2"},
				"up": {"uv": [2, 9.125, 1.75, 8], "texture": "#2"},
				"down": {"uv": [0.25, 8.125, 0, 9.25], "texture": "#2"}
			}
		},
		{
			"from": [-0.55371, 6, 5.27099],
			"to": [1.44629, 9, 13.27099],
			"rotation": {"angle": 0, "axis": "y", "origin": [-0.55371, 0, -0.72901]},
			"faces": {
				"north": {"uv": [9, 5.75, 9.25, 6.125], "texture": "#2"},
				"east": {"uv": [7.5, 6.25, 8.5, 6.625], "texture": "#2"},
				"south": {"uv": [9, 8.25, 9.25, 8.625], "texture": "#2"},
				"west": {"uv": [7.5, 6.625, 8.5, 7], "texture": "#2"},
				"up": {"uv": [5.625, 9.125, 5.375, 8.125], "texture": "#2"},
				"down": {"uv": [5.875, 8.125, 5.625, 9.125], "texture": "#2"}
			}
		},
		{
			"from": [6.95371, 12.2, -1.42901],
			"to": [9.04629, 15.2, 17.57099],
			"rotation": {"angle": 0, "axis": "y", "origin": [8.95371, 5.2, -11.42901]},
			"faces": {
				"north": {"uv": [9.375, 1.75, 9.125, 2.125], "texture": "#2"},
				"east": {"uv": [8.875, 3.125, 6.5, 3.5], "texture": "#2"},
				"south": {"uv": [9.375, 2.125, 9.125, 2.5], "texture": "#2"},
				"west": {"uv": [8.875, 2.75, 6.5, 3.125], "texture": "#2"},
				"up": {"uv": [3.125, 9.375, 3.375, 7], "texture": "#2"},
				"down": {"uv": [3.375, 7, 3.625, 9.375], "texture": "#2"}
			}
		},
		{
			"from": [-0.55371, 3, 8.67099],
			"to": [1.44629, 6, 16.67099],
			"rotation": {"angle": 0, "axis": "y", "origin": [-0.55371, -4, -1.32901]},
			"faces": {
				"north": {"uv": [9.125, 2.5, 9.375, 2.875], "texture": "#2"},
				"east": {"uv": [1, 7.625, 2, 8], "texture": "#2"},
				"south": {"uv": [4.875, 9.125, 5.125, 9.5], "texture": "#2"},
				"west": {"uv": [7, 7.625, 8, 8], "texture": "#2"},
				"up": {"uv": [6.125, 9.125, 5.875, 8.125], "texture": "#2"},
				"down": {"uv": [3.875, 8.25, 3.625, 9.25], "texture": "#2"}
			}
		},
		{
			"from": [14.55371, 6, 5.27099],
			"to": [16.55371, 9, 13.27099],
			"rotation": {"angle": 0, "axis": "y", "origin": [16.55371, 0, -0.72901]},
			"faces": {
				"north": {"uv": [9.25, 5.75, 9, 6.125], "texture": "#2"},
				"east": {"uv": [8.5, 6.625, 7.5, 7], "texture": "#2"},
				"south": {"uv": [9.25, 8.25, 9, 8.625], "texture": "#2"},
				"west": {"uv": [8.5, 6.25, 7.5, 6.625], "texture": "#2"},
				"up": {"uv": [5.375, 9.125, 5.625, 8.125], "texture": "#2"},
				"down": {"uv": [5.625, 8.125, 5.875, 9.125], "texture": "#2"}
			}
		},
		{
			"from": [14.55371, 3, 8.67099],
			"to": [16.55371, 6, 16.67099],
			"rotation": {"angle": 0, "axis": "y", "origin": [16.55371, -4, -1.32901]},
			"faces": {
				"north": {"uv": [9.375, 2.5, 9.125, 2.875], "texture": "#2"},
				"east": {"uv": [8, 7.625, 7, 8], "texture": "#2"},
				"south": {"uv": [5.125, 9.125, 4.875, 9.5], "texture": "#2"},
				"west": {"uv": [2, 7.625, 1, 8], "texture": "#2"},
				"up": {"uv": [5.875, 9.125, 6.125, 8.125], "texture": "#2"},
				"down": {"uv": [3.625, 8.25, 3.875, 9.25], "texture": "#2"}
			}
		},
		{
			"from": [-0.3389, -0.9, -0.31889],
			"to": [1.6611, 6.1, 8.68111],
			"rotation": {"angle": 0, "axis": "y", "origin": [-0.3389, 1.1, -10.31889]},
			"faces": {
				"north": {"uv": [8.375, 8.75, 8.625, 9.625], "texture": "#2"},
				"east": {"uv": [6, 0, 7.125, 0.875], "texture": "#2"},
				"south": {"uv": [8.625, 8.75, 8.875, 9.625], "texture": "#2"},
				"west": {"uv": [6, 0.875, 7.125, 1.75], "texture": "#2"},
				"up": {"uv": [0.5, 9.25, 0.25, 8.125], "texture": "#2"},
				"down": {"uv": [0.75, 8.125, 0.5, 9.25], "texture": "#2"}
			}
		},
		{
			"from": [14.3389, -0.9, -0.31889],
			"to": [16.3389, 6.1, 8.68111],
			"rotation": {"angle": 0, "axis": "y", "origin": [16.3389, 1.1, -10.31889]},
			"faces": {
				"north": {"uv": [8.875, 2.25, 9.125, 3.125], "texture": "#2"},
				"east": {"uv": [5.375, 6, 6.5, 6.875], "texture": "#2"},
				"south": {"uv": [8.875, 6.25, 9.125, 7.125], "texture": "#2"},
				"west": {"uv": [2.25, 6.125, 3.375, 7], "texture": "#2"},
				"up": {"uv": [1, 9.25, 0.75, 8.125], "texture": "#2"},
				"down": {"uv": [4.375, 8.125, 4.125, 9.25], "texture": "#2"}
			}
		},
		{
			"from": [15.55371, 5.9, 0.27099],
			"to": [17.55371, 12.9, 9.27099],
			"rotation": {"angle": 0, "axis": "y", "origin": [17.55371, 0, -9.72901]},
			"faces": {
				"north": {"uv": [8.875, 7.125, 9.125, 8], "texture": "#2"},
				"east": {"uv": [3.375, 6.125, 4.5, 7], "texture": "#2"},
				"south": {"uv": [8.875, 8.75, 9.125, 9.625], "texture": "#2"},
				"west": {"uv": [0, 6.25, 1.125, 7.125], "texture": "#2"},
				"up": {"uv": [4.625, 9.25, 4.375, 8.125], "texture": "#2"},
				"down": {"uv": [4.875, 8.125, 4.625, 9.25], "texture": "#2"}
			}
		},
		{
			"from": [0.1, 3.1, 1.1],
			"to": [15.9, 13.55797, 16.60782],
			"rotation": {"angle": 0, "axis": "y", "origin": [9.86309, 6.43649, 8.2]},
			"faces": {
				"north": {"uv": [2, 0, 4, 1.3125], "texture": "#2"},
				"east": {"uv": [2, 2.75, 3.9375, 4.0625], "texture": "#2"},
				"south": {"uv": [2, 1.375, 4, 2.6875], "texture": "#2"},
				"west": {"uv": [0, 4, 1.9375, 5.3125], "texture": "#2"},
				"up": {"uv": [2, 1.9375, 0, 0], "texture": "#2"},
				"down": {"uv": [2, 2, 0, 3.9375], "texture": "#2"}
			}
		},
		{
			"from": [2.5, 3.1, -0.2],
			"to": [13.5, 13.55797, 1.10782],
			"rotation": {"angle": 0, "axis": "y", "origin": [6.13691, -11.56351, 5.5]},
			"faces": {
				"north": {"uv": [5.375, 2.5, 4, 3.8125], "texture": "#2"},
				"east": {"uv": [2.9375, 8.5, 2.75, 9.8125], "texture": "#2"},
				"south": {"uv": [5.375, 3.875, 4, 5.1875], "texture": "#2"},
				"west": {"uv": [2.6875, 8.5, 2.5, 9.8125], "texture": "#2"},
				"up": {"uv": [8.125, 1.4375, 9.5, 1.25], "texture": "#2"},
				"down": {"uv": [8.125, 1.5, 9.5, 1.6875], "texture": "#2"}
			}
		},
		{
			"from": [0.2, -0.01075, 14.80405],
			"to": [15.8, 9.70596, 18.65481],
			"rotation": {"angle": -22.5, "axis": "x", "origin": [9.86309, 6.43649, 8.2]},
			"faces": {
				"north": {"uv": [4, 0, 5.9375, 1.1875], "texture": "#2"},
				"east": {"uv": [3.625, 7, 4.125, 8.1875], "texture": "#2"},
				"south": {"uv": [4, 1.25, 5.9375, 2.4375], "texture": "#2"},
				"west": {"uv": [6.5, 7, 7, 8.1875], "texture": "#2"},
				"up": {"uv": [7.9375, 2.25, 6, 1.75], "texture": "#2"},
				"down": {"uv": [8.4375, 2.25, 6.5, 2.75], "texture": "#2"}
			}
		},
		{
			"from": [12.54317, 14.112, 0.70784],
			"to": [12.54317, 20.912, 8.14957],
			"rotation": {"angle": 22.5, "axis": "y", "origin": [12.37878, 17.312, -5.55616]},
			"faces": {
				"north": {"uv": [0, 0, 0, 0.875], "texture": "#2"},
				"east": {"uv": [6.5, 5.25, 7.4375, 6.125], "texture": "#2"},
				"south": {"uv": [0, 0, 0, 0.875], "texture": "#2"},
				"west": {"uv": [6.5, 6.125, 7.4375, 7], "texture": "#2"},
				"up": {"uv": [0, 0.9375, 0, 0], "texture": "#2"},
				"down": {"uv": [0, 0, 0, 0.9375], "texture": "#2"}
			}
		},
		{
			"from": [3.45683, 14.112, 0.70784],
			"to": [3.45683, 20.912, 8.14957],
			"rotation": {"angle": -22.5, "axis": "y", "origin": [3.62122, 17.312, -5.55616]},
			"faces": {
				"north": {"uv": [0, 0, 0, 0.875], "texture": "#2"},
				"east": {"uv": [1.125, 6.75, 2.0625, 7.625], "texture": "#2"},
				"south": {"uv": [0, 0, 0, 0.875], "texture": "#2"},
				"west": {"uv": [4.5, 6.875, 5.4375, 7.75], "texture": "#2"},
				"up": {"uv": [0, 0.9375, 0, 0], "texture": "#2"},
				"down": {"uv": [0, 0, 0, 0.9375], "texture": "#2"}
			}
		},
		{
			"from": [0.088, 15.112, -5.10439],
			"to": [7.60627, 21.912, -5.10439],
			"rotation": {"angle": 22.5, "axis": "y", "origin": [13.832, 18.312, -4.94]},
			"faces": {
				"north": {"uv": [5.5, 6.875, 6.4375, 7.75], "texture": "#2"},
				"east": {"uv": [0, 0, 0, 0.875], "texture": "#2"},
				"south": {"uv": [2.125, 7, 3.0625, 7.875], "texture": "#2"},
				"west": {"uv": [0, 0, 0, 0.875], "texture": "#2"},
				"up": {"uv": [0.9375, 0, 0, 0], "texture": "#2"},
				"down": {"uv": [0.9375, 0, 0, 0], "texture": "#2"}
			}
		},
		{
			"from": [8, 14, -2],
			"to": [8, 32, 23],
			"rotation": {"angle": 0, "axis": "y", "origin": [7.3, 33, 7]},
			"faces": {
				"north": {"uv": [1.25, 10.25, 0.5, 12], "texture": "#2"},
				"east": {"uv": [11, 2.5, 16, 7.75], "texture": "#2"},
				"south": {"uv": [1.25, 10.25, 0.5, 12], "texture": "#2"},
				"west": {"uv": [16, 2.5, 11, 7.75], "texture": "#2"},
				"up": {"uv": [0.5, 12.375, 1.25, 10.25], "texture": "#2"},
				"down": {"uv": [0.5, 12.375, 1.25, 10.25], "texture": "#2"}
			}
		}
	],
	"gui_light": "front",
	"display": {
		"thirdperson_righthand": {
			"rotation": [66, 15, 0],
			"translation": [0, -0.5, 1.75],
			"scale": [0.46, 0.46, 0.46]
		},
		"thirdperson_lefthand": {
			"rotation": [66, 15, 0],
			"translation": [0, -0.5, 1.75],
			"scale": [0.46, 0.46, 0.46]
		},
		"firstperson_righthand": {
			"rotation": [0, 109, 0],
			"translation": [1.75, 4.25, 0],
			"scale": [0.42, 0.42, 0.42]
		},
		"firstperson_lefthand": {
			"rotation": [0, 109, 0],
			"translation": [1.75, 4.25, 0],
			"scale": [0.42, 0.42, 0.42]
		},
		"ground": {
			"rotation": [32, 0, 0],
			"translation": [0, 2.75, 0],
			"scale": [0.65, 0.65, 0.65]
		},
		"gui": {
			"rotation": [0, 180, 0],
			"scale": [0.57, 0.57, 0.57]
		},
		"head": {
			"translation": [0, 3.5, 0.5],
			"scale": [0.92, 0.92, 0.92]
		},
		"fixed": {
			"rotation": [-61, 0, 0],
			"translation": [0, 3, -9.25],
			"scale": [1.24, 1.24, 1.24]
		}
	},
	"groups": [
		{
			"name": "group",
			"origin": [12.37888, 18.312, -5.57119],
			"color": 0,
			"children": [0, 1, 2, 3, 4, 5, 6, 7, 8, 9, 10, 11, 12, 13, 14, 15, 16, 17, 18, 19, 20, 21, 22, 23, 24, 25, 26, 27, 28, 29, 30, 31]
		},
		32
	],
	"mcmodels": "65f67c6e91e368c64adf45b3b62023ef"
}