{
	"credit": "Made with Blockbench",
	"texture_size": [64, 64],
	"textures": {
		"0": "item/3tier/loot",
		"particle": "item/3tier/loot"
	},
	"elements": [
		{
			"from": [13, 6, 1],
			"to": [15, 8, 3],
			"rotation": {"angle": 0, "axis": "y", "origin": [0, -0.6, 0]},
			"faces": {
				"north": {"uv": [6.25, 9.75, 6.75, 10.25], "texture": "#0"},
				"east": {"uv": [6.75, 9.75, 7.25, 10.25], "texture": "#0"},
				"south": {"uv": [9.75, 9.5, 10.25, 10], "texture": "#0"},
				"west": {"uv": [0, 10, 0.5, 10.5], "texture": "#0"},
				"up": {"uv": [1, 10.5, 0.5, 10], "texture": "#0"},
				"down": {"uv": [1.5, 10, 1, 10.5], "texture": "#0"}
			}
		},
		{
			"from": [13, 3, 2],
			"to": [14, 6, 3],
			"faces": {
				"north": {"uv": [4.75, 8.5, 5, 9.25], "texture": "#0"},
				"east": {"uv": [4.75, 9.25, 5, 10], "texture": "#0"},
				"south": {"uv": [7.25, 9.75, 7.5, 10.5], "texture": "#0"},
				"west": {"uv": [3, 10.5, 3.25, 11.25], "texture": "#0"},
				"up": {"uv": [9.75, 11.25, 9.5, 11], "texture": "#0"},
				"down": {"uv": [11.25, 9.5, 11, 9.75], "texture": "#0"}
			}
		},
		{
			"from": [13, 2.3, 1.8],
			"to": [14.2, 3, 3],
			"faces": {
				"north": {"uv": [11.25, 10.25, 11.5, 10.5], "texture": "#0"},
				"east": {"uv": [10.5, 11.25, 10.75, 11.5], "texture": "#0"},
				"south": {"uv": [11.25, 10.5, 11.5, 10.75], "texture": "#0"},
				"west": {"uv": [10.75, 11.25, 11, 11.5], "texture": "#0"},
				"up": {"uv": [4, 9.5, 3.75, 9.25], "texture": "#0"},
				"down": {"uv": [3, 11, 2.75, 11.25], "texture": "#0"}
			}
		},
		{
			"from": [13, 1.6, 1.4],
			"to": [14.6, 2.3, 3],
			"faces": {
				"north": {"uv": [5.5, 11.25, 6, 11.5], "texture": "#0"},
				"east": {"uv": [11.25, 5.5, 11.75, 5.75], "texture": "#0"},
				"south": {"uv": [11.25, 5.75, 11.75, 6], "texture": "#0"},
				"west": {"uv": [6, 11.25, 6.5, 11.5], "texture": "#0"},
				"up": {"uv": [7.75, 11, 7.25, 10.5], "texture": "#0"},
				"down": {"uv": [8.25, 10.5, 7.75, 11], "texture": "#0"}
			}
		},
		{
			"from": [13, 0.6, 1],
			"to": [15, 1.6, 3],
			"faces": {
				"north": {"uv": [10.5, 6.75, 11, 7], "texture": "#0"},
				"east": {"uv": [10.5, 8.5, 11, 8.75], "texture": "#0"},
				"south": {"uv": [10.75, 5, 11.25, 5.25], "texture": "#0"},
				"west": {"uv": [10.75, 5.25, 11.25, 5.5], "texture": "#0"},
				"up": {"uv": [4.25, 10, 3.75, 9.5], "texture": "#0"},
				"down": {"uv": [4.75, 9.5, 4.25, 10], "texture": "#0"}
			}
		},
		{
			"from": [13, 0, 0.5],
			"to": [15.5, 0.6, 3],
			"faces": {
				"north": {"uv": [2, 11, 2.75, 11.25], "texture": "#0"},
				"east": {"uv": [11, 2, 11.75, 2.25], "texture": "#0"},
				"south": {"uv": [11, 2.25, 11.75, 2.5], "texture": "#0"},
				"west": {"uv": [11, 2.5, 11.75, 2.75], "texture": "#0"},
				"up": {"uv": [7, 9, 6.25, 8.25], "texture": "#0"},
				"down": {"uv": [4.75, 8.75, 4, 9.5], "texture": "#0"}
			}
		},
		{
			"from": [3, 1, 3],
			"to": [13, 7, 13],
			"faces": {
				"north": {"uv": [5.5, 2.5, 8, 4], "texture": "#0"},
				"east": {"uv": [5.5, 4, 8, 5.5], "texture": "#0"},
				"south": {"uv": [5.5, 5.5, 8, 7], "texture": "#0"},
				"west": {"uv": [0, 6, 2.5, 7.5], "texture": "#0"},
				"up": {"uv": [5.5, 2.5, 3, 0], "texture": "#0"},
				"down": {"uv": [5.5, 2.5, 3, 5], "texture": "#0"}
			}
		},
		{
			"from": [2, 7, 2],
			"to": [14, 9, 14],
			"faces": {
				"north": {"uv": [5.5, 7, 8.5, 7.5], "texture": "#0"},
				"east": {"uv": [0, 7.5, 3, 8], "texture": "#0"},
				"south": {"uv": [3, 7.5, 6, 8], "texture": "#0"},
				"west": {"uv": [6, 7.5, 9, 8], "texture": "#0"},
				"up": {"uv": [3, 3, 0, 0], "texture": "#0"},
				"down": {"uv": [3, 3, 0, 6], "texture": "#0"}
			}
		},
		{
			"from": [3, 9, 3],
			"to": [13, 10, 13],
			"faces": {
				"north": {"uv": [8, 6.75, 10.5, 7], "texture": "#0"},
				"east": {"uv": [8.25, 8, 10.75, 8.25], "texture": "#0"},
				"south": {"uv": [8.25, 8.25, 10.75, 8.5], "texture": "#0"},
				"west": {"uv": [0, 8.5, 2.5, 8.75], "texture": "#0"},
				"up": {"uv": [5.5, 7.5, 3, 5], "texture": "#0"},
				"down": {"uv": [8, 0, 5.5, 2.5], "texture": "#0"}
			}
		},
		{
			"from": [4, 10, 4],
			"to": [12, 11, 5],
			"faces": {
				"north": {"uv": [0, 8.75, 2, 9], "texture": "#0"},
				"east": {"uv": [11.25, 1.75, 11.5, 2], "texture": "#0"},
				"south": {"uv": [2, 8.75, 4, 9], "texture": "#0"},
				"west": {"uv": [2, 11.25, 2.25, 11.5], "texture": "#0"},
				"up": {"uv": [10.25, 9, 8.25, 8.75], "texture": "#0"},
				"down": {"uv": [2, 9, 0, 9.25], "texture": "#0"}
			}
		},
		{
			"from": [4, 10, 11],
			"to": [12, 11, 12],
			"faces": {
				"north": {"uv": [2, 9, 4, 9.25], "texture": "#0"},
				"east": {"uv": [2.25, 11.25, 2.5, 11.5], "texture": "#0"},
				"south": {"uv": [9, 7.5, 11, 7.75], "texture": "#0"},
				"west": {"uv": [2.5, 11.25, 2.75, 11.5], "texture": "#0"},
				"up": {"uv": [11, 8, 9, 7.75], "texture": "#0"},
				"down": {"uv": [10.25, 9, 8.25, 9.25], "texture": "#0"}
			}
		},
		{
			"from": [11, 10, 5],
			"to": [12, 11, 11],
			"rotation": {"angle": 0, "axis": "y", "origin": [8, 10.5, 8]},
			"faces": {
				"north": {"uv": [11.25, 3, 11.5, 3.25], "texture": "#0"},
				"east": {"uv": [8.25, 9.75, 9.75, 10], "texture": "#0"},
				"south": {"uv": [3.25, 11.25, 3.5, 11.5], "texture": "#0"},
				"west": {"uv": [9.75, 9.25, 11.25, 9.5], "texture": "#0"},
				"up": {"uv": [7.25, 9.75, 7, 8.25], "texture": "#0"},
				"down": {"uv": [7.5, 8.25, 7.25, 9.75], "texture": "#0"}
			}
		},
		{
			"from": [4, 10, 5],
			"to": [5, 11, 11],
			"rotation": {"angle": 0, "axis": "y", "origin": [8, 10.5, 8]},
			"faces": {
				"north": {"uv": [2.75, 11.25, 3, 11.5], "texture": "#0"},
				"east": {"uv": [8.25, 9.25, 9.75, 9.5], "texture": "#0"},
				"south": {"uv": [3, 11.25, 3.25, 11.5], "texture": "#0"},
				"west": {"uv": [8.25, 9.5, 9.75, 9.75], "texture": "#0"},
				"up": {"uv": [2.75, 7.5, 2.5, 6], "texture": "#0"},
				"down": {"uv": [3, 6, 2.75, 7.5], "texture": "#0"}
			}
		},
		{
			"from": [3, 0.5, 2.5],
			"to": [13, 1.5, 3.5],
			"rotation": {"angle": 0, "axis": "y", "origin": [8, 1, 8]},
			"faces": {
				"north": {"uv": [8, 4, 10.5, 4.25], "texture": "#0"},
				"east": {"uv": [0.75, 11.25, 1, 11.5], "texture": "#0"},
				"south": {"uv": [8, 4.25, 10.5, 4.5], "texture": "#0"},
				"west": {"uv": [11.25, 0.75, 11.5, 1], "texture": "#0"},
				"up": {"uv": [10.5, 4.75, 8, 4.5], "texture": "#0"},
				"down": {"uv": [10.5, 4.75, 8, 5], "texture": "#0"}
			}
		},
		{
			"from": [3, 0.5, 12.5],
			"to": [13, 1.5, 13.5],
			"rotation": {"angle": 0, "axis": "y", "origin": [8, 1, 8]},
			"faces": {
				"north": {"uv": [8, 4, 10.5, 4.25], "texture": "#0"},
				"east": {"uv": [0.75, 11.25, 1, 11.5], "texture": "#0"},
				"south": {"uv": [8, 4.25, 10.5, 4.5], "texture": "#0"},
				"west": {"uv": [11.25, 0.75, 11.5, 1], "texture": "#0"},
				"up": {"uv": [10.5, 4.75, 8, 4.5], "texture": "#0"},
				"down": {"uv": [10.5, 4.75, 8, 5], "texture": "#0"}
			}
		},
		{
			"from": [12.51667, 0.5, 3],
			"to": [13.51667, 1.5, 13],
			"rotation": {"angle": 0, "axis": "y", "origin": [13.01667, 1, 8]},
			"faces": {
				"north": {"uv": [11.25, 0.75, 11.5, 1], "texture": "#0"},
				"east": {"uv": [8, 4, 10.5, 4.25], "texture": "#0"},
				"south": {"uv": [0.75, 11.25, 1, 11.5], "texture": "#0"},
				"west": {"uv": [8, 4.25, 10.5, 4.5], "texture": "#0"},
				"up": {"uv": [10.5, 4.75, 8, 4.5], "rotation": 90, "texture": "#0"},
				"down": {"uv": [10.5, 4.75, 8, 5], "rotation": 270, "texture": "#0"}
			}
		},
		{
			"from": [2.51667, 0.5, 3],
			"to": [3.51667, 1.5, 13],
			"rotation": {"angle": 0, "axis": "y", "origin": [13.01667, 1, 8]},
			"faces": {
				"north": {"uv": [11.25, 0.75, 11.5, 1], "texture": "#0"},
				"east": {"uv": [8, 4, 10.5, 4.25], "texture": "#0"},
				"south": {"uv": [0.75, 11.25, 1, 11.5], "texture": "#0"},
				"west": {"uv": [8, 4.25, 10.5, 4.5], "texture": "#0"},
				"up": {"uv": [10.5, 4.75, 8, 4.5], "rotation": 90, "texture": "#0"},
				"down": {"uv": [10.5, 4.75, 8, 5], "rotation": 270, "texture": "#0"}
			}
		},
		{
			"from": [3, 3, 2.5],
			"to": [13, 5, 3.5],
			"rotation": {"angle": 0, "axis": "y", "origin": [8, 1, 8]},
			"faces": {
				"north": {"uv": [8, 0.5, 10.5, 1], "texture": "#0"},
				"east": {"uv": [10.75, 9.5, 11, 10], "texture": "#0"},
				"south": {"uv": [8, 1, 10.5, 1.5], "texture": "#0"},
				"west": {"uv": [10.75, 10, 11, 10.5], "texture": "#0"},
				"up": {"uv": [10.5, 6.5, 8, 6.25], "texture": "#0"},
				"down": {"uv": [10.5, 6.5, 8, 6.75], "texture": "#0"}
			}
		},
		{
			"from": [3, 3, 12.5],
			"to": [13, 5, 13.5],
			"rotation": {"angle": 0, "axis": "y", "origin": [8, 1, 8]},
			"faces": {
				"north": {"uv": [10.5, 1, 8, 1.5], "texture": "#0"},
				"east": {"uv": [11, 9.5, 10.75, 10], "texture": "#0"},
				"south": {"uv": [10.5, 0.5, 8, 1], "texture": "#0"},
				"west": {"uv": [11, 10, 10.75, 10.5], "texture": "#0"},
				"up": {"uv": [10.5, 6.25, 8, 6.5], "texture": "#0"},
				"down": {"uv": [10.5, 6.75, 8, 6.5], "texture": "#0"}
			}
		},
		{
			"from": [12.51667, 3, 3],
			"to": [13.51667, 5, 13],
			"rotation": {"angle": 0, "axis": "y", "origin": [13.01667, 4, 8]},
			"faces": {
				"north": {"uv": [10.75, 10, 11, 10.5], "texture": "#0"},
				"east": {"uv": [8, 0.5, 10.5, 1], "texture": "#0"},
				"south": {"uv": [10.75, 9.5, 11, 10], "texture": "#0"},
				"west": {"uv": [8, 1, 10.5, 1.5], "texture": "#0"},
				"up": {"uv": [10.5, 6.5, 8, 6.25], "rotation": 90, "texture": "#0"},
				"down": {"uv": [10.5, 6.5, 8, 6.75], "rotation": 270, "texture": "#0"}
			}
		},
		{
			"from": [2.48333, 3, 3],
			"to": [3.48333, 5, 13],
			"rotation": {"angle": 0, "axis": "y", "origin": [2.98333, 4, 8]},
			"faces": {
				"north": {"uv": [11, 10, 10.75, 10.5], "texture": "#0"},
				"east": {"uv": [10.5, 1, 8, 1.5], "texture": "#0"},
				"south": {"uv": [11, 9.5, 10.75, 10], "texture": "#0"},
				"west": {"uv": [10.5, 0.5, 8, 1], "texture": "#0"},
				"up": {"uv": [10.5, 6.25, 8, 6.5], "rotation": 90, "texture": "#0"},
				"down": {"uv": [10.5, 6.75, 8, 6.5], "rotation": 270, "texture": "#0"}
			}
		},
		{
			"from": [11, 7.5, 0],
			"to": [12, 8.5, 2],
			"faces": {
				"north": {"uv": [11.25, 3.5, 11.5, 3.75], "texture": "#0"},
				"east": {"uv": [1.25, 11, 1.75, 11.25], "texture": "#0"},
				"south": {"uv": [3.75, 11.25, 4, 11.5], "texture": "#0"},
				"west": {"uv": [11, 1.25, 11.5, 1.5], "texture": "#0"},
				"up": {"uv": [11.25, 2, 11, 1.5], "texture": "#0"},
				"down": {"uv": [2, 11, 1.75, 11.5], "texture": "#0"}
			}
		},
		{
			"from": [4, 7.5, 0],
			"to": [5, 8.5, 2],
			"faces": {
				"north": {"uv": [11.25, 3.5, 11.5, 3.75], "texture": "#0"},
				"east": {"uv": [1.25, 11, 1.75, 11.25], "texture": "#0"},
				"south": {"uv": [3.75, 11.25, 4, 11.5], "texture": "#0"},
				"west": {"uv": [11, 1.25, 11.5, 1.5], "texture": "#0"},
				"up": {"uv": [11.25, 2, 11, 1.5], "texture": "#0"},
				"down": {"uv": [2, 11, 1.75, 11.5], "texture": "#0"}
			}
		},
		{
			"from": [11.2, 7, -1],
			"to": [11.8, 9, 1],
			"rotation": {"angle": -45, "axis": "x", "origin": [11.7, 8, 0]},
			"faces": {
				"north": {"uv": [11.25, 3.75, 11.5, 4.25], "texture": "#0"},
				"east": {"uv": [2, 10.5, 2.5, 11], "texture": "#0"},
				"south": {"uv": [4, 11.25, 4.25, 11.75], "texture": "#0"},
				"west": {"uv": [10.5, 2, 11, 2.5], "texture": "#0"},
				"up": {"uv": [4.5, 11.75, 4.25, 11.25], "texture": "#0"},
				"down": {"uv": [11.5, 4.25, 11.25, 4.75], "texture": "#0"}
			}
		},
		{
			"from": [4.2, 7, -1],
			"to": [4.8, 9, 1],
			"rotation": {"angle": -45, "axis": "x", "origin": [11.7, 8, 0]},
			"faces": {
				"north": {"uv": [11.25, 3.75, 11.5, 4.25], "texture": "#0"},
				"east": {"uv": [2, 10.5, 2.5, 11], "texture": "#0"},
				"south": {"uv": [4, 11.25, 4.25, 11.75], "texture": "#0"},
				"west": {"uv": [10.5, 2, 11, 2.5], "texture": "#0"},
				"up": {"uv": [4.5, 11.75, 4.25, 11.25], "texture": "#0"},
				"down": {"uv": [11.5, 4.25, 11.25, 4.75], "texture": "#0"}
			}
		},
		{
			"from": [3.4, 7, -0.9],
			"to": [4, 8.5, 0.7],
			"rotation": {"angle": -45, "axis": "x", "origin": [3.9, 8, -0.4]},
			"faces": {
				"north": {"uv": [9, 11.25, 9.25, 11.75], "texture": "#0"},
				"east": {"uv": [10.75, 3.5, 11.25, 4], "texture": "#0"},
				"south": {"uv": [9.25, 11.25, 9.5, 11.75], "texture": "#0"},
				"west": {"uv": [10.75, 4, 11.25, 4.5], "texture": "#0"},
				"up": {"uv": [11.5, 9.75, 11.25, 9.25], "texture": "#0"},
				"down": {"uv": [9.75, 11.25, 9.5, 11.75], "texture": "#0"}
			}
		},
		{
			"from": [12, 7, -0.9],
			"to": [12.6, 8.5, 0.7],
			"rotation": {"angle": -45, "axis": "x", "origin": [3.9, 8, -0.4]},
			"faces": {
				"north": {"uv": [9, 11.25, 9.25, 11.75], "texture": "#0"},
				"east": {"uv": [10.75, 3.5, 11.25, 4], "texture": "#0"},
				"south": {"uv": [9.25, 11.25, 9.5, 11.75], "texture": "#0"},
				"west": {"uv": [10.75, 4, 11.25, 4.5], "texture": "#0"},
				"up": {"uv": [11.5, 9.75, 11.25, 9.25], "texture": "#0"},
				"down": {"uv": [9.75, 11.25, 9.5, 11.75], "texture": "#0"}
			}
		},
		{
			"from": [3.6, 7, -0.7],
			"to": [12.4, 8, 0.3],
			"rotation": {"angle": -45, "axis": "x", "origin": [4.7, 8, -0.7]},
			"faces": {
				"north": {"uv": [4.75, 8.75, 2.5, 8.5], "texture": "#0"},
				"east": {"uv": [5.25, 11.25, 5.5, 11.5], "texture": "#0"},
				"south": {"uv": [8.5, 7, 10.75, 7.25], "texture": "#0"},
				"west": {"uv": [11.25, 5.25, 11.5, 5.5], "texture": "#0"},
				"up": {"uv": [8.5, 7.25, 10.75, 7.5], "texture": "#0"},
				"down": {"uv": [10.5, 8.75, 8.25, 8.5], "texture": "#0"}
			}
		},
		{
			"from": [1, 6, 1],
			"to": [3, 8, 3],
			"rotation": {"angle": 0, "axis": "y", "origin": [16, -0.6, 0]},
			"faces": {
				"north": {"uv": [6.75, 9.75, 6.25, 10.25], "texture": "#0"},
				"east": {"uv": [0.5, 10, 0, 10.5], "texture": "#0"},
				"south": {"uv": [10.25, 9.5, 9.75, 10], "texture": "#0"},
				"west": {"uv": [7.25, 9.75, 6.75, 10.25], "texture": "#0"},
				"up": {"uv": [0.5, 10.5, 1, 10], "texture": "#0"},
				"down": {"uv": [1, 10, 1.5, 10.5], "texture": "#0"}
			}
		},
		{
			"from": [2, 3, 2],
			"to": [3, 6, 3],
			"rotation": {"angle": 0, "axis": "y", "origin": [16, 0, 0]},
			"faces": {
				"north": {"uv": [5, 8.5, 4.75, 9.25], "texture": "#0"},
				"east": {"uv": [3.25, 10.5, 3, 11.25], "texture": "#0"},
				"south": {"uv": [7.5, 9.75, 7.25, 10.5], "texture": "#0"},
				"west": {"uv": [5, 9.25, 4.75, 10], "texture": "#0"},
				"up": {"uv": [9.5, 11.25, 9.75, 11], "texture": "#0"},
				"down": {"uv": [11, 9.5, 11.25, 9.75], "texture": "#0"}
			}
		},
		{
			"from": [1.8, 2.3, 1.8],
			"to": [3, 3, 3],
			"rotation": {"angle": 0, "axis": "y", "origin": [16, 0, 0]},
			"faces": {
				"north": {"uv": [11.5, 10.25, 11.25, 10.5], "texture": "#0"},
				"east": {"uv": [11, 11.25, 10.75, 11.5], "texture": "#0"},
				"south": {"uv": [11.5, 10.5, 11.25, 10.75], "texture": "#0"},
				"west": {"uv": [10.75, 11.25, 10.5, 11.5], "texture": "#0"},
				"up": {"uv": [3.75, 9.5, 4, 9.25], "texture": "#0"},
				"down": {"uv": [2.75, 11, 3, 11.25], "texture": "#0"}
			}
		},
		{
			"from": [1.4, 1.6, 1.4],
			"to": [3, 2.3, 3],
			"rotation": {"angle": 0, "axis": "y", "origin": [16, 0, 0]},
			"faces": {
				"north": {"uv": [6, 11.25, 5.5, 11.5], "texture": "#0"},
				"east": {"uv": [6.5, 11.25, 6, 11.5], "texture": "#0"},
				"south": {"uv": [11.75, 5.75, 11.25, 6], "texture": "#0"},
				"west": {"uv": [11.75, 5.5, 11.25, 5.75], "texture": "#0"},
				"up": {"uv": [7.25, 11, 7.75, 10.5], "texture": "#0"},
				"down": {"uv": [7.75, 10.5, 8.25, 11], "texture": "#0"}
			}
		},
		{
			"from": [1, 0.6, 1],
			"to": [3, 1.6, 3],
			"rotation": {"angle": 0, "axis": "y", "origin": [16, 0, 0]},
			"faces": {
				"north": {"uv": [11, 6.75, 10.5, 7], "texture": "#0"},
				"east": {"uv": [11.25, 5.25, 10.75, 5.5], "texture": "#0"},
				"south": {"uv": [11.25, 5, 10.75, 5.25], "texture": "#0"},
				"west": {"uv": [11, 8.5, 10.5, 8.75], "texture": "#0"},
				"up": {"uv": [3.75, 10, 4.25, 9.5], "texture": "#0"},
				"down": {"uv": [4.25, 9.5, 4.75, 10], "texture": "#0"}
			}
		},
		{
			"from": [0.5, 0, 0.5],
			"to": [3, 0.6, 3],
			"rotation": {"angle": 0, "axis": "y", "origin": [16, 0, 0]},
			"faces": {
				"north": {"uv": [2.75, 11, 2, 11.25], "texture": "#0"},
				"east": {"uv": [11.75, 2.5, 11, 2.75], "texture": "#0"},
				"south": {"uv": [11.75, 2.25, 11, 2.5], "texture": "#0"},
				"west": {"uv": [11.75, 2, 11, 2.25], "texture": "#0"},
				"up": {"uv": [6.25, 9, 7, 8.25], "texture": "#0"},
				"down": {"uv": [4, 8.75, 4.75, 9.5], "texture": "#0"}
			}
		},
		{
			"from": [1, 6, 13],
			"to": [3, 8, 15],
			"rotation": {"angle": 0, "axis": "y", "origin": [16, -0.6, 16]},
			"faces": {
				"north": {"uv": [9.75, 9.5, 10.25, 10], "texture": "#0"},
				"east": {"uv": [0, 10, 0.5, 10.5], "texture": "#0"},
				"south": {"uv": [6.25, 9.75, 6.75, 10.25], "texture": "#0"},
				"west": {"uv": [6.75, 9.75, 7.25, 10.25], "texture": "#0"},
				"up": {"uv": [0.5, 10, 1, 10.5], "texture": "#0"},
				"down": {"uv": [1, 10.5, 1.5, 10], "texture": "#0"}
			}
		},
		{
			"from": [2, 3, 13],
			"to": [3, 6, 14],
			"rotation": {"angle": 0, "axis": "y", "origin": [16, 0, 16]},
			"faces": {
				"north": {"uv": [7.25, 9.75, 7.5, 10.5], "texture": "#0"},
				"east": {"uv": [3, 10.5, 3.25, 11.25], "texture": "#0"},
				"south": {"uv": [4.75, 8.5, 5, 9.25], "texture": "#0"},
				"west": {"uv": [4.75, 9.25, 5, 10], "texture": "#0"},
				"up": {"uv": [9.5, 11, 9.75, 11.25], "texture": "#0"},
				"down": {"uv": [11, 9.75, 11.25, 9.5], "texture": "#0"}
			}
		},
		{
			"from": [1.8, 2.3, 13],
			"to": [3, 3, 14.2],
			"rotation": {"angle": 0, "axis": "y", "origin": [16, 0, 16]},
			"faces": {
				"north": {"uv": [11.25, 10.5, 11.5, 10.75], "texture": "#0"},
				"east": {"uv": [10.75, 11.25, 11, 11.5], "texture": "#0"},
				"south": {"uv": [11.25, 10.25, 11.5, 10.5], "texture": "#0"},
				"west": {"uv": [10.5, 11.25, 10.75, 11.5], "texture": "#0"},
				"up": {"uv": [3.75, 9.25, 4, 9.5], "texture": "#0"},
				"down": {"uv": [2.75, 11.25, 3, 11], "texture": "#0"}
			}
		},
		{
			"from": [1.4, 1.6, 13],
			"to": [3, 2.3, 14.6],
			"rotation": {"angle": 0, "axis": "y", "origin": [16, 0, 16]},
			"faces": {
				"north": {"uv": [11.25, 5.75, 11.75, 6], "texture": "#0"},
				"east": {"uv": [6, 11.25, 6.5, 11.5], "texture": "#0"},
				"south": {"uv": [5.5, 11.25, 6, 11.5], "texture": "#0"},
				"west": {"uv": [11.25, 5.5, 11.75, 5.75], "texture": "#0"},
				"up": {"uv": [7.25, 10.5, 7.75, 11], "texture": "#0"},
				"down": {"uv": [7.75, 11, 8.25, 10.5], "texture": "#0"}
			}
		},
		{
			"from": [1, 0.6, 13],
			"to": [3, 1.6, 15],
			"rotation": {"angle": 0, "axis": "y", "origin": [16, 0, 16]},
			"faces": {
				"north": {"uv": [10.75, 5, 11.25, 5.25], "texture": "#0"},
				"east": {"uv": [10.75, 5.25, 11.25, 5.5], "texture": "#0"},
				"south": {"uv": [10.5, 6.75, 11, 7], "texture": "#0"},
				"west": {"uv": [10.5, 8.5, 11, 8.75], "texture": "#0"},
				"up": {"uv": [3.75, 9.5, 4.25, 10], "texture": "#0"},
				"down": {"uv": [4.25, 10, 4.75, 9.5], "texture": "#0"}
			}
		},
		{
			"from": [0.5, 0, 13],
			"to": [3, 0.6, 15.5],
			"rotation": {"angle": 0, "axis": "y", "origin": [16, 0, 16]},
			"faces": {
				"north": {"uv": [11, 2.25, 11.75, 2.5], "texture": "#0"},
				"east": {"uv": [11, 2.5, 11.75, 2.75], "texture": "#0"},
				"south": {"uv": [2, 11, 2.75, 11.25], "texture": "#0"},
				"west": {"uv": [11, 2, 11.75, 2.25], "texture": "#0"},
				"up": {"uv": [6.25, 8.25, 7, 9], "texture": "#0"},
				"down": {"uv": [4, 9.5, 4.75, 8.75], "texture": "#0"}
			}
		},
		{
			"from": [13, 6, 13],
			"to": [15, 8, 15],
			"rotation": {"angle": 0, "axis": "y", "origin": [0, -0.6, 16]},
			"faces": {
				"north": {"uv": [10.25, 9.5, 9.75, 10], "texture": "#0"},
				"east": {"uv": [7.25, 9.75, 6.75, 10.25], "texture": "#0"},
				"south": {"uv": [6.75, 9.75, 6.25, 10.25], "texture": "#0"},
				"west": {"uv": [0.5, 10, 0, 10.5], "texture": "#0"},
				"up": {"uv": [1, 10, 0.5, 10.5], "texture": "#0"},
				"down": {"uv": [1.5, 10.5, 1, 10], "texture": "#0"}
			}
		},
		{
			"from": [13, 3, 13],
			"to": [14, 6, 14],
			"rotation": {"angle": 0, "axis": "y", "origin": [0, 0, 16]},
			"faces": {
				"north": {"uv": [7.5, 9.75, 7.25, 10.5], "texture": "#0"},
				"east": {"uv": [5, 9.25, 4.75, 10], "texture": "#0"},
				"south": {"uv": [5, 8.5, 4.75, 9.25], "texture": "#0"},
				"west": {"uv": [3.25, 10.5, 3, 11.25], "texture": "#0"},
				"up": {"uv": [9.75, 11, 9.5, 11.25], "texture": "#0"},
				"down": {"uv": [11.25, 9.75, 11, 9.5], "texture": "#0"}
			}
		},
		{
			"from": [13, 2.3, 13],
			"to": [14.2, 3, 14.2],
			"rotation": {"angle": 0, "axis": "y", "origin": [0, 0, 16]},
			"faces": {
				"north": {"uv": [11.5, 10.5, 11.25, 10.75], "texture": "#0"},
				"east": {"uv": [10.75, 11.25, 10.5, 11.5], "texture": "#0"},
				"south": {"uv": [11.5, 10.25, 11.25, 10.5], "texture": "#0"},
				"west": {"uv": [11, 11.25, 10.75, 11.5], "texture": "#0"},
				"up": {"uv": [4, 9.25, 3.75, 9.5], "texture": "#0"},
				"down": {"uv": [3, 11.25, 2.75, 11], "texture": "#0"}
			}
		},
		{
			"from": [13, 1.6, 13],
			"to": [14.6, 2.3, 14.6],
			"rotation": {"angle": 0, "axis": "y", "origin": [0, 0, 16]},
			"faces": {
				"north": {"uv": [11.75, 5.75, 11.25, 6], "texture": "#0"},
				"east": {"uv": [11.75, 5.5, 11.25, 5.75], "texture": "#0"},
				"south": {"uv": [6, 11.25, 5.5, 11.5], "texture": "#0"},
				"west": {"uv": [6.5, 11.25, 6, 11.5], "texture": "#0"},
				"up": {"uv": [7.75, 10.5, 7.25, 11], "texture": "#0"},
				"down": {"uv": [8.25, 11, 7.75, 10.5], "texture": "#0"}
			}
		},
		{
			"from": [13, 0.6, 13],
			"to": [15, 1.6, 15],
			"rotation": {"angle": 0, "axis": "y", "origin": [0, 0, 16]},
			"faces": {
				"north": {"uv": [11.25, 5, 10.75, 5.25], "texture": "#0"},
				"east": {"uv": [11, 8.5, 10.5, 8.75], "texture": "#0"},
				"south": {"uv": [11, 6.75, 10.5, 7], "texture": "#0"},
				"west": {"uv": [11.25, 5.25, 10.75, 5.5], "texture": "#0"},
				"up": {"uv": [4.25, 9.5, 3.75, 10], "texture": "#0"},
				"down": {"uv": [4.75, 10, 4.25, 9.5], "texture": "#0"}
			}
		},
		{
			"from": [13, 0, 13],
			"to": [15.5, 0.6, 15.5],
			"rotation": {"angle": 0, "axis": "y", "origin": [0, 0, 16]},
			"faces": {
				"north": {"uv": [11.75, 2.25, 11, 2.5], "texture": "#0"},
				"east": {"uv": [11.75, 2, 11, 2.25], "texture": "#0"},
				"south": {"uv": [2.75, 11, 2, 11.25], "texture": "#0"},
				"west": {"uv": [11.75, 2.5, 11, 2.75], "texture": "#0"},
				"up": {"uv": [7, 8.25, 6.25, 9], "texture": "#0"},
				"down": {"uv": [4.75, 9.5, 4, 8.75], "texture": "#0"}
			}
		}
	],
	"display": {
		"thirdperson_righthand": {
			"rotation": [70, 0, 0],
			"translation": [0, 1.75, 0],
			"scale": [0.5, 0.5, 0.5]
		},
		"thirdperson_lefthand": {
			"rotation": [70, 0, 0],
			"translation": [0, 1.5, 0],
			"scale": [0.5, 0.5, 0.5]
		},
		"firstperson_righthand": {
			"rotation": [0, -180, 0],
			"translation": [-1.5, 4, 0],
			"scale": [0.5, 0.5, 0.5]
		},
		"firstperson_lefthand": {
			"rotation": [0, -180, 0],
			"translation": [-2.25, 3.75, 0],
			"scale": [0.5, 0.5, 0.5]
		},
		"ground": {
			"scale": [0.5, 0.5, 0.5]
		},
		"gui": {
			"rotation": [33, 135, 0],
			"translation": [0, 1.25, 0],
			"scale": [0.7, 0.7, 0.7]
		},
		"head": {
			"scale": [0, 0, 0]
		},
		"fixed": {
			"rotation": [-90, 0, 0],
			"translation": [0, 0.25, -19],
			"scale": [2.5, 2.5, 2.5]
		}
	},
	"groups": [
		{
			"name": "group",
			"origin": [0, 0, 0],
			"color": 0,
			"children": [0, 1, 2, 3, 4, 5]
		},
		6,
		7,
		8,
		9,
		10,
		11,
		12,
		13,
		14,
		15,
		16,
		17,
		18,
		19,
		20,
		21,
		22,
		23,
		24,
		25,
		26,
		27,
		{
			"name": "group",
			"origin": [0, 0, 0],
			"color": 0,
			"children": [28, 29, 30, 31, 32, 33]
		},
		{
			"name": "group",
			"origin": [0, 0, 0],
			"color": 0,
			"children": [34, 35, 36, 37, 38, 39]
		},
		{
			"name": "group",
			"origin": [0, 0, 0],
			"color": 0,
			"children": [40, 41, 42, 43, 44, 45]
		}
	],
	"mcmodels": "d0642da220109c40ad17fb12f834884a"
}