{"credit":"Made with Blockbench","textures":{"0":"custom\/elitecreatures\/mystery_box\/mystery_key","particle":"custom\/elitecreatures\/mystery_box\/mystery_key"},"elements":[{"from":[7.55,0.5,7],"to":[8.45,1.4,9],"rotation":{"angle":0,"axis":"x","origin":[8.05,1,8]},"faces":{"north":{"uv":[11,9,12,10],"texture":"#0"},"east":{"uv":[8,2,10,3],"texture":"#0"},"south":{"uv":[11,10,12,11],"texture":"#0"},"west":{"uv":[8,3,10,4],"texture":"#0"},"up":{"uv":[5,10,4,8],"texture":"#0"},"down":{"uv":[9,4,8,6],"texture":"#0"}}},{"from":[7.55,1.11924,8.49497],"to":[8.45,2.01924,10.49497],"rotation":{"angle":-45,"axis":"x","origin":[7.85,1.41924,9.49497]},"faces":{"north":{"uv":[11,11,12,12],"texture":"#0"},"east":{"uv":[5,8,7,9],"texture":"#0"},"south":{"uv":[0,12,1,13],"texture":"#0"},"west":{"uv":[8,6,10,7],"texture":"#0"},"up":{"uv":[8,10,7,8],"texture":"#0"},"down":{"uv":[9,7,8,9],"texture":"#0"}}},{"from":[7.55,1.91421,9.51421],"to":[8.45,3.91421,10.41421],"rotation":{"angle":0,"axis":"x","origin":[7.85,2.91421,9.96421]},"faces":{"north":{"uv":[8,9,9,11],"texture":"#0"},"east":{"uv":[9,9,10,11],"texture":"#0"},"south":{"uv":[0,10,1,12],"texture":"#0"},"west":{"uv":[10,0,11,2],"texture":"#0"},"up":{"uv":[13,2,12,1],"texture":"#0"},"down":{"uv":[3,12,2,13],"texture":"#0"}}},{"from":[7.55,1.91421,5.58579],"to":[8.45,3.91421,6.48579],"rotation":{"angle":0,"axis":"x","origin":[7.85,2.91421,6.03579]},"faces":{"north":{"uv":[1,10,2,12],"texture":"#0"},"east":{"uv":[2,10,3,12],"texture":"#0"},"south":{"uv":[10,2,11,4],"texture":"#0"},"west":{"uv":[3,10,4,12],"texture":"#0"},"up":{"uv":[4,13,3,12],"texture":"#0"},"down":{"uv":[5,12,4,13],"texture":"#0"}}},{"from":[7.55,0.41924,6.20503],"to":[8.45,2.41924,7.10503],"rotation":{"angle":-45,"axis":"x","origin":[7.85,1.41924,6.50503]},"faces":{"north":{"uv":[9,4,10,6],"texture":"#0"},"east":{"uv":[5,9,6,11],"texture":"#0"},"south":{"uv":[6,9,7,11],"texture":"#0"},"west":{"uv":[9,7,10,9],"texture":"#0"},"up":{"uv":[13,1,12,0],"texture":"#0"},"down":{"uv":[2,12,1,13],"texture":"#0"}}},{"from":[7.55,3.40919,6.20503],"to":[8.45,5.40919,7.10503],"rotation":{"angle":45,"axis":"x","origin":[7.85,4.40919,6.50503]},"faces":{"north":{"uv":[7,10,8,12],"texture":"#0"},"east":{"uv":[10,8,11,10],"texture":"#0"},"south":{"uv":[10,10,11,12],"texture":"#0"},"west":{"uv":[11,0,12,2],"texture":"#0"},"up":{"uv":[8,13,7,12],"texture":"#0"},"down":{"uv":[9,12,8,13],"texture":"#0"}}},{"from":[7.55,4.42843,7],"to":[8.45,5.32843,9],"rotation":{"angle":0,"axis":"x","origin":[8.05,4.82843,8]},"faces":{"north":{"uv":[9,12,10,13],"texture":"#0"},"east":{"uv":[11,2,13,3],"texture":"#0"},"south":{"uv":[12,9,13,10],"texture":"#0"},"west":{"uv":[11,3,13,4],"texture":"#0"},"up":{"uv":[6,13,5,11],"texture":"#0"},"down":{"uv":[7,11,6,13],"texture":"#0"}}},{"from":[7.35,4.72843,7.35],"to":[8.65,6.02843,8.65],"rotation":{"angle":0,"axis":"x","origin":[8.05,5.52843,8.05]},"faces":{"north":{"uv":[6,0,7.5,1.5],"texture":"#0"},"east":{"uv":[6,2,7.5,3.5],"texture":"#0"},"south":{"uv":[4,6,5.5,7.5],"texture":"#0"},"west":{"uv":[6,4,7.5,5.5],"texture":"#0"},"up":{"uv":[7.5,7.5,6,6],"texture":"#0"},"down":{"uv":[1.5,8,0,9.5],"texture":"#0"}}},{"from":[7.35,10.92843,7.35],"to":[8.65,13.62843,8.65],"rotation":{"angle":0,"axis":"x","origin":[8.05,11.72843,8.05]},"faces":{"north":{"uv":[4,0,5.5,2.5],"texture":"#0"},"east":{"uv":[4,3,5.5,5.5],"texture":"#0"},"south":{"uv":[0,5,1.5,7.5],"texture":"#0"},"west":{"uv":[2,5,3.5,7.5],"texture":"#0"},"up":{"uv":[9.5,1.5,8,0],"texture":"#0"},"down":{"uv":[3.5,8,2,9.5],"texture":"#0"}}},{"from":[7.45,9.32843,7.45],"to":[8.55,10.52843,8.55],"rotation":{"angle":0,"axis":"x","origin":[8.05,8.62843,8.05]},"faces":{"north":{"uv":[11,12,12,13],"texture":"#0"},"east":{"uv":[12,11,13,12],"texture":"#0"},"south":{"uv":[12,12,13,13],"texture":"#0"},"west":{"uv":[0,13,1,14],"texture":"#0"},"up":{"uv":[14,1,13,0],"texture":"#0"},"down":{"uv":[2,13,1,14],"texture":"#0"}}},{"from":[7.45,7.92843,7.45],"to":[8.55,9.12843,8.55],"rotation":{"angle":0,"axis":"x","origin":[8.05,7.22843,8.05]},"faces":{"north":{"uv":[13,1,14,2],"texture":"#0"},"east":{"uv":[2,13,3,14],"texture":"#0"},"south":{"uv":[13,2,14,3],"texture":"#0"},"west":{"uv":[3,13,4,14],"texture":"#0"},"up":{"uv":[14,4,13,3],"texture":"#0"},"down":{"uv":[5,13,4,14],"texture":"#0"}}},{"from":[7.45,6.52843,7.45],"to":[8.55,7.72843,8.55],"rotation":{"angle":0,"axis":"x","origin":[8.05,5.82843,8.05]},"faces":{"north":{"uv":[13,4,14,5],"texture":"#0"},"east":{"uv":[5,13,6,14],"texture":"#0"},"south":{"uv":[13,5,14,6],"texture":"#0"},"west":{"uv":[6,13,7,14],"texture":"#0"},"up":{"uv":[14,7,13,6],"texture":"#0"},"down":{"uv":[8,13,7,14],"texture":"#0"}}},{"from":[7.45,1.17843,6.4],"to":[8.55,2.27843,7.6],"rotation":{"angle":-45,"axis":"x","origin":[8,1.12843,7]},"faces":{"north":{"uv":[8,13,7,14],"rotation":180,"texture":"#0"},"east":{"uv":[5,13,6,14],"rotation":270,"texture":"#0"},"south":{"uv":[14,7,13,6],"texture":"#0"},"west":{"uv":[6,13,7,14],"rotation":90,"texture":"#0"},"up":{"uv":[13,4,14,5],"rotation":180,"texture":"#0"},"down":{"uv":[13,5,14,6],"texture":"#0"}}},{"from":[7.8,12.42843,6.05],"to":[8.2,13.32843,7.35],"rotation":{"angle":0,"axis":"x","origin":[8.5,11.82843,6.75]},"faces":{"north":{"uv":[10,13,10.5,14],"texture":"#0"},"east":{"uv":[11,6,12.5,7],"texture":"#0"},"south":{"uv":[11,13,11.5,14],"texture":"#0"},"west":{"uv":[11,7,12.5,8],"texture":"#0"},"up":{"uv":[13.5,8.5,13,7],"texture":"#0"},"down":{"uv":[8.5,13,8,14.5],"texture":"#0"}}},{"from":[7.8,11.22843,6.05],"to":[8.2,12.12843,7.35],"rotation":{"angle":0,"axis":"x","origin":[8.5,10.62843,6.75]},"faces":{"north":{"uv":[13,11,13.5,12],"texture":"#0"},"east":{"uv":[8,11,9.5,12],"texture":"#0"},"south":{"uv":[12,13,12.5,14],"texture":"#0"},"west":{"uv":[11,8,12.5,9],"texture":"#0"},"up":{"uv":[9.5,14.5,9,13],"texture":"#0"},"down":{"uv":[13.5,9,13,10.5],"texture":"#0"}}},{"from":[7.55,6.02843,7.55],"to":[8.45,10.92843,8.45],"rotation":{"angle":0,"axis":"x","origin":[8,6.92843,8]},"faces":{"north":{"uv":[0,0,1,5],"texture":"#0"},"east":{"uv":[1,0,2,5],"texture":"#0"},"south":{"uv":[2,0,3,5],"texture":"#0"},"west":{"uv":[3,0,4,5],"texture":"#0"},"up":{"uv":[11,13,10,12],"texture":"#0"},"down":{"uv":[13,10,12,11],"texture":"#0"}}},{"from":[7.55,3.80919,8.49497],"to":[8.45,4.70919,10.49497],"rotation":{"angle":45,"axis":"x","origin":[7.85,4.40919,9.49497]},"faces":{"north":{"uv":[12,4,13,5],"texture":"#0"},"east":{"uv":[10,4,12,5],"texture":"#0"},"south":{"uv":[12,5,13,6],"texture":"#0"},"west":{"uv":[10,5,12,6],"texture":"#0"},"up":{"uv":[5,12,4,10],"texture":"#0"},"down":{"uv":[11,6,10,8],"texture":"#0"}}},{"from":[8,0,3],"to":[8,3,7],"faces":{"east":{"uv":[12,13,16,16],"texture":"#0"},"west":{"uv":[16,13,12,16],"texture":"#0"}}}],"display":{"thirdperson_righthand":{"translation":[0,2.5,0],"scale":[0.5,0.5,0.5]},"thirdperson_lefthand":{"translation":[0,2.5,0],"scale":[0.5,0.5,0.5]},"firstperson_righthand":{"rotation":[-90,0,0],"translation":[-2.5,2.25,0.5]},"firstperson_lefthand":{"rotation":[-90,0,0],"translation":[-1.5,2,0]},"ground":{"rotation":[-60,0,0],"scale":[0.5,0.5,0.5]},"gui":{"rotation":[90,-135,90],"translation":[0.5,2.25,0],"scale":[1.2,1.2,1.2]},"head":{"scale":[0,0,0]},"fixed":{"rotation":[-90,45,90],"translation":[-0.75,2.25,-1.25]}},"mcmodels":"d0642da220109c40ad17fb12f834884a"}