{
	"credit": "Made by samus2002",
	"texture_size": [64, 64],
	"textures": {
		"0": "item/3tier/spear_e",
		"particle": "item/3tier/spear_e"
	},
	"elements": [
		{
			"from": [7.41416, -8.63, 7.28],
			"to": [8.85416, 18.73, 8.72],
			"rotation": {"angle": 0, "axis": "y", "origin": [8.47914, 7.75, 8]},
			"faces": {
				"north": {"uv": [4.5, 6.5, 5, 16], "texture": "#0"},
				"east": {"uv": [5.25, 6.5, 5.75, 16], "texture": "#0"},
				"south": {"uv": [5, 6.5, 4.5, 16], "texture": "#0"},
				"west": {"uv": [6.75, 0, 7.25, 9.5], "texture": "#0"},
				"up": {"uv": [10, 0.5, 9.5, 0], "texture": "#0"},
				"down": {"uv": [10, 0.75, 9.5, 1.25], "texture": "#0"}
			}
		},
		{
			"from": [7.05416, -3.06, 6.92],
			"to": [9.21416, 0.54, 9.08],
			"rotation": {"angle": 0, "axis": "y", "origin": [8.47914, 7.75, 8]},
			"faces": {
				"north": {"uv": [8.5, 0, 9.25, 1.25], "texture": "#0"},
				"east": {"uv": [8.5, 1.5, 9.25, 2.75], "texture": "#0"},
				"south": {"uv": [9.25, 0, 8.5, 1.25], "texture": "#0"},
				"west": {"uv": [8.5, 4.5, 9.25, 5.75], "texture": "#0"},
				"up": {"uv": [9.25, 8.75, 8.5, 8], "texture": "#0"},
				"down": {"uv": [9.25, 9, 8.5, 9.75], "texture": "#0"}
			}
		},
		{
			"from": [5.25416, -14.39, 8],
			"to": [11.01416, -4.31, 8],
			"rotation": {"angle": 0, "axis": "y", "origin": [8.47914, 7.75, 8]},
			"faces": {
				"north": {"uv": [0, 0, 2, 3.5], "texture": "#0"},
				"east": {"uv": [9.75, 5.25, 9.75, 8.75], "texture": "#0"},
				"south": {"uv": [2, 0, 0, 3.5], "texture": "#0"},
				"west": {"uv": [6.75, 9.75, 6.75, 13.25], "texture": "#0"},
				"up": {"uv": [11.75, 9.5, 9.75, 9.5], "texture": "#0"},
				"down": {"uv": [11.75, 9.75, 9.75, 9.75], "texture": "#0"}
			}
		},
		{
			"from": [7.05416, 13.69, 6.92],
			"to": [9.21416, 20.17, 9.08],
			"rotation": {"angle": 0, "axis": "y", "origin": [8.47914, 7.75, 8]},
			"faces": {
				"north": {"uv": [7.5, 0, 8.25, 2.25], "texture": "#0"},
				"east": {"uv": [7.5, 2.5, 8.25, 4.75], "texture": "#0"},
				"south": {"uv": [8.25, 0, 7.5, 2.25], "texture": "#0"},
				"west": {"uv": [7.5, 7.5, 8.25, 9.75], "texture": "#0"},
				"up": {"uv": [9.25, 6.75, 8.5, 6], "texture": "#0"},
				"down": {"uv": [9.25, 7, 8.5, 7.75], "texture": "#0"}
			}
		},
		{
			"from": [1.59412, 8.67373, 8],
			"to": [7.35412, 17.31373, 8],
			"rotation": {"angle": 22.5, "axis": "z", "origin": [4.22412, 14.99373, 8]},
			"faces": {
				"north": {"uv": [6.5, 3, 4.5, 0], "rotation": 180, "texture": "#0"},
				"east": {"uv": [4, 10.25, 4, 7.25], "rotation": 180, "texture": "#0"},
				"south": {"uv": [4.5, 3, 6.5, 0], "rotation": 180, "texture": "#0"},
				"west": {"uv": [4.25, 10.25, 4.25, 7.25], "rotation": 180, "texture": "#0"},
				"up": {"uv": [11.5, 1.5, 9.5, 1.5], "texture": "#0"},
				"down": {"uv": [11.5, 1.75, 9.5, 1.75], "texture": "#0"}
			}
		},
		{
			"from": [8.89588, 8.77373, 8],
			"to": [14.65588, 17.41373, 8],
			"rotation": {"angle": -22.5, "axis": "z", "origin": [11.77588, 14.99373, 8]},
			"faces": {
				"north": {"uv": [4.5, 3, 6.5, 0], "rotation": 180, "texture": "#0"},
				"east": {"uv": [4.25, 10.25, 4.25, 7.25], "rotation": 180, "texture": "#0"},
				"south": {"uv": [6.5, 3, 4.5, 0], "rotation": 180, "texture": "#0"},
				"west": {"uv": [4, 10.25, 4, 7.25], "rotation": 180, "texture": "#0"},
				"up": {"uv": [9.5, 1.5, 11.5, 1.5], "texture": "#0"},
				"down": {"uv": [9.5, 1.75, 11.5, 1.75], "texture": "#0"}
			}
		},
		{
			"from": [9.21416, -5.17, 8],
			"to": [14.25416, 2.03, 8],
			"rotation": {"angle": 0, "axis": "y", "origin": [8.125, 8.71187, 8]},
			"faces": {
				"north": {"uv": [0, 9.75, 1.75, 7.25], "texture": "#0"},
				"east": {"uv": [9.5, 12, 9.5, 9.5], "texture": "#0"},
				"south": {"uv": [1.75, 9.75, 0, 7.25], "texture": "#0"},
				"west": {"uv": [9.75, 4.5, 9.75, 2], "texture": "#0"},
				"up": {"uv": [11.5, 5, 9.75, 5], "texture": "#0"},
				"down": {"uv": [11.5, 4.75, 9.75, 4.75], "texture": "#0"}
			}
		},
		{
			"from": [2.07084, -5.17, 8],
			"to": [7.11084, 2.03, 8],
			"rotation": {"angle": 0, "axis": "y", "origin": [8.125, 8.71187, 8]},
			"faces": {
				"north": {"uv": [1.75, 9.75, 0, 7.25], "texture": "#0"},
				"east": {"uv": [9.75, 4.5, 9.75, 2], "texture": "#0"},
				"south": {"uv": [0, 9.75, 1.75, 7.25], "texture": "#0"},
				"west": {"uv": [9.5, 12, 9.5, 9.5], "texture": "#0"},
				"up": {"uv": [9.75, 5, 11.5, 5], "texture": "#0"},
				"down": {"uv": [9.75, 4.75, 11.5, 4.75], "texture": "#0"}
			}
		},
		{
			"from": [4.59416, 20.17, 8],
			"to": [10.35416, 29.53, 8],
			"rotation": {"angle": 0, "axis": "y", "origin": [8.47914, 7.75, 8]},
			"faces": {
				"north": {"uv": [0, 3.75, 2, 7], "texture": "#0"},
				"east": {"uv": [9.5, 2, 9.5, 5.25], "texture": "#0"},
				"south": {"uv": [2, 3.75, 0, 7], "texture": "#0"},
				"west": {"uv": [9.5, 5.5, 9.5, 8.75], "texture": "#0"},
				"up": {"uv": [11.5, 9, 9.5, 9], "texture": "#0"},
				"down": {"uv": [11.5, 9.25, 9.5, 9.25], "texture": "#0"}
			}
		}
	],
	"gui_light": "front",
	"display": {
		"thirdperson_righthand": {
			"rotation": [0, 94, 0],
			"translation": [0, 2.25, 1.75],
			"scale": [1.3, 1.3, 1.3]
		},
		"thirdperson_lefthand": {
			"rotation": [0, 94, 0],
			"translation": [0, 2.25, 1.75],
			"scale": [1.3, 1.3, 1.3]
		},
		"firstperson_righthand": {
			"rotation": [0, 94, 0],
			"translation": [3, 1.5, -3.25],
			"scale": [1.3, 1.3, 1.3]
		},
		"firstperson_lefthand": {
			"rotation": [0, 94, 0],
			"translation": [3, 1.5, -3.25],
			"scale": [1.3, 1.3, 1.3]
		},
		"ground": {
			"rotation": [90, 0, 0],
			"scale": [1.3, 1.3, 1.3]
		},
		"gui": {
			"rotation": [0, 180, 45],
			"translation": [0.25, 0, -0.25],
			"scale": [0.48, 0.48, 0.48]
		},
		"fixed": {
			"rotation": [0, 0, 45],
			"translation": [0, 0, -0.25],
			"scale": [0.6, 0.6, 0.6]
		}
	}
}