{"textures":{"0":"modelengine:entity/boneshading_white","2":"modelengine:entity/fallen_knight"},"elements":[{"from":[6.770598,16.0,5.153281],"to":[7.770598,20.0,6.153281],"faces":{"east":{"uv":[1.375,11.375,1.5,11.875],"tintindex":-2,"rotation":0,"texture":"#2"},"south":{"uv":[2.0,11.375,2.125,11.875],"tintindex":-2,"rotation":0,"texture":"#2"},"north":{"uv":[1.125,11.375,1.25,11.875],"tintindex":-2,"rotation":0,"texture":"#2"},"west":{"uv":[2.25,11.375,2.375,11.875],"tintindex":-2,"rotation":0,"texture":"#2"},"up":{"uv":[4.375,13.125,4.25,13.0],"tintindex":-2,"rotation":0,"texture":"#2"},"down":{"uv":[13.125,4.25,13.0,4.375],"tintindex":-2,"rotation":0,"texture":"#2"}},"rotation":{"origin":[7.270598,18.0,5.653281],"angle":-22.5,"axis":"y"}},{"from":[2.6125002,5.8947926,1.8776379],"to":[3.6125002,7.8947926,2.8776379],"faces":{"east":{"uv":[3.25,12.375,3.375,12.625],"tintindex":-2,"rotation":180,"texture":"#2"},"south":{"uv":[11.5,12.25,11.625,12.5],"tintindex":-2,"rotation":180,"texture":"#2"},"north":{"uv":[12.375,3.25,12.5,3.5],"tintindex":-2,"rotation":180,"texture":"#2"},"west":{"uv":[4.125,12.375,4.25,12.625],"tintindex":-2,"rotation":180,"texture":"#2"},"up":{"uv":[6.5,13.0,6.375,13.125],"tintindex":-2,"rotation":0,"texture":"#2"},"down":{"uv":[13.125,5.625,13.0,5.5],"tintindex":-2,"rotation":0,"texture":"#2"}},"rotation":{"origin":[3.1125002,6.8947926,2.3776379],"angle":22.5,"axis":"x"}},{"from":[16.0,13.5,6.0],"to":[17.0,14.5,10.0],"faces":{"east":{"uv":[10.875,5.75,11.375,5.875],"tintindex":-2,"rotation":0,"texture":"#2"},"south":{"uv":[12.875,0.25,13.0,0.375],"tintindex":-2,"rotation":0,"texture":"#2"},"north":{"uv":[0.25,12.875,0.375,13.0],"tintindex":-2,"rotation":0,"texture":"#2"},"west":{"uv":[10.875,6.0,11.375,6.125],"tintindex":-2,"rotation":0,"texture":"#2"},"up":{"uv":[3.75,11.375,3.625,10.875],"tintindex":-2,"rotation":0,"texture":"#2"},"down":{"uv":[4.0,10.875,3.875,11.375],"tintindex":-2,"rotation":0,"texture":"#2"}}},{"from":[2.92,-4.2175455,14.803967],"to":[3.3050003,-3.2075453,16.813967],"faces":{"east":{"uv":[12.375,7.625,12.625,7.75],"tintindex":-2,"rotation":0,"texture":"#2"},"south":{"uv":[13.0,9.625,13.125,9.75],"tintindex":-2,"rotation":0,"texture":"#2"},"north":{"uv":[13.0,9.125,13.125,9.25],"tintindex":-2,"rotation":0,"texture":"#2"},"west":{"uv":[12.375,7.875,12.625,8.0],"tintindex":-2,"rotation":0,"texture":"#2"},"up":{"uv":[8.375,12.625,8.25,12.375],"tintindex":-2,"rotation":0,"texture":"#2"},"down":{"uv":[12.5,8.875,12.375,9.125],"tintindex":-2,"rotation":0,"texture":"#2"}},"rotation":{"origin":[3.1125002,-3.7125454,15.808968],"angle":45.0,"axis":"x"}},{"from":[13.0,9.799999,6.05],"to":[17.0,10.799999,10.05],"faces":{"east":{"uv":[10.875,3.0,11.375,3.125],"tintindex":-2,"rotation":0,"texture":"#2"},"south":{"uv":[10.875,3.25,11.375,3.375],"tintindex":-2,"rotation":0,"texture":"#2"},"north":{"uv":[10.875,2.5,11.375,2.625],"tintindex":-2,"rotation":0,"texture":"#2"},"west":{"uv":[10.875,3.5,11.375,3.625],"tintindex":-2,"rotation":0,"texture":"#2"},"up":{"uv":[4.875,7.875,4.375,7.375],"tintindex":-2,"rotation":0,"texture":"#2"},"down":{"uv":[7.875,5.875,7.375,6.375],"tintindex":-2,"rotation":0,"texture":"#2"}}},{"from":[-1.0,13.5,6.0],"to":[0.0,14.5,10.0],"faces":{"east":{"uv":[10.25,6.0,10.75,6.125],"tintindex":-2,"rotation":0,"texture":"#2"},"south":{"uv":[12.5,1.25,12.625,1.375],"tintindex":-2,"rotation":0,"texture":"#2"},"north":{"uv":[12.5,1.0,12.625,1.125],"tintindex":-2,"rotation":0,"texture":"#2"},"west":{"uv":[8.75,10.25,9.25,10.375],"tintindex":-2,"rotation":0,"texture":"#2"},"up":{"uv":[7.75,10.75,7.625,10.25],"tintindex":-2,"rotation":0,"texture":"#2"},"down":{"uv":[10.375,9.875,10.25,10.375],"tintindex":-2,"rotation":0,"texture":"#2"}}},{"from":[9.30625,13.68125,6.0],"to":[11.30625,14.13125,6.15],"faces":{"east":{"uv":[15.0125,0.975,15.9875,0.0],"tintindex":-2,"rotation":90,"texture":"#0"},"south":{"uv":[15.0125,0.975,15.9875,0.0],"tintindex":-2,"rotation":90,"texture":"#0"},"north":{"uv":[15.0125,0.975,15.9875,0.0],"tintindex":-2,"rotation":90,"texture":"#0"},"west":{"uv":[15.0125,0.975,15.9875,0.0],"tintindex":-2,"rotation":90,"texture":"#0"},"up":{"uv":[15.0125,0.975,15.9875,0.0],"tintindex":-2,"rotation":90,"texture":"#0"},"down":{"uv":[15.0125,0.975,15.9875,0.0],"tintindex":-2,"rotation":90,"texture":"#0"}}},{"from":[-1.0,10.049999,4.8],"to":[3.0,11.049999,8.8],"faces":{"east":{"uv":[2.5,10.375,3.0,10.5],"tintindex":-2,"rotation":0,"texture":"#2"},"south":{"uv":[5.0,10.375,5.5,10.5],"tintindex":-2,"rotation":0,"texture":"#2"},"north":{"uv":[1.625,10.375,2.125,10.5],"tintindex":-2,"rotation":0,"texture":"#2"},"west":{"uv":[10.375,5.25,10.875,5.375],"tintindex":-2,"rotation":0,"texture":"#2"},"up":{"uv":[7.75,1.75,7.25,1.25],"tintindex":-2,"rotation":0,"texture":"#2"},"down":{"uv":[2.375,7.25,1.875,7.75],"tintindex":-2,"rotation":0,"texture":"#2"}},"rotation":{"origin":[2.176777,9.723223,5.525],"angle":22.5,"axis":"x"}},{"from":[10.495,16.995,10.287893],"to":[12.505,20.005,11.297894],"faces":{"east":{"uv":[7.0,11.625,7.125,12.0],"tintindex":-2,"rotation":0,"texture":"#2"},"south":{"uv":[9.125,9.75,9.375,10.125],"tintindex":-2,"rotation":0,"texture":"#2"},"north":{"uv":[8.75,9.75,9.0,10.125],"tintindex":-2,"rotation":0,"texture":"#2"},"west":{"uv":[11.625,9.25,11.75,9.625],"tintindex":-2,"rotation":0,"texture":"#2"},"up":{"uv":[12.375,2.625,12.125,2.5],"tintindex":-2,"rotation":0,"texture":"#2"},"down":{"uv":[2.875,12.125,2.625,12.25],"tintindex":-2,"rotation":0,"texture":"#2"}},"rotation":{"origin":[11.0,17.5,10.792893],"angle":45.0,"axis":"y"}},{"from":[8.15,3.0,6.0],"to":[12.15,8.0,10.0],"faces":{"east":{"uv":[5.875,4.25,6.375,4.875],"tintindex":-2,"rotation":0,"texture":"#2"},"south":{"uv":[0.625,6.0,1.125,6.625],"tintindex":-2,"rotation":0,"texture":"#2"},"north":{"uv":[3.625,5.875,4.125,6.5],"tintindex":-2,"rotation":0,"texture":"#2"},"west":{"uv":[6.0,0.75,6.5,1.375],"tintindex":-2,"rotation":0,"texture":"#2"},"up":{"uv":[8.0,8.25,7.5,7.75],"tintindex":-2,"rotation":0,"texture":"#2"},"down":{"uv":[0.5,7.875,0.0,8.375],"tintindex":-2,"rotation":0,"texture":"#2"}}},{"from":[2.9250002,-5.0028057,15.8708],"to":[3.3000002,-2.0028057,16.770802],"faces":{"east":{"uv":[11.75,8.625,12.125,8.75],"tintindex":-2,"rotation":90,"texture":"#2"},"south":{"uv":[11.625,11.75,11.5,12.125],"tintindex":-2,"rotation":0,"texture":"#2"},"north":{"uv":[11.375,12.125,11.25,11.75],"tintindex":-2,"rotation":180,"texture":"#2"},"west":{"uv":[10.75,11.75,11.125,11.875],"tintindex":-2,"rotation":270,"texture":"#2"},"up":{"uv":[8.625,13.0,8.75,13.125],"tintindex":-2,"rotation":0,"texture":"#2"},"down":{"uv":[13.0,8.375,13.125,8.5],"tintindex":-2,"rotation":180,"texture":"#2"}},"rotation":{"origin":[3.1125002,-3.5028057,16.3208],"angle":-22.5,"axis":"x"}},{"from":[-0.8,8.7125,4.9874997],"to":[2.8,12.312501,8.587501],"faces":{"east":{"uv":[5.5,6.25,6.0,6.75],"tintindex":-2,"rotation":0,"texture":"#2"},"south":{"uv":[6.75,2.125,6.25,2.625],"tintindex":-2,"rotation":0,"texture":"#2"},"north":{"uv":[6.25,2.125,6.75,2.625],"tintindex":-2,"rotation":0,"texture":"#2"},"west":{"uv":[6.5,2.75,7.0,3.25],"tintindex":-2,"rotation":0,"texture":"#2"},"up":{"uv":[7.0,4.75,6.5,4.25],"tintindex":-2,"rotation":0,"texture":"#2"},"down":{"uv":[0.5,6.625,0.0,7.125],"tintindex":-2,"rotation":0,"texture":"#2"}},"rotation":{"origin":[2.176777,9.723223,5.525],"angle":22.5,"axis":"x"}},{"from":[2.6125002,10.636698,-1.0402746],"to":[3.6125002,11.636698,2.9597254],"faces":{"east":{"uv":[0.0,11.125,0.5,11.25],"tintindex":-2,"rotation":0,"texture":"#2"},"south":{"uv":[5.875,12.875,6.0,13.0],"tintindex":-2,"rotation":0,"texture":"#2"},"north":{"uv":[5.625,12.875,5.75,13.0],"tintindex":-2,"rotation":0,"texture":"#2"},"west":{"uv":[11.125,3.75,11.625,3.875],"tintindex":-2,"rotation":0,"texture":"#2"},"up":{"uv":[4.25,11.625,4.125,11.125],"tintindex":-2,"rotation":0,"texture":"#2"},"down":{"uv":[4.5,11.125,4.375,11.625],"tintindex":-2,"rotation":0,"texture":"#2"}},"rotation":{"origin":[3.1125002,11.136698,0.9597254],"angle":45.0,"axis":"x"}},{"from":[13.0,18.5,7.0],"to":[16.0,20.5,9.0],"faces":{"east":{"uv":[4.625,11.5,4.875,11.75],"tintindex":-2,"rotation":0,"texture":"#2"},"south":{"uv":[5.0,10.0,5.375,10.25],"tintindex":-2,"rotation":0,"texture":"#2"},"north":{"uv":[10.0,3.75,10.375,4.0],"tintindex":-2,"rotation":0,"texture":"#2"},"west":{"uv":[11.5,5.625,11.75,5.875],"tintindex":-2,"rotation":0,"texture":"#2"},"up":{"uv":[5.875,10.25,5.5,10.0],"tintindex":-2,"rotation":0,"texture":"#2"},"down":{"uv":[8.375,10.0,8.0,10.25],"tintindex":-2,"rotation":0,"texture":"#2"}},"rotation":{"origin":[14.5,20.0,8.0],"angle":-22.5,"axis":"z"}},{"from":[6.843146,17.86396,6.01],"to":[7.843146,18.86396,9.99],"faces":{"east":{"uv":[10.125,2.875,10.625,3.0],"tintindex":-2,"rotation":0,"texture":"#2"},"south":{"uv":[12.375,12.125,12.5,12.25],"tintindex":-2,"rotation":0,"texture":"#2"},"north":{"uv":[11.0,12.375,11.125,12.5],"tintindex":-2,"rotation":0,"texture":"#2"},"west":{"uv":[10.125,5.0,10.625,5.125],"tintindex":-2,"rotation":0,"texture":"#2"},"up":{"uv":[0.125,10.75,0.0,10.25],"tintindex":-2,"rotation":0,"texture":"#2"},"down":{"uv":[10.375,3.125,10.25,3.625],"tintindex":-2,"rotation":0,"texture":"#2"}},"rotation":{"origin":[-1.6568546,18.36396,9.5],"angle":-45.0,"axis":"z"}},{"from":[11.604,24.7496,8.269287],"to":[12.596001,26.741598,10.261288],"faces":{"east":{"uv":[11.0,7.0,11.25,7.25],"tintindex":-2,"rotation":0,"texture":"#2"},"south":{"uv":[12.125,8.0,12.25,8.25],"tintindex":-2,"rotation":0,"texture":"#2"},"north":{"uv":[8.0,12.125,8.125,12.375],"tintindex":-2,"rotation":0,"texture":"#2"},"west":{"uv":[11.0,8.625,11.25,8.875],"tintindex":-2,"rotation":0,"texture":"#2"},"up":{"uv":[12.25,9.125,12.125,8.875],"tintindex":-2,"rotation":0,"texture":"#2"},"down":{"uv":[12.25,9.25,12.125,9.5],"tintindex":-2,"rotation":0,"texture":"#2"}},"rotation":{"origin":[8.0,20.5625,8.075],"angle":-45.0,"axis":"x"}},{"from":[10.30625,12.68125,9.85],"to":[11.30625,13.13125,10.0],"faces":{"east":{"uv":[15.0125,0.975,15.9875,0.0],"tintindex":-2,"rotation":90,"texture":"#0"},"south":{"uv":[15.0125,0.975,15.9875,0.0],"tintindex":-2,"rotation":90,"texture":"#0"},"north":{"uv":[15.0125,0.975,15.9875,0.0],"tintindex":-2,"rotation":90,"texture":"#0"},"west":{"uv":[15.0125,0.975,15.9875,0.0],"tintindex":-2,"rotation":90,"texture":"#0"},"up":{"uv":[15.0125,0.975,15.9875,0.0],"tintindex":-2,"rotation":90,"texture":"#0"},"down":{"uv":[15.0125,0.975,15.9875,0.0],"tintindex":-2,"rotation":90,"texture":"#0"}}},{"from":[2.7624998,4.1894617,4.6569605],"to":[3.4625,5.1894617,6.6569605],"faces":{"east":{"uv":[12.25,4.875,12.5,5.0],"tintindex":-2,"rotation":180,"texture":"#2"},"south":{"uv":[12.125,12.875,12.25,13.0],"tintindex":-2,"rotation":180,"texture":"#2"},"north":{"uv":[12.875,12.25,13.0,12.375],"tintindex":-2,"rotation":180,"texture":"#2"},"west":{"uv":[5.375,12.25,5.625,12.375],"tintindex":-2,"rotation":180,"texture":"#2"},"up":{"uv":[6.125,12.25,6.0,12.5],"tintindex":-2,"rotation":0,"texture":"#2"},"down":{"uv":[5.875,12.5,5.75,12.25],"tintindex":-2,"rotation":0,"texture":"#2"}},"rotation":{"origin":[3.1125002,5.9394617,6.1569605],"angle":45.0,"axis":"x"}},{"from":[2.6165001,4.886787,2.9133408],"to":[3.6085002,6.8787866,4.9053407],"faces":{"east":{"uv":[11.125,9.875,11.375,10.125],"tintindex":-2,"rotation":180,"texture":"#2"},"south":{"uv":[2.375,12.25,2.5,12.5],"tintindex":-2,"rotation":180,"texture":"#2"},"north":{"uv":[3.0,12.25,3.125,12.5],"tintindex":-2,"rotation":180,"texture":"#2"},"west":{"uv":[10.75,11.125,11.0,11.375],"tintindex":-2,"rotation":180,"texture":"#2"},"up":{"uv":[12.375,3.625,12.25,3.875],"tintindex":-2,"rotation":0,"texture":"#2"},"down":{"uv":[3.75,12.5,3.625,12.25],"tintindex":-2,"rotation":0,"texture":"#2"}}},{"from":[9.30625,13.68125,9.85],"to":[11.30625,14.13125,10.0],"faces":{"east":{"uv":[15.0125,0.975,15.9875,0.0],"tintindex":-2,"rotation":90,"texture":"#0"},"south":{"uv":[15.0125,0.975,15.9875,0.0],"tintindex":-2,"rotation":90,"texture":"#0"},"north":{"uv":[15.0125,0.975,15.9875,0.0],"tintindex":-2,"rotation":90,"texture":"#0"},"west":{"uv":[15.0125,0.975,15.9875,0.0],"tintindex":-2,"rotation":90,"texture":"#0"},"up":{"uv":[15.0125,0.975,15.9875,0.0],"tintindex":-2,"rotation":90,"texture":"#0"},"down":{"uv":[15.0125,0.975,15.9875,0.0],"tintindex":-2,"rotation":90,"texture":"#0"}}},{"from":[9.506,15.213107,10.006],"to":[11.494,16.201107,10.994],"faces":{"east":{"uv":[12.75,5.125,12.875,5.25],"tintindex":-2,"rotation":0,"texture":"#2"},"south":{"uv":[12.0,12.0,12.25,12.125],"tintindex":-2,"rotation":0,"texture":"#2"},"north":{"uv":[12.0,11.75,12.25,11.875],"tintindex":-2,"rotation":0,"texture":"#2"},"west":{"uv":[5.375,12.75,5.5,12.875],"tintindex":-2,"rotation":0,"texture":"#2"},"up":{"uv":[12.375,0.125,12.125,0.0],"tintindex":-2,"rotation":0,"texture":"#2"},"down":{"uv":[12.375,0.5,12.125,0.625],"tintindex":-2,"rotation":0,"texture":"#2"}},"rotation":{"origin":[10.0,15.707108,10.5],"angle":45.0,"axis":"z"}},{"from":[4.5,8.0,6.0],"to":[7.5,9.0,10.0],"faces":{"east":{"uv":[7.875,10.375,8.375,10.5],"tintindex":-2,"rotation":0,"texture":"#2"},"south":{"uv":[11.625,0.75,12.0,0.875],"tintindex":-2,"rotation":0,"texture":"#2"},"north":{"uv":[11.625,0.5,12.0,0.625],"tintindex":-2,"rotation":0,"texture":"#2"},"west":{"uv":[10.375,8.75,10.875,8.875],"tintindex":-2,"rotation":0,"texture":"#2"},"up":{"uv":[9.0,3.625,8.625,3.125],"tintindex":-2,"rotation":0,"texture":"#2"},"down":{"uv":[4.0,8.625,3.625,9.125],"tintindex":-2,"rotation":0,"texture":"#2"}}},{"from":[8.075,-7.0,6.0],"to":[12.175,-6.0,10.025],"faces":{"east":{"uv":[11.0,5.375,11.5,5.5],"tintindex":-2,"rotation":0,"texture":"#2"},"south":{"uv":[11.0,6.25,11.5,6.375],"tintindex":-2,"rotation":0,"texture":"#2"},"north":{"uv":[11.0,5.125,11.5,5.25],"tintindex":-2,"rotation":0,"texture":"#2"},"west":{"uv":[11.0,6.5,11.5,6.625],"tintindex":-2,"rotation":0,"texture":"#2"},"up":{"uv":[1.75,8.5,1.25,8.0],"tintindex":-2,"rotation":0,"texture":"#2"},"down":{"uv":[8.5,3.125,8.0,3.625],"tintindex":-2,"rotation":0,"texture":"#2"}}},{"from":[2.4625,8.71893,2.0774922],"to":[3.7625003,10.01893,3.3774924],"faces":{"east":{"uv":[6.125,12.875,6.25,13.0],"tintindex":-2,"rotation":90,"texture":"#2"},"south":{"uv":[13.0,6.875,12.875,7.0],"tintindex":-2,"rotation":0,"texture":"#2"},"north":{"uv":[13.0,6.75,12.875,6.625],"tintindex":-2,"rotation":180,"texture":"#2"},"west":{"uv":[12.875,6.375,13.0,6.5],"tintindex":-2,"rotation":270,"texture":"#2"},"up":{"uv":[12.875,6.125,13.0,6.25],"tintindex":-2,"rotation":0,"texture":"#2"},"down":{"uv":[12.875,5.875,13.0,6.0],"tintindex":-2,"rotation":180,"texture":"#2"}},"rotation":{"origin":[3.1125002,9.368931,2.7274923],"angle":45.0,"axis":"x"}},{"from":[13.5,12.5,6.5],"to":[16.5,14.5,9.5],"faces":{"east":{"uv":[15.0125,0.975,15.9875,0.0],"tintindex":-2,"rotation":90,"texture":"#0"},"south":{"uv":[15.0125,0.975,15.9875,0.0],"tintindex":-2,"rotation":90,"texture":"#0"},"north":{"uv":[15.0125,0.975,15.9875,0.0],"tintindex":-2,"rotation":90,"texture":"#0"},"west":{"uv":[15.0125,0.975,15.9875,0.0],"tintindex":-2,"rotation":90,"texture":"#0"},"up":{"uv":[15.0125,0.975,15.9875,0.0],"tintindex":-2,"rotation":90,"texture":"#0"},"down":{"uv":[15.0125,0.975,15.9875,0.0],"tintindex":-2,"rotation":90,"texture":"#0"}}},{"from":[9.0,14.0,5.5],"to":[10.0,17.0,7.5],"faces":{"east":{"uv":[0.0,9.75,0.25,10.125],"tintindex":-2,"rotation":0,"texture":"#2"},"south":{"uv":[11.625,1.0,11.75,1.375],"tintindex":-2,"rotation":0,"texture":"#2"},"north":{"uv":[5.25,11.5,5.375,11.875],"tintindex":-2,"rotation":0,"texture":"#2"},"west":{"uv":[9.75,1.75,10.0,2.125],"tintindex":-2,"rotation":0,"texture":"#2"},"up":{"uv":[12.0,6.5,11.875,6.25],"tintindex":-2,"rotation":0,"texture":"#2"},"down":{"uv":[7.875,11.875,7.75,12.125],"tintindex":-2,"rotation":0,"texture":"#2"}}},{"from":[-0.5,12.5,6.5],"to":[2.5,14.5,9.5],"faces":{"east":{"uv":[15.0125,0.975,15.9875,0.0],"tintindex":-2,"rotation":90,"texture":"#0"},"south":{"uv":[15.0125,0.975,15.9875,0.0],"tintindex":-2,"rotation":90,"texture":"#0"},"north":{"uv":[15.0125,0.975,15.9875,0.0],"tintindex":-2,"rotation":90,"texture":"#0"},"west":{"uv":[15.0125,0.975,15.9875,0.0],"tintindex":-2,"rotation":90,"texture":"#0"},"up":{"uv":[15.0125,0.975,15.9875,0.0],"tintindex":-2,"rotation":90,"texture":"#0"},"down":{"uv":[15.0125,0.975,15.9875,0.0],"tintindex":-2,"rotation":90,"texture":"#0"}}},{"from":[0.0,18.5,7.0],"to":[3.0,20.5,9.0],"faces":{"east":{"uv":[3.625,11.5,3.875,11.75],"tintindex":-2,"rotation":0,"texture":"#2"},"south":{"uv":[9.875,8.75,10.25,9.0],"tintindex":-2,"rotation":0,"texture":"#2"},"north":{"uv":[9.875,6.375,10.25,6.625],"tintindex":-2,"rotation":0,"texture":"#2"},"west":{"uv":[11.5,4.0,11.75,4.25],"tintindex":-2,"rotation":0,"texture":"#2"},"up":{"uv":[0.75,10.25,0.375,10.0],"tintindex":-2,"rotation":0,"texture":"#2"},"down":{"uv":[3.5,10.0,3.125,10.25],"tintindex":-2,"rotation":0,"texture":"#2"}},"rotation":{"origin":[1.5,20.0,8.0],"angle":22.5,"axis":"z"}},{"from":[2.7654998,4.634314,6.761001],"to":[3.4595,5.335422,7.462108],"faces":{"east":{"uv":[12.875,8.625,13.0,8.75],"tintindex":-2,"rotation":180,"texture":"#2"},"south":{"uv":[12.875,7.375,13.0,7.5],"tintindex":-2,"rotation":180,"texture":"#2"},"north":{"uv":[12.875,8.875,13.0,9.0],"tintindex":-2,"rotation":180,"texture":"#2"},"west":{"uv":[9.0,12.875,9.125,13.0],"tintindex":-2,"rotation":180,"texture":"#2"},"up":{"uv":[13.0,9.375,12.875,9.5],"tintindex":-2,"rotation":0,"texture":"#2"},"down":{"uv":[9.375,13.0,9.25,12.875],"tintindex":-2,"rotation":0,"texture":"#2"}}},{"from":[8.995,23.495,3.645],"to":[12.005,24.505,4.655],"faces":{"east":{"uv":[12.625,6.875,12.75,7.0],"tintindex":-2,"rotation":0,"texture":"#2"},"south":{"uv":[11.625,1.75,12.0,1.875],"tintindex":-2,"rotation":0,"texture":"#2"},"north":{"uv":[11.625,1.5,12.0,1.625],"tintindex":-2,"rotation":0,"texture":"#2"},"west":{"uv":[12.625,7.125,12.75,7.25],"tintindex":-2,"rotation":0,"texture":"#2"},"up":{"uv":[12.0,2.125,11.625,2.0],"tintindex":-2,"rotation":0,"texture":"#2"},"down":{"uv":[12.0,2.25,11.625,2.375],"tintindex":-2,"rotation":0,"texture":"#2"}},"rotation":{"origin":[8.0,20.5625,8.075],"angle":-22.5,"axis":"x"}},{"from":[15.496864,17.752096,6.005],"to":[16.496864,19.002096,9.995],"faces":{"east":{"uv":[10.875,7.75,11.375,7.875],"tintindex":-2,"rotation":0,"texture":"#2"},"south":{"uv":[0.75,12.875,0.875,13.0],"tintindex":-2,"rotation":0,"texture":"#2"},"north":{"uv":[0.5,12.875,0.625,13.0],"tintindex":-2,"rotation":0,"texture":"#2"},"west":{"uv":[10.875,9.0,11.375,9.125],"tintindex":-2,"rotation":0,"texture":"#2"},"up":{"uv":[5.375,11.375,5.25,10.875],"tintindex":-2,"rotation":0,"texture":"#2"},"down":{"uv":[7.5,10.875,7.375,11.375],"tintindex":-2,"rotation":0,"texture":"#2"}},"rotation":{"origin":[14.996864,19.002096,8.0],"angle":22.5,"axis":"z"}},{"from":[11.607,24.507,3.657],"to":[12.593,26.493,6.643],"faces":{"east":{"uv":[4.125,9.875,4.5,10.125],"tintindex":-2,"rotation":0,"texture":"#2"},"south":{"uv":[12.125,10.25,12.25,10.5],"tintindex":-2,"rotation":0,"texture":"#2"},"north":{"uv":[12.125,9.875,12.25,10.125],"tintindex":-2,"rotation":0,"texture":"#2"},"west":{"uv":[9.875,5.375,10.25,5.625],"tintindex":-2,"rotation":0,"texture":"#2"},"up":{"uv":[5.125,12.125,5.0,11.75],"tintindex":-2,"rotation":0,"texture":"#2"},"down":{"uv":[6.125,11.75,6.0,12.125],"tintindex":-2,"rotation":0,"texture":"#2"}},"rotation":{"origin":[8.0,20.5625,8.075],"angle":-22.5,"axis":"x"}},{"from":[6.5,6.0,6.075],"to":[9.5,8.0,9.925],"faces":{"east":{"uv":[8.75,8.375,9.25,8.625],"tintindex":-2,"rotation":0,"texture":"#2"},"south":{"uv":[1.75,9.75,2.125,10.0],"tintindex":-2,"rotation":0,"texture":"#2"},"north":{"uv":[6.25,6.875,6.625,7.125],"tintindex":-2,"rotation":0,"texture":"#2"},"west":{"uv":[8.625,8.75,9.125,9.0],"tintindex":-2,"rotation":0,"texture":"#2"},"up":{"uv":[8.875,4.625,8.5,4.125],"tintindex":-2,"rotation":0,"texture":"#2"},"down":{"uv":[8.875,4.75,8.5,5.25],"tintindex":-2,"rotation":0,"texture":"#2"}}},{"from":[4.495,15.995,5.2021065],"to":[5.505,20.005,6.2121067],"faces":{"east":{"uv":[10.0,9.875,10.125,10.375],"tintindex":-2,"rotation":0,"texture":"#2"},"south":{"uv":[10.125,0.625,10.25,1.125],"tintindex":-2,"rotation":0,"texture":"#2"},"north":{"uv":[5.625,4.25,5.75,4.75],"tintindex":-2,"rotation":0,"texture":"#2"},"west":{"uv":[10.125,1.25,10.25,1.75],"tintindex":-2,"rotation":0,"texture":"#2"},"up":{"uv":[6.625,3.5,6.5,3.375],"tintindex":-2,"rotation":0,"texture":"#2"},"down":{"uv":[6.75,1.875,6.625,2.0],"tintindex":-2,"rotation":0,"texture":"#2"}},"rotation":{"origin":[5.0,17.5,5.7071066],"angle":45.0,"axis":"y"}},{"from":[2.7654998,6.1192384,7.0438437],"to":[3.4595,6.8203454,7.744951],"faces":{"east":{"uv":[10.5,12.875,10.625,13.0],"tintindex":-2,"rotation":180,"texture":"#2"},"south":{"uv":[10.25,12.875,10.375,13.0],"tintindex":-2,"rotation":180,"texture":"#2"},"north":{"uv":[10.75,12.875,10.875,13.0],"tintindex":-2,"rotation":180,"texture":"#2"},"west":{"uv":[11.0,12.875,11.125,13.0],"tintindex":-2,"rotation":180,"texture":"#2"},"up":{"uv":[13.0,12.0,12.875,12.125],"tintindex":-2,"rotation":0,"texture":"#2"},"down":{"uv":[11.375,13.0,11.25,12.875],"tintindex":-2,"rotation":0,"texture":"#2"}}},{"from":[6.995,9.995,10.195],"to":[9.005,14.005,11.205],"faces":{"east":{"uv":[8.375,10.75,8.5,11.25],"tintindex":-2,"rotation":0,"texture":"#2"},"south":{"uv":[2.25,9.375,2.5,9.875],"tintindex":-2,"rotation":0,"texture":"#2"},"north":{"uv":[1.375,9.375,1.625,9.875],"tintindex":-2,"rotation":0,"texture":"#2"},"west":{"uv":[9.5,10.75,9.625,11.25],"tintindex":-2,"rotation":0,"texture":"#2"},"up":{"uv":[12.375,2.875,12.125,2.75],"tintindex":-2,"rotation":0,"texture":"#2"},"down":{"uv":[12.375,3.0,12.125,3.125],"tintindex":-2,"rotation":0,"texture":"#2"}}},{"from":[7.768718,7.0544996,5.5535],"to":[8.2622175,7.5480003,5.6865],"faces":{"east":{"uv":[9.875,12.5,10.0,12.625],"tintindex":-2,"rotation":0,"texture":"#2"},"south":{"uv":[11.75,12.5,11.875,12.625],"tintindex":-2,"rotation":0,"texture":"#2"},"north":{"uv":[8.75,12.5,8.875,12.625],"tintindex":-2,"rotation":0,"texture":"#2"},"west":{"uv":[12.0,12.5,12.125,12.625],"tintindex":-2,"rotation":0,"texture":"#2"},"up":{"uv":[0.125,12.75,0.0,12.625],"tintindex":-2,"rotation":0,"texture":"#2"},"down":{"uv":[0.375,12.625,0.25,12.75],"tintindex":-2,"rotation":0,"texture":"#2"}},"rotation":{"origin":[7.9892178,7.2749996,5.3575],"angle":-45.0,"axis":"z"}},{"from":[3.625,-2.15,5.825],"to":[7.925,-0.85,10.125],"faces":{"east":{"uv":[6.25,10.375,6.75,10.5],"tintindex":-2,"rotation":0,"texture":"#2"},"south":{"uv":[10.375,6.25,10.875,6.375],"tintindex":-2,"rotation":0,"texture":"#2"},"north":{"uv":[10.375,5.5,10.875,5.625],"tintindex":-2,"rotation":0,"texture":"#2"},"west":{"uv":[10.375,6.5,10.875,6.625],"tintindex":-2,"rotation":0,"texture":"#2"},"up":{"uv":[3.0,7.75,2.5,7.25],"tintindex":-2,"rotation":0,"texture":"#2"},"down":{"uv":[3.625,7.25,3.125,7.75],"tintindex":-2,"rotation":0,"texture":"#2"}}},{"from":[3.8249998,-7.0,6.0],"to":[7.925,-6.0,10.025],"faces":{"east":{"uv":[10.375,0.0,10.875,0.125],"tintindex":-2,"rotation":0,"texture":"#2"},"south":{"uv":[0.25,10.375,0.75,10.5],"tintindex":-2,"rotation":0,"texture":"#2"},"north":{"uv":[10.25,9.125,10.75,9.25],"tintindex":-2,"rotation":0,"texture":"#2"},"west":{"uv":[10.375,0.625,10.875,0.75],"tintindex":-2,"rotation":0,"texture":"#2"},"up":{"uv":[0.5,7.75,0.0,7.25],"tintindex":-2,"rotation":0,"texture":"#2"},"down":{"uv":[7.75,0.625,7.25,1.125],"tintindex":-2,"rotation":0,"texture":"#2"}}},{"from":[2.7625003,13.5236225,-2.0492702],"to":[3.4625,14.223623,-0.34927025],"faces":{"east":{"uv":[12.25,9.625,12.5,9.75],"tintindex":-2,"rotation":0,"texture":"#2"},"south":{"uv":[13.0,3.75,13.125,3.875],"tintindex":-2,"rotation":0,"texture":"#2"},"north":{"uv":[13.0,3.5,13.125,3.625],"tintindex":-2,"rotation":0,"texture":"#2"},"west":{"uv":[9.875,12.25,10.125,12.375],"tintindex":-2,"rotation":0,"texture":"#2"},"up":{"uv":[10.375,12.5,10.25,12.25],"tintindex":-2,"rotation":0,"texture":"#2"},"down":{"uv":[10.625,12.25,10.5,12.5],"tintindex":-2,"rotation":0,"texture":"#2"}},"rotation":{"origin":[3.1125002,13.873623,-1.1992702],"angle":22.5,"axis":"x"}},{"from":[8.4,-6.0,6.0],"to":[11.9,-2.0,10.0],"faces":{"east":{"uv":[2.5,7.875,3.0,8.375],"tintindex":-2,"rotation":0,"texture":"#2"},"south":{"uv":[3.125,7.875,3.625,8.375],"tintindex":-2,"rotation":0,"texture":"#2"},"north":{"uv":[1.875,7.875,2.375,8.375],"tintindex":-2,"rotation":0,"texture":"#2"},"west":{"uv":[7.875,4.375,8.375,4.875],"tintindex":-2,"rotation":0,"texture":"#2"},"up":{"uv":[8.375,5.5,7.875,5.0],"tintindex":-2,"rotation":0,"texture":"#2"},"down":{"uv":[1.125,8.0,0.625,8.5],"tintindex":-2,"rotation":0,"texture":"#2"}}},{"from":[0.36862898,6.250862,4.75],"to":[1.368629,7.250862,5.75],"faces":{"east":{"uv":[12.75,3.0,12.875,3.125],"tintindex":-2,"rotation":0,"texture":"#2"},"south":{"uv":[3.25,12.75,3.375,12.875],"tintindex":-2,"rotation":0,"texture":"#2"},"north":{"uv":[12.75,2.75,12.875,2.875],"tintindex":-2,"rotation":0,"texture":"#2"},"west":{"uv":[12.75,3.5,12.875,3.625],"tintindex":-2,"rotation":0,"texture":"#2"},"up":{"uv":[12.875,3.875,12.75,3.75],"tintindex":-2,"rotation":0,"texture":"#2"},"down":{"uv":[4.125,12.75,4.0,12.875],"tintindex":-2,"rotation":0,"texture":"#2"}},"rotation":{"origin":[2.176777,9.723223,5.525],"angle":22.5,"axis":"x"}},{"from":[2.6165001,7.1910815,5.217636],"to":[3.6085002,9.183083,7.2096357],"faces":{"east":{"uv":[8.625,11.125,8.875,11.375],"tintindex":-2,"rotation":90,"texture":"#2"},"south":{"uv":[2.25,12.25,2.125,12.5],"tintindex":-2,"rotation":0,"texture":"#2"},"north":{"uv":[2.0,12.5,1.875,12.25],"tintindex":-2,"rotation":180,"texture":"#2"},"west":{"uv":[9.0,11.125,9.25,11.375],"tintindex":-2,"rotation":270,"texture":"#2"},"up":{"uv":[1.25,12.25,1.375,12.5],"tintindex":-2,"rotation":0,"texture":"#2"},"down":{"uv":[1.0,12.25,1.125,12.5],"tintindex":-2,"rotation":180,"texture":"#2"}}},{"from":[5.0,16.0,10.0],"to":[11.0,20.0,11.0],"faces":{"east":{"uv":[5.875,10.75,6.0,11.25],"tintindex":-2,"rotation":0,"texture":"#2"},"south":{"uv":[0.875,5.375,1.625,5.875],"tintindex":-2,"rotation":0,"texture":"#2"},"north":{"uv":[0.0,5.25,0.75,5.75],"tintindex":-2,"rotation":0,"texture":"#2"},"west":{"uv":[10.75,8.125,10.875,8.625],"tintindex":-2,"rotation":0,"texture":"#2"},"up":{"uv":[10.5,7.875,9.75,7.75],"tintindex":-2,"rotation":0,"texture":"#2"},"down":{"uv":[10.5,8.0,9.75,8.125],"tintindex":-2,"rotation":0,"texture":"#2"}}},{"from":[4.5,11.0,6.0],"to":[5.5,12.0,10.0],"faces":{"east":{"uv":[0.25,10.625,0.75,10.75],"tintindex":-2,"rotation":0,"texture":"#2"},"south":{"uv":[12.625,6.625,12.75,6.75],"tintindex":-2,"rotation":0,"texture":"#2"},"north":{"uv":[12.625,6.375,12.75,6.5],"tintindex":-2,"rotation":0,"texture":"#2"},"west":{"uv":[10.625,0.25,11.125,0.375],"tintindex":-2,"rotation":0,"texture":"#2"},"up":{"uv":[1.75,11.125,1.625,10.625],"tintindex":-2,"rotation":0,"texture":"#2"},"down":{"uv":[2.0,10.625,1.875,11.125],"tintindex":-2,"rotation":0,"texture":"#2"}}},{"from":[10.5,9.0,6.0],"to":[11.5,11.0,10.0],"faces":{"east":{"uv":[2.375,9.0,2.875,9.25],"tintindex":-2,"rotation":0,"texture":"#2"},"south":{"uv":[6.0,8.75,6.125,9.0],"tintindex":-2,"rotation":0,"texture":"#2"},"north":{"uv":[2.875,4.5,3.0,4.75],"tintindex":-2,"rotation":0,"texture":"#2"},"west":{"uv":[9.0,2.5,9.5,2.75],"tintindex":-2,"rotation":0,"texture":"#2"},"up":{"uv":[1.0,10.875,0.875,10.375],"tintindex":-2,"rotation":0,"texture":"#2"},"down":{"uv":[1.25,10.375,1.125,10.875],"tintindex":-2,"rotation":0,"texture":"#2"}}},{"from":[8.1449995,-7.005,2.995],"to":[12.155,-4.995,10.005],"faces":{"east":{"uv":[8.5,1.0,9.375,1.25],"tintindex":-2,"rotation":0,"texture":"#2"},"south":{"uv":[2.625,9.375,3.125,9.625],"tintindex":-2,"rotation":0,"texture":"#2"},"north":{"uv":[9.25,8.75,9.75,9.0],"tintindex":-2,"rotation":0,"texture":"#2"},"west":{"uv":[8.5,1.375,9.375,1.625],"tintindex":-2,"rotation":0,"texture":"#2"},"up":{"uv":[4.0,5.75,3.5,4.875],"tintindex":-2,"rotation":0,"texture":"#2"},"down":{"uv":[4.625,4.875,4.125,5.75],"tintindex":-2,"rotation":0,"texture":"#2"}}},{"from":[11.0,24.5,3.65],"to":[12.0,25.5,4.65],"faces":{"east":{"uv":[12.625,8.875,12.75,9.0],"tintindex":-2,"rotation":0,"texture":"#2"},"south":{"uv":[9.0,12.625,9.125,12.75],"tintindex":-2,"rotation":0,"texture":"#2"},"north":{"uv":[12.625,8.625,12.75,8.75],"tintindex":-2,"rotation":0,"texture":"#2"},"west":{"uv":[9.25,12.625,9.375,12.75],"tintindex":-2,"rotation":0,"texture":"#2"},"up":{"uv":[9.625,12.75,9.5,12.625],"tintindex":-2,"rotation":0,"texture":"#2"},"down":{"uv":[12.75,9.5,12.625,9.625],"tintindex":-2,"rotation":0,"texture":"#2"}},"rotation":{"origin":[8.0,20.5625,8.075],"angle":-22.5,"axis":"x"}},{"from":[3.407,24.507,3.657],"to":[4.393,26.493,6.643],"faces":{"east":{"uv":[2.625,9.75,3.0,10.0],"tintindex":-2,"rotation":0,"texture":"#2"},"south":{"uv":[10.125,11.875,10.25,12.125],"tintindex":-2,"rotation":0,"texture":"#2"},"north":{"uv":[11.875,9.25,12.0,9.5],"tintindex":-2,"rotation":0,"texture":"#2"},"west":{"uv":[9.75,3.125,10.125,3.375],"tintindex":-2,"rotation":0,"texture":"#2"},"up":{"uv":[1.75,12.0,1.625,11.625],"tintindex":-2,"rotation":0,"texture":"#2"},"down":{"uv":[2.875,11.625,2.75,12.0],"tintindex":-2,"rotation":0,"texture":"#2"}},"rotation":{"origin":[8.0,20.5625,8.075],"angle":-22.5,"axis":"x"}},{"from":[13.5,11.5,6.5],"to":[16.5,13.5,9.5],"faces":{"east":{"uv":[15.0125,0.975,15.9875,0.0],"tintindex":-2,"rotation":90,"texture":"#0"},"south":{"uv":[15.0125,0.975,15.9875,0.0],"tintindex":-2,"rotation":90,"texture":"#0"},"north":{"uv":[15.0125,0.975,15.9875,0.0],"tintindex":-2,"rotation":90,"texture":"#0"},"west":{"uv":[15.0125,0.975,15.9875,0.0],"tintindex":-2,"rotation":90,"texture":"#0"},"up":{"uv":[15.0125,0.975,15.9875,0.0],"tintindex":-2,"rotation":90,"texture":"#0"},"down":{"uv":[15.0125,0.975,15.9875,0.0],"tintindex":-2,"rotation":90,"texture":"#0"}}},{"from":[5.0,15.229403,5.153281],"to":[7.0,16.229403,6.153281],"faces":{"east":{"uv":[13.0,10.125,13.125,10.25],"tintindex":-2,"rotation":0,"texture":"#2"},"south":{"uv":[9.25,12.375,9.5,12.5],"tintindex":-2,"rotation":0,"texture":"#2"},"north":{"uv":[12.375,8.125,12.625,8.25],"tintindex":-2,"rotation":0,"texture":"#2"},"west":{"uv":[13.0,10.375,13.125,10.5],"tintindex":-2,"rotation":0,"texture":"#2"},"up":{"uv":[12.625,9.375,12.375,9.25],"tintindex":-2,"rotation":0,"texture":"#2"},"down":{"uv":[12.625,9.875,12.375,10.0],"tintindex":-2,"rotation":0,"texture":"#2"}},"rotation":{"origin":[6.0,15.729403,5.653281],"angle":-22.5,"axis":"x"}},{"from":[3.8449998,-7.005,2.995],"to":[7.855,-4.995,10.005],"faces":{"east":{"uv":[8.375,3.75,9.25,4.0],"tintindex":-2,"rotation":0,"texture":"#2"},"south":{"uv":[9.125,2.125,9.625,2.375],"tintindex":-2,"rotation":0,"texture":"#2"},"north":{"uv":[9.125,1.75,9.625,2.0],"tintindex":-2,"rotation":0,"texture":"#2"},"west":{"uv":[8.5,0.625,9.375,0.875],"tintindex":-2,"rotation":0,"texture":"#2"},"up":{"uv":[5.25,2.25,4.75,1.375],"tintindex":-2,"rotation":0,"texture":"#2"},"down":{"uv":[3.375,4.875,2.875,5.75],"tintindex":-2,"rotation":0,"texture":"#2"}}},{"from":[2.9280002,-5.2111497,16.81584],"to":[3.2970002,-4.719417,17.307571],"faces":{"east":{"uv":[7.625,13.0,7.75,13.125],"tintindex":-2,"rotation":180,"texture":"#2"},"south":{"uv":[7.125,13.0,7.25,13.125],"tintindex":-2,"rotation":180,"texture":"#2"},"north":{"uv":[13.0,7.625,13.125,7.75],"tintindex":-2,"rotation":180,"texture":"#2"},"west":{"uv":[7.875,13.0,8.0,13.125],"tintindex":-2,"rotation":180,"texture":"#2"},"up":{"uv":[8.25,13.0,8.125,13.125],"tintindex":-2,"rotation":0,"texture":"#2"},"down":{"uv":[13.125,8.0,13.0,7.875],"tintindex":-2,"rotation":0,"texture":"#2"}}},{"from":[3.995,23.495,3.645],"to":[7.005,24.505,4.655],"faces":{"east":{"uv":[3.0,12.875,3.125,13.0],"tintindex":-2,"rotation":0,"texture":"#2"},"south":{"uv":[11.75,3.625,12.125,3.75],"tintindex":-2,"rotation":0,"texture":"#2"},"north":{"uv":[10.25,11.625,10.625,11.75],"tintindex":-2,"rotation":0,"texture":"#2"},"west":{"uv":[12.875,3.25,13.0,3.375],"tintindex":-2,"rotation":0,"texture":"#2"},"up":{"uv":[4.375,11.875,4.0,11.75],"tintindex":-2,"rotation":0,"texture":"#2"},"down":{"uv":[12.125,4.625,11.75,4.75],"tintindex":-2,"rotation":0,"texture":"#2"}},"rotation":{"origin":[8.0,20.5625,8.075],"angle":-22.5,"axis":"x"}},{"from":[7.768718,8.9545,5.5535],"to":[8.2622175,9.448,5.6865],"faces":{"east":{"uv":[7.0,12.5,7.125,12.625],"tintindex":-2,"rotation":0,"texture":"#2"},"south":{"uv":[7.25,12.5,7.375,12.625],"tintindex":-2,"rotation":0,"texture":"#2"},"north":{"uv":[6.75,12.5,6.875,12.625],"tintindex":-2,"rotation":0,"texture":"#2"},"west":{"uv":[7.875,12.5,8.0,12.625],"tintindex":-2,"rotation":0,"texture":"#2"},"up":{"uv":[12.625,8.5,12.5,8.375],"tintindex":-2,"rotation":0,"texture":"#2"},"down":{"uv":[8.625,12.5,8.5,12.625],"tintindex":-2,"rotation":0,"texture":"#2"}},"rotation":{"origin":[7.9892178,9.174999,5.3575],"angle":-45.0,"axis":"z"}},{"from":[2.7624998,5.4394617,5.5069604],"to":[3.4625,6.4394617,7.5069604],"faces":{"east":{"uv":[12.125,8.375,12.375,8.5],"tintindex":-2,"rotation":180,"texture":"#2"},"south":{"uv":[12.875,7.125,13.0,7.25],"tintindex":-2,"rotation":180,"texture":"#2"},"north":{"uv":[7.375,12.875,7.5,13.0],"tintindex":-2,"rotation":180,"texture":"#2"},"west":{"uv":[12.25,0.25,12.5,0.375],"tintindex":-2,"rotation":180,"texture":"#2"},"up":{"uv":[12.375,4.0,12.25,4.25],"tintindex":-2,"rotation":0,"texture":"#2"},"down":{"uv":[4.0,12.5,3.875,12.25],"tintindex":-2,"rotation":0,"texture":"#2"}},"rotation":{"origin":[3.1125002,5.9394617,6.1569605],"angle":45.0,"axis":"x"}},{"from":[4.69375,13.68125,9.85],"to":[6.69375,14.13125,10.0],"faces":{"east":{"uv":[15.0125,0.975,15.9875,0.0],"tintindex":-2,"rotation":90,"texture":"#0"},"south":{"uv":[15.0125,0.975,15.9875,0.0],"tintindex":-2,"rotation":90,"texture":"#0"},"north":{"uv":[15.0125,0.975,15.9875,0.0],"tintindex":-2,"rotation":90,"texture":"#0"},"west":{"uv":[15.0125,0.975,15.9875,0.0],"tintindex":-2,"rotation":90,"texture":"#0"},"up":{"uv":[15.0125,0.975,15.9875,0.0],"tintindex":-2,"rotation":90,"texture":"#0"},"down":{"uv":[15.0125,0.975,15.9875,0.0],"tintindex":-2,"rotation":90,"texture":"#0"}}},{"from":[5.0,16.0,5.0],"to":[7.0,20.0,6.0],"faces":{"east":{"uv":[0.25,11.375,0.375,11.875],"tintindex":-2,"rotation":0,"texture":"#2"},"south":{"uv":[8.375,9.375,8.625,9.875],"tintindex":-2,"rotation":0,"texture":"#2"},"north":{"uv":[9.375,8.0,9.625,8.5],"tintindex":-2,"rotation":0,"texture":"#2"},"west":{"uv":[0.875,11.375,1.0,11.875],"tintindex":-2,"rotation":0,"texture":"#2"},"up":{"uv":[1.75,12.5,1.5,12.375],"tintindex":-2,"rotation":0,"texture":"#2"},"down":{"uv":[2.875,12.375,2.625,12.5],"tintindex":-2,"rotation":0,"texture":"#2"}}},{"from":[3.9,7.6625,5.6],"to":[12.1,8.8625,10.3],"faces":{"east":{"uv":[10.0,9.375,10.625,9.5],"tintindex":-2,"rotation":0,"texture":"#2"},"south":{"uv":[9.0,5.125,10.0,5.25],"tintindex":-2,"rotation":0,"texture":"#2"},"north":{"uv":[9.0,2.875,10.0,3.0],"tintindex":-2,"rotation":0,"texture":"#2"},"west":{"uv":[10.0,9.625,10.625,9.75],"tintindex":-2,"rotation":0,"texture":"#2"},"up":{"uv":[1.0,5.125,0.0,4.5],"tintindex":-2,"rotation":0,"texture":"#2"},"down":{"uv":[5.5,0.0,4.5,0.625],"tintindex":-2,"rotation":0,"texture":"#2"}}},{"from":[13.0,13.5,6.0],"to":[14.0,14.5,10.0],"faces":{"east":{"uv":[10.875,4.125,11.375,4.25],"tintindex":-2,"rotation":0,"texture":"#2"},"south":{"uv":[0.0,12.875,0.125,13.0],"tintindex":-2,"rotation":0,"texture":"#2"},"north":{"uv":[12.75,12.625,12.875,12.75],"tintindex":-2,"rotation":0,"texture":"#2"},"west":{"uv":[4.625,10.875,5.125,11.0],"tintindex":-2,"rotation":0,"texture":"#2"},"up":{"uv":[9.875,11.25,9.75,10.75],"tintindex":-2,"rotation":0,"texture":"#2"},"down":{"uv":[0.75,10.875,0.625,11.375],"tintindex":-2,"rotation":0,"texture":"#2"}}},{"from":[3.85,3.0,6.0],"to":[7.85,8.0,10.0],"faces":{"east":{"uv":[5.375,5.375,5.875,6.0],"tintindex":-2,"rotation":0,"texture":"#2"},"south":{"uv":[5.625,0.0,6.125,0.625],"tintindex":-2,"rotation":0,"texture":"#2"},"north":{"uv":[4.75,5.375,5.25,6.0],"tintindex":-2,"rotation":0,"texture":"#2"},"west":{"uv":[0.0,5.875,0.5,6.5],"tintindex":-2,"rotation":0,"texture":"#2"},"up":{"uv":[5.375,6.625,4.875,6.125],"tintindex":-2,"rotation":0,"texture":"#2"},"down":{"uv":[6.75,0.0,6.25,0.5],"tintindex":-2,"rotation":0,"texture":"#2"}}},{"from":[7.0,15.229403,5.653281],"to":[9.0,16.229403,6.653281],"faces":{"east":{"uv":[13.0,11.125,13.125,11.25],"tintindex":-2,"rotation":0,"texture":"#2"},"south":{"uv":[12.375,11.375,12.625,11.5],"tintindex":-2,"rotation":0,"texture":"#2"},"north":{"uv":[12.375,11.125,12.625,11.25],"tintindex":-2,"rotation":0,"texture":"#2"},"west":{"uv":[13.0,11.375,13.125,11.5],"tintindex":-2,"rotation":0,"texture":"#2"},"up":{"uv":[12.625,11.75,12.375,11.625],"tintindex":-2,"rotation":0,"texture":"#2"},"down":{"uv":[12.625,11.875,12.375,12.0],"tintindex":-2,"rotation":0,"texture":"#2"}},"rotation":{"origin":[8.0,15.729403,6.153281],"angle":-22.5,"axis":"x"}},{"from":[4.0,7.9375005,6.15],"to":[7.7,8.637501,9.85],"faces":{"east":{"uv":[10.875,10.625,11.375,10.75],"tintindex":-2,"rotation":0,"texture":"#2"},"south":{"uv":[10.875,10.875,11.375,11.0],"tintindex":-2,"rotation":0,"texture":"#2"},"north":{"uv":[10.875,10.375,11.375,10.5],"tintindex":-2,"rotation":0,"texture":"#2"},"west":{"uv":[11.0,0.0,11.5,0.125],"tintindex":-2,"rotation":0,"texture":"#2"},"up":{"uv":[6.125,8.0,5.625,7.5],"tintindex":-2,"rotation":0,"texture":"#2"},"down":{"uv":[8.0,7.125,7.5,7.625],"tintindex":-2,"rotation":0,"texture":"#2"}}},{"from":[8.299999,7.9375005,6.15],"to":[12.0,8.637501,9.85],"faces":{"east":{"uv":[11.0,0.75,11.5,0.875],"tintindex":-2,"rotation":0,"texture":"#2"},"south":{"uv":[11.0,1.0,11.5,1.125],"tintindex":-2,"rotation":0,"texture":"#2"},"north":{"uv":[11.0,0.5,11.5,0.625],"tintindex":-2,"rotation":0,"texture":"#2"},"west":{"uv":[11.0,1.25,11.5,1.375],"tintindex":-2,"rotation":0,"texture":"#2"},"up":{"uv":[8.25,3.0,7.75,2.5],"tintindex":-2,"rotation":0,"texture":"#2"},"down":{"uv":[8.25,3.75,7.75,4.25],"tintindex":-2,"rotation":0,"texture":"#2"}}},{"from":[-1.1,17.4,5.9],"to":[3.1,19.6,10.1],"faces":{"east":{"uv":[8.75,9.375,9.25,9.625],"tintindex":-2,"rotation":0,"texture":"#2"},"south":{"uv":[9.375,9.375,9.875,9.625],"tintindex":-2,"rotation":0,"texture":"#2"},"north":{"uv":[9.375,3.75,9.875,4.0],"tintindex":-2,"rotation":0,"texture":"#2"},"west":{"uv":[9.5,0.625,10.0,0.875],"tintindex":-2,"rotation":0,"texture":"#2"},"up":{"uv":[4.25,8.5,3.75,8.0],"tintindex":-2,"rotation":0,"texture":"#2"},"down":{"uv":[4.875,8.0,4.375,8.5],"tintindex":-2,"rotation":0,"texture":"#2"}},"rotation":{"origin":[1.0,18.5,8.0],"angle":-22.5,"axis":"z"}},{"from":[-1.0,4.75,4.75],"to":[3.0,8.75,8.75],"faces":{"east":{"uv":[6.625,5.375,7.125,4.875],"tintindex":-2,"rotation":270,"texture":"#2"},"south":{"uv":[6.625,5.5,7.125,6.0],"tintindex":-2,"rotation":0,"texture":"#2"},"north":{"uv":[6.625,0.625,7.125,1.125],"tintindex":-2,"rotation":0,"texture":"#2"},"west":{"uv":[2.5,6.625,3.0,7.125],"tintindex":-2,"rotation":0,"texture":"#2"},"up":{"uv":[3.625,7.125,3.125,6.625],"tintindex":-2,"rotation":0,"texture":"#2"},"down":{"uv":[7.125,4.875,6.625,5.375],"tintindex":-2,"rotation":0,"texture":"#2"}},"rotation":{"origin":[2.176777,9.723223,5.525],"angle":22.5,"axis":"x"}},{"from":[2.6125002,9.218784,4.2016306],"to":[3.6125002,10.218784,6.2016306],"faces":{"east":{"uv":[12.375,6.25,12.5,6.5],"tintindex":-2,"rotation":90,"texture":"#2"},"south":{"uv":[7.0,13.0,6.875,13.125],"tintindex":-2,"rotation":0,"texture":"#2"},"north":{"uv":[6.75,13.125,6.625,13.0],"tintindex":-2,"rotation":180,"texture":"#2"},"west":{"uv":[12.375,7.25,12.5,7.5],"tintindex":-2,"rotation":270,"texture":"#2"},"up":{"uv":[12.375,6.625,12.5,6.875],"tintindex":-2,"rotation":0,"texture":"#2"},"down":{"uv":[12.375,5.875,12.5,6.125],"tintindex":-2,"rotation":180,"texture":"#2"}},"rotation":{"origin":[3.1125002,9.718784,5.2016306],"angle":-22.5,"axis":"x"}},{"from":[3.7875001,-5.0125,5.9249997],"to":[7.8875003,-3.9124997,10.025001],"faces":{"east":{"uv":[7.25,11.5,7.75,11.625],"tintindex":-2,"rotation":0,"texture":"#2"},"south":{"uv":[11.5,7.375,12.0,7.5],"tintindex":-2,"rotation":0,"texture":"#2"},"north":{"uv":[11.5,6.0,12.0,6.125],"tintindex":-2,"rotation":0,"texture":"#2"},"west":{"uv":[11.5,7.625,12.0,7.75],"tintindex":-2,"rotation":0,"texture":"#2"},"up":{"uv":[8.5,6.75,8.0,6.25],"tintindex":-2,"rotation":0,"texture":"#2"},"down":{"uv":[7.375,8.0,6.875,8.5],"tintindex":-2,"rotation":0,"texture":"#2"}}},{"from":[4.35,1.0,6.5],"to":[7.35,3.0,9.5],"faces":{"east":{"uv":[15.0125,0.975,15.9875,0.0],"tintindex":-2,"rotation":90,"texture":"#0"},"south":{"uv":[15.0125,0.975,15.9875,0.0],"tintindex":-2,"rotation":90,"texture":"#0"},"north":{"uv":[15.0125,0.975,15.9875,0.0],"tintindex":-2,"rotation":90,"texture":"#0"},"west":{"uv":[15.0125,0.975,15.9875,0.0],"tintindex":-2,"rotation":90,"texture":"#0"},"up":{"uv":[15.0125,0.975,15.9875,0.0],"tintindex":-2,"rotation":90,"texture":"#0"},"down":{"uv":[15.0125,0.975,15.9875,0.0],"tintindex":-2,"rotation":90,"texture":"#0"}}},{"from":[2.94,14.94,5.94],"to":[13.06,20.06,10.06],"faces":{"east":{"uv":[5.375,1.375,5.875,2.0],"tintindex":-2,"rotation":0,"texture":"#2"},"south":{"uv":[3.375,1.875,4.625,2.5],"tintindex":-2,"rotation":0,"texture":"#2"},"north":{"uv":[3.375,1.125,4.625,1.75],"tintindex":-2,"rotation":0,"texture":"#2"},"west":{"uv":[1.75,5.375,2.25,6.0],"tintindex":-2,"rotation":0,"texture":"#2"},"up":{"uv":[4.375,4.75,3.125,4.25],"tintindex":-2,"rotation":0,"texture":"#2"},"down":{"uv":[5.5,3.125,4.25,3.625],"tintindex":-2,"rotation":0,"texture":"#2"}}},{"from":[3.94375,14.43125,6.0],"to":[6.69375,14.88125,6.15],"faces":{"east":{"uv":[15.0125,0.975,15.9875,0.0],"tintindex":-2,"rotation":90,"texture":"#0"},"south":{"uv":[15.0125,0.975,15.9875,0.0],"tintindex":-2,"rotation":90,"texture":"#0"},"north":{"uv":[15.0125,0.975,15.9875,0.0],"tintindex":-2,"rotation":90,"texture":"#0"},"west":{"uv":[15.0125,0.975,15.9875,0.0],"tintindex":-2,"rotation":90,"texture":"#0"},"up":{"uv":[15.0125,0.975,15.9875,0.0],"tintindex":-2,"rotation":90,"texture":"#0"},"down":{"uv":[15.0125,0.975,15.9875,0.0],"tintindex":-2,"rotation":90,"texture":"#0"}}},{"from":[5.032,11.007,6.057],"to":[10.968,12.193001,9.943],"faces":{"east":{"uv":[15.0125,0.975,15.9875,0.0],"tintindex":-2,"rotation":90,"texture":"#0"},"south":{"uv":[15.0125,0.975,15.9875,0.0],"tintindex":-2,"rotation":90,"texture":"#0"},"north":{"uv":[15.0125,0.975,15.9875,0.0],"tintindex":-2,"rotation":90,"texture":"#0"},"west":{"uv":[15.0125,0.975,15.9875,0.0],"tintindex":-2,"rotation":90,"texture":"#0"},"up":{"uv":[15.0125,0.975,15.9875,0.0],"tintindex":-2,"rotation":90,"texture":"#0"},"down":{"uv":[15.0125,0.975,15.9875,0.0],"tintindex":-2,"rotation":90,"texture":"#0"}}},{"from":[-0.49686432,17.752096,6.005],"to":[0.5031357,19.002096,9.995],"faces":{"east":{"uv":[10.125,1.875,10.625,2.0],"tintindex":-2,"rotation":0,"texture":"#2"},"south":{"uv":[7.125,3.125,7.25,3.25],"tintindex":-2,"rotation":0,"texture":"#2"},"north":{"uv":[6.875,2.5,7.0,2.625],"tintindex":-2,"rotation":0,"texture":"#2"},"west":{"uv":[2.5,10.125,3.0,10.25],"tintindex":-2,"rotation":0,"texture":"#2"},"up":{"uv":[9.625,10.625,9.5,10.125],"tintindex":-2,"rotation":0,"texture":"#2"},"down":{"uv":[9.875,10.125,9.75,10.625],"tintindex":-2,"rotation":0,"texture":"#2"}},"rotation":{"origin":[1.0031357,19.002096,8.0],"angle":-22.5,"axis":"z"}},{"from":[5.05,19.675,5.05],"to":[10.95,20.575,10.95],"faces":{"east":{"uv":[9.75,4.75,10.5,4.875],"tintindex":-2,"rotation":0,"texture":"#2"},"south":{"uv":[9.75,6.75,10.5,6.875],"tintindex":-2,"rotation":0,"texture":"#2"},"north":{"uv":[9.75,4.5,10.5,4.625],"tintindex":-2,"rotation":0,"texture":"#2"},"west":{"uv":[9.75,7.0,10.5,7.125],"tintindex":-2,"rotation":0,"texture":"#2"},"up":{"uv":[1.875,5.25,1.125,4.5],"tintindex":-2,"rotation":0,"texture":"#2"},"down":{"uv":[2.75,4.5,2.0,5.25],"tintindex":-2,"rotation":0,"texture":"#2"}},"rotation":{"origin":[8.0,20.5625,8.075],"angle":-22.5,"axis":"x"}},{"from":[4.7,21.725,4.0447903],"to":[11.275,27.95,5.56979],"faces":{"east":{"uv":[15.0125,0.975,15.9875,0.0],"tintindex":-2,"rotation":90,"texture":"#0"},"south":{"uv":[15.0125,0.975,15.9875,0.0],"tintindex":-2,"rotation":90,"texture":"#0"},"north":{"uv":[15.0125,0.975,15.9875,0.0],"tintindex":-2,"rotation":90,"texture":"#0"},"west":{"uv":[15.0125,0.975,15.9875,0.0],"tintindex":-2,"rotation":90,"texture":"#0"},"up":{"uv":[15.0125,0.975,15.9875,0.0],"tintindex":-2,"rotation":90,"texture":"#0"},"down":{"uv":[15.0125,0.975,15.9875,0.0],"tintindex":-2,"rotation":90,"texture":"#0"}},"rotation":{"origin":[8.0,20.5625,8.075],"angle":-22.5,"axis":"x"}},{"from":[2.4125001,6.0476103,3.6488125],"to":[3.8125002,8.44761,6.048813],"faces":{"east":{"uv":[4.625,11.125,4.875,11.375],"tintindex":-2,"rotation":270,"texture":"#2"},"south":{"uv":[0.625,12.5,0.5,12.25],"tintindex":-2,"rotation":0,"texture":"#2"},"north":{"uv":[0.875,12.25,0.75,12.5],"tintindex":-2,"rotation":180,"texture":"#2"},"west":{"uv":[6.125,11.125,6.375,11.375],"tintindex":-2,"rotation":90,"texture":"#2"},"up":{"uv":[12.125,11.375,12.25,11.625],"tintindex":-2,"rotation":180,"texture":"#2"},"down":{"uv":[11.75,12.125,11.875,12.375],"tintindex":-2,"rotation":0,"texture":"#2"}}},{"from":[-0.5,11.75,5.25],"to":[2.5,13.75,8.25],"faces":{"east":{"uv":[15.0125,0.975,15.9875,0.0],"tintindex":-2,"rotation":90,"texture":"#0"},"south":{"uv":[15.0125,0.975,15.9875,0.0],"tintindex":-2,"rotation":90,"texture":"#0"},"north":{"uv":[15.0125,0.975,15.9875,0.0],"tintindex":-2,"rotation":90,"texture":"#0"},"west":{"uv":[15.0125,0.975,15.9875,0.0],"tintindex":-2,"rotation":90,"texture":"#0"},"up":{"uv":[15.0125,0.975,15.9875,0.0],"tintindex":-2,"rotation":90,"texture":"#0"},"down":{"uv":[15.0125,0.975,15.9875,0.0],"tintindex":-2,"rotation":90,"texture":"#0"}},"rotation":{"origin":[2.176777,9.723223,5.525],"angle":22.5,"axis":"x"}},{"from":[4.0,0.0,6.025],"to":[7.7,2.0,10.025],"faces":{"east":{"uv":[4.75,8.75,5.25,9.0],"tintindex":-2,"rotation":0,"texture":"#2"},"south":{"uv":[5.375,8.75,5.875,9.0],"tintindex":-2,"rotation":0,"texture":"#2"},"north":{"uv":[8.625,6.5,9.125,6.75],"tintindex":-2,"rotation":0,"texture":"#2"},"west":{"uv":[8.75,6.875,9.25,7.125],"tintindex":-2,"rotation":0,"texture":"#2"},"up":{"uv":[7.625,3.0,7.125,2.5],"tintindex":-2,"rotation":0,"texture":"#2"},"down":{"uv":[7.625,4.0,7.125,4.5],"tintindex":-2,"rotation":0,"texture":"#2"}}},{"from":[2.4625,12.087828,-1.7914041],"to":[3.7625003,13.887827,0.00859537],"faces":{"east":{"uv":[1.625,11.25,1.875,11.5],"tintindex":-2,"rotation":270,"texture":"#2"},"south":{"uv":[6.75,11.5,6.5,11.25],"tintindex":-2,"rotation":0,"texture":"#2"},"north":{"uv":[7.125,11.25,6.875,11.5],"tintindex":-2,"rotation":180,"texture":"#2"},"west":{"uv":[11.25,4.375,11.5,4.625],"tintindex":-2,"rotation":90,"texture":"#2"},"up":{"uv":[11.125,11.125,11.375,11.375],"tintindex":-2,"rotation":180,"texture":"#2"},"down":{"uv":[2.75,11.25,3.0,11.5],"tintindex":-2,"rotation":0,"texture":"#2"}}},{"from":[2.5525002,12.027522,-0.92609936],"to":[3.6725001,12.897523,0.19390017],"faces":{"east":{"uv":[13.0,1.25,13.125,1.375],"tintindex":-2,"rotation":90,"texture":"#2"},"south":{"uv":[13.125,2.25,13.0,2.375],"tintindex":-2,"rotation":0,"texture":"#2"},"north":{"uv":[13.125,2.125,13.0,2.0],"tintindex":-2,"rotation":180,"texture":"#2"},"west":{"uv":[13.0,1.75,13.125,1.875],"tintindex":-2,"rotation":270,"texture":"#2"},"up":{"uv":[13.0,1.5,13.125,1.625],"tintindex":-2,"rotation":0,"texture":"#2"},"down":{"uv":[13.0,1.0,13.125,1.125],"tintindex":-2,"rotation":180,"texture":"#2"}},"rotation":{"origin":[3.1125002,12.4625225,-0.36609936],"angle":-45.0,"axis":"x"}},{"from":[8.229402,16.0,5.153281],"to":[9.229402,20.0,6.153281],"faces":{"east":{"uv":[11.25,8.0,11.375,8.5],"tintindex":-2,"rotation":0,"texture":"#2"},"south":{"uv":[8.125,11.25,8.25,11.75],"tintindex":-2,"rotation":0,"texture":"#2"},"north":{"uv":[7.875,11.25,8.0,11.75],"tintindex":-2,"rotation":0,"texture":"#2"},"west":{"uv":[0.0,11.375,0.125,11.875],"tintindex":-2,"rotation":0,"texture":"#2"},"up":{"uv":[4.125,13.125,4.0,13.0],"tintindex":-2,"rotation":0,"texture":"#2"},"down":{"uv":[13.125,4.0,13.0,4.125],"tintindex":-2,"rotation":0,"texture":"#2"}},"rotation":{"origin":[8.729402,18.0,5.653281],"angle":22.5,"axis":"y"}},{"from":[9.30625,14.43125,9.85],"to":[11.30625,14.88125,10.0],"faces":{"east":{"uv":[15.0125,0.975,15.9875,0.0],"tintindex":-2,"rotation":90,"texture":"#0"},"south":{"uv":[15.0125,0.975,15.9875,0.0],"tintindex":-2,"rotation":90,"texture":"#0"},"north":{"uv":[15.0125,0.975,15.9875,0.0],"tintindex":-2,"rotation":90,"texture":"#0"},"west":{"uv":[15.0125,0.975,15.9875,0.0],"tintindex":-2,"rotation":90,"texture":"#0"},"up":{"uv":[15.0125,0.975,15.9875,0.0],"tintindex":-2,"rotation":90,"texture":"#0"},"down":{"uv":[15.0125,0.975,15.9875,0.0],"tintindex":-2,"rotation":90,"texture":"#0"}}},{"from":[8.65,-2.0,6.5],"to":[11.65,1.25,9.5],"faces":{"east":{"uv":[15.0125,0.975,15.9875,0.0],"tintindex":-2,"rotation":90,"texture":"#0"},"south":{"uv":[15.0125,0.975,15.9875,0.0],"tintindex":-2,"rotation":90,"texture":"#0"},"north":{"uv":[15.0125,0.975,15.9875,0.0],"tintindex":-2,"rotation":90,"texture":"#0"},"west":{"uv":[15.0125,0.975,15.9875,0.0],"tintindex":-2,"rotation":90,"texture":"#0"},"up":{"uv":[15.0125,0.975,15.9875,0.0],"tintindex":-2,"rotation":90,"texture":"#0"},"down":{"uv":[15.0125,0.975,15.9875,0.0],"tintindex":-2,"rotation":90,"texture":"#0"}}},{"from":[8.5,8.0,6.0],"to":[11.5,9.0,10.0],"faces":{"east":{"uv":[10.375,0.875,10.875,1.0],"tintindex":-2,"rotation":0,"texture":"#2"},"south":{"uv":[11.625,0.0,12.0,0.125],"tintindex":-2,"rotation":0,"texture":"#2"},"north":{"uv":[11.375,11.5,11.75,11.625],"tintindex":-2,"rotation":0,"texture":"#2"},"west":{"uv":[10.375,1.125,10.875,1.25],"tintindex":-2,"rotation":0,"texture":"#2"},"up":{"uv":[0.875,9.125,0.5,8.625],"tintindex":-2,"rotation":0,"texture":"#2"},"down":{"uv":[1.375,8.625,1.0,9.125],"tintindex":-2,"rotation":0,"texture":"#2"}}},{"from":[8.1125,-5.0125,5.9249997],"to":[12.212501,-3.9124997,10.025001],"faces":{"east":{"uv":[11.5,8.125,12.0,8.25],"tintindex":-2,"rotation":0,"texture":"#2"},"south":{"uv":[11.5,8.375,12.0,8.5],"tintindex":-2,"rotation":0,"texture":"#2"},"north":{"uv":[11.5,7.875,12.0,8.0],"tintindex":-2,"rotation":0,"texture":"#2"},"west":{"uv":[8.625,11.5,9.125,11.625],"tintindex":-2,"rotation":0,"texture":"#2"},"up":{"uv":[8.625,0.5,8.125,0.0],"tintindex":-2,"rotation":0,"texture":"#2"},"down":{"uv":[8.625,1.875,8.125,2.375],"tintindex":-2,"rotation":0,"texture":"#2"}}},{"from":[2.7654998,4.3514714,5.276077],"to":[3.4595,5.0525784,5.977184],"faces":{"east":{"uv":[12.625,12.875,12.75,13.0],"tintindex":-2,"rotation":90,"texture":"#2"},"south":{"uv":[13.125,0.75,13.0,0.875],"tintindex":-2,"rotation":0,"texture":"#2"},"north":{"uv":[13.125,0.625,13.0,0.5],"tintindex":-2,"rotation":180,"texture":"#2"},"west":{"uv":[13.0,0.0,13.125,0.125],"tintindex":-2,"rotation":270,"texture":"#2"},"up":{"uv":[12.875,12.875,13.0,13.0],"tintindex":-2,"rotation":0,"texture":"#2"},"down":{"uv":[12.375,12.875,12.5,13.0],"tintindex":-2,"rotation":180,"texture":"#2"}}},{"from":[2.7605002,13.966678,-3.0742548],"to":[3.4645002,14.670678,-1.3702548],"faces":{"east":{"uv":[12.25,7.0,12.5,7.125],"tintindex":-2,"rotation":0,"texture":"#2"},"south":{"uv":[13.0,2.75,13.125,2.875],"tintindex":-2,"rotation":0,"texture":"#2"},"north":{"uv":[13.0,2.5,13.125,2.625],"tintindex":-2,"rotation":0,"texture":"#2"},"west":{"uv":[7.25,12.25,7.5,12.375],"tintindex":-2,"rotation":0,"texture":"#2"},"up":{"uv":[6.375,12.5,6.25,12.25],"tintindex":-2,"rotation":0,"texture":"#2"},"down":{"uv":[7.75,12.25,7.625,12.5],"tintindex":-2,"rotation":0,"texture":"#2"}},"rotation":{"origin":[3.1125002,14.318678,-2.2222548],"angle":45.0,"axis":"x"}},{"from":[12.0,28.5,12.0],"to":[4.0,20.5,4.0],"faces":{"east":{"uv":[2.25,1.125,3.25,2.125],"tintindex":-2,"rotation":0,"texture":"#2"},"south":{"uv":[2.25,2.25,3.25,3.25],"tintindex":-2,"rotation":0,"texture":"#2"},"north":{"uv":[1.125,2.25,2.125,3.25],"tintindex":-2,"rotation":0,"texture":"#2"},"west":{"uv":[0.0,3.375,1.0,4.375],"tintindex":-2,"rotation":0,"texture":"#2"},"up":{"uv":[4.375,1.0,3.375,0.0],"tintindex":-2,"rotation":0,"texture":"#2"},"down":{"uv":[2.125,3.375,1.125,4.375],"tintindex":-2,"rotation":0,"texture":"#2"}},"rotation":{"origin":[8.0,20.5625,8.075],"angle":-22.5,"axis":"x"}},{"from":[3.495,16.995,10.287893],"to":[5.505,20.005,11.297894],"faces":{"east":{"uv":[6.5,11.625,6.625,12.0],"tintindex":-2,"rotation":0,"texture":"#2"},"south":{"uv":[9.75,8.25,10.0,8.625],"tintindex":-2,"rotation":0,"texture":"#2"},"north":{"uv":[4.625,9.75,4.875,10.125],"tintindex":-2,"rotation":0,"texture":"#2"},"west":{"uv":[6.75,11.625,6.875,12.0],"tintindex":-2,"rotation":0,"texture":"#2"},"up":{"uv":[12.375,2.125,12.125,2.0],"tintindex":-2,"rotation":0,"texture":"#2"},"down":{"uv":[12.375,2.25,12.125,2.375],"tintindex":-2,"rotation":0,"texture":"#2"}},"rotation":{"origin":[5.0,17.5,10.792893],"angle":-45.0,"axis":"y"}},{"from":[5.5,9.0,6.15],"to":[7.5,11.0,9.85],"faces":{"east":{"uv":[6.75,9.125,7.25,9.375],"tintindex":-2,"rotation":0,"texture":"#2"},"south":{"uv":[10.625,7.125,10.875,7.375],"tintindex":-2,"rotation":0,"texture":"#2"},"north":{"uv":[10.625,6.75,10.875,7.0],"tintindex":-2,"rotation":0,"texture":"#2"},"west":{"uv":[0.375,9.25,0.875,9.5],"tintindex":-2,"rotation":0,"texture":"#2"},"up":{"uv":[1.25,9.75,1.0,9.25],"tintindex":-2,"rotation":0,"texture":"#2"},"down":{"uv":[3.875,9.25,3.625,9.75],"tintindex":-2,"rotation":0,"texture":"#2"}}},{"from":[8.15,-1.0,6.0],"to":[12.15,0.0,10.0],"faces":{"east":{"uv":[10.75,11.5,11.25,11.625],"tintindex":-2,"rotation":0,"texture":"#2"},"south":{"uv":[11.5,10.875,12.0,11.0],"tintindex":-2,"rotation":0,"texture":"#2"},"north":{"uv":[11.5,10.625,12.0,10.75],"tintindex":-2,"rotation":0,"texture":"#2"},"west":{"uv":[11.5,11.125,12.0,11.25],"tintindex":-2,"rotation":0,"texture":"#2"},"up":{"uv":[8.625,8.625,8.125,8.125],"tintindex":-2,"rotation":0,"texture":"#2"},"down":{"uv":[8.875,2.5,8.375,3.0],"tintindex":-2,"rotation":0,"texture":"#2"}}},{"from":[2.6125002,8.677588,4.5081935],"to":[3.6125002,9.6775875,8.508193],"faces":{"east":{"uv":[8.375,11.375,8.5,11.875],"tintindex":-2,"rotation":90,"texture":"#2"},"south":{"uv":[13.125,5.25,13.0,5.375],"tintindex":-2,"rotation":0,"texture":"#2"},"north":{"uv":[5.375,13.125,5.25,13.0],"tintindex":-2,"rotation":180,"texture":"#2"},"west":{"uv":[9.375,11.375,9.5,11.875],"tintindex":-2,"rotation":270,"texture":"#2"},"up":{"uv":[11.375,9.25,11.5,9.75],"tintindex":-2,"rotation":0,"texture":"#2"},"down":{"uv":[5.75,11.375,5.875,11.875],"tintindex":-2,"rotation":180,"texture":"#2"}},"rotation":{"origin":[3.1125002,9.1775875,6.5081935],"angle":-22.5,"axis":"x"}},{"from":[13.0,18.5,6.0],"to":[16.0,19.5,10.0],"faces":{"east":{"uv":[6.125,10.875,6.625,11.0],"tintindex":-2,"rotation":0,"texture":"#2"},"south":{"uv":[11.625,6.75,12.0,6.875],"tintindex":-2,"rotation":0,"texture":"#2"},"north":{"uv":[11.625,4.375,12.0,4.5],"tintindex":-2,"rotation":0,"texture":"#2"},"west":{"uv":[10.875,7.5,11.375,7.625],"tintindex":-2,"rotation":0,"texture":"#2"},"up":{"uv":[9.0,6.375,8.625,5.875],"tintindex":-2,"rotation":0,"texture":"#2"},"down":{"uv":[6.625,8.625,6.25,9.125],"tintindex":-2,"rotation":0,"texture":"#2"}}},{"from":[6.625298,7.5249996,5.54972],"to":[7.325298,8.925,5.69028],"faces":{"east":{"uv":[12.625,4.625,12.75,4.75],"tintindex":-2,"rotation":0,"texture":"#2"},"south":{"uv":[4.875,12.625,5.0,12.75],"tintindex":-2,"rotation":0,"texture":"#2"},"north":{"uv":[3.75,12.625,3.875,12.75],"tintindex":-2,"rotation":0,"texture":"#2"},"west":{"uv":[12.625,4.875,12.75,5.0],"tintindex":-2,"rotation":0,"texture":"#2"},"up":{"uv":[5.25,12.75,5.125,12.625],"tintindex":-2,"rotation":0,"texture":"#2"},"down":{"uv":[5.75,12.625,5.625,12.75],"tintindex":-2,"rotation":0,"texture":"#2"}}},{"from":[3.994,11.994,5.994],"to":[12.006,15.006,10.006],"faces":{"east":{"uv":[4.125,8.625,4.625,9.0],"tintindex":-2,"rotation":0,"texture":"#2"},"south":{"uv":[5.0,3.75,6.0,4.125],"tintindex":-2,"rotation":0,"texture":"#2"},"north":{"uv":[4.75,4.875,5.75,5.25],"tintindex":-2,"rotation":0,"texture":"#2"},"west":{"uv":[8.625,5.375,9.125,5.75],"tintindex":-2,"rotation":0,"texture":"#2"},"up":{"uv":[5.5,4.75,4.5,4.25],"tintindex":-2,"rotation":0,"texture":"#2"},"down":{"uv":[5.75,0.75,4.75,1.25],"tintindex":-2,"rotation":0,"texture":"#2"}}},{"from":[2.9220002,-4.677378,14.096228],"to":[3.3030002,-3.7713778,17.102228],"faces":{"east":{"uv":[11.75,4.875,12.125,5.0],"tintindex":-2,"rotation":0,"texture":"#2"},"south":{"uv":[8.375,13.0,8.5,13.125],"tintindex":-2,"rotation":0,"texture":"#2"},"north":{"uv":[13.0,8.125,13.125,8.25],"tintindex":-2,"rotation":0,"texture":"#2"},"west":{"uv":[11.75,7.0,12.125,7.125],"tintindex":-2,"rotation":0,"texture":"#2"},"up":{"uv":[9.75,12.125,9.625,11.75],"tintindex":-2,"rotation":0,"texture":"#2"},"down":{"uv":[10.0,11.75,9.875,12.125],"tintindex":-2,"rotation":0,"texture":"#2"}},"rotation":{"origin":[3.1125002,-4.2243786,15.599228],"angle":22.5,"axis":"x"}},{"from":[4.506,16.213108,5.506],"to":[6.494,17.201107,6.494],"faces":{"east":{"uv":[12.75,1.75,12.875,1.875],"tintindex":-2,"rotation":0,"texture":"#2"},"south":{"uv":[3.0,12.0,3.25,12.125],"tintindex":-2,"rotation":0,"texture":"#2"},"north":{"uv":[2.25,12.0,2.5,12.125],"tintindex":-2,"rotation":0,"texture":"#2"},"west":{"uv":[12.75,2.0,12.875,2.125],"tintindex":-2,"rotation":0,"texture":"#2"},"up":{"uv":[4.125,12.125,3.875,12.0],"tintindex":-2,"rotation":0,"texture":"#2"},"down":{"uv":[5.5,12.0,5.25,12.125],"tintindex":-2,"rotation":0,"texture":"#2"}},"rotation":{"origin":[6.0,16.707108,6.0],"angle":-45.0,"axis":"z"}},{"from":[4.69375,12.88125,6.0],"to":[5.69375,13.331249,6.15],"faces":{"east":{"uv":[15.0125,0.975,15.9875,0.0],"tintindex":-2,"rotation":90,"texture":"#0"},"south":{"uv":[15.0125,0.975,15.9875,0.0],"tintindex":-2,"rotation":90,"texture":"#0"},"north":{"uv":[15.0125,0.975,15.9875,0.0],"tintindex":-2,"rotation":90,"texture":"#0"},"west":{"uv":[15.0125,0.975,15.9875,0.0],"tintindex":-2,"rotation":90,"texture":"#0"},"up":{"uv":[15.0125,0.975,15.9875,0.0],"tintindex":-2,"rotation":90,"texture":"#0"},"down":{"uv":[15.0125,0.975,15.9875,0.0],"tintindex":-2,"rotation":90,"texture":"#0"}}},{"from":[4.69375,13.68125,6.0],"to":[6.69375,14.13125,6.15],"faces":{"east":{"uv":[15.0125,0.975,15.9875,0.0],"tintindex":-2,"rotation":90,"texture":"#0"},"south":{"uv":[15.0125,0.975,15.9875,0.0],"tintindex":-2,"rotation":90,"texture":"#0"},"north":{"uv":[15.0125,0.975,15.9875,0.0],"tintindex":-2,"rotation":90,"texture":"#0"},"west":{"uv":[15.0125,0.975,15.9875,0.0],"tintindex":-2,"rotation":90,"texture":"#0"},"up":{"uv":[15.0125,0.975,15.9875,0.0],"tintindex":-2,"rotation":90,"texture":"#0"},"down":{"uv":[15.0125,0.975,15.9875,0.0],"tintindex":-2,"rotation":90,"texture":"#0"}}},{"from":[4.506,15.213107,10.006],"to":[6.494,16.201107,10.994],"faces":{"east":{"uv":[8.75,12.75,8.875,12.875],"tintindex":-2,"rotation":0,"texture":"#2"},"south":{"uv":[1.5,12.125,1.75,12.25],"tintindex":-2,"rotation":0,"texture":"#2"},"north":{"uv":[12.125,1.25,12.375,1.375],"tintindex":-2,"rotation":0,"texture":"#2"},"west":{"uv":[12.75,9.125,12.875,9.25],"tintindex":-2,"rotation":0,"texture":"#2"},"up":{"uv":[12.375,1.625,12.125,1.5],"tintindex":-2,"rotation":0,"texture":"#2"},"down":{"uv":[12.375,1.75,12.125,1.875],"tintindex":-2,"rotation":0,"texture":"#2"}},"rotation":{"origin":[6.0,15.707108,10.5],"angle":-45.0,"axis":"z"}},{"from":[4.7998495,20.495,4.329739],"to":[5.8098497,24.505,6.3397393],"faces":{"east":{"uv":[5.875,9.375,6.125,9.875],"tintindex":-2,"rotation":0,"texture":"#2"},"south":{"uv":[10.5,11.0,10.625,11.5],"tintindex":-2,"rotation":0,"texture":"#2"},"north":{"uv":[10.25,11.0,10.375,11.5],"tintindex":-2,"rotation":0,"texture":"#2"},"west":{"uv":[9.375,6.75,9.625,7.25],"tintindex":-2,"rotation":0,"texture":"#2"},"up":{"uv":[12.25,7.5,12.125,7.25],"tintindex":-2,"rotation":0,"texture":"#2"},"down":{"uv":[12.25,7.625,12.125,7.875],"tintindex":-2,"rotation":0,"texture":"#2"}},"rotation":{"origin":[8.0,20.5625,8.075],"angle":-22.5,"axis":"x"}},{"from":[12.5,5.8,5.0],"to":[13.5,7.8,6.0],"faces":{"east":{"uv":[12.125,6.25,12.25,6.5],"tintindex":-2,"rotation":0,"texture":"#2"},"south":{"uv":[6.5,12.125,6.625,12.375],"tintindex":-2,"rotation":0,"texture":"#2"},"north":{"uv":[12.125,5.875,12.25,6.125],"tintindex":-2,"rotation":0,"texture":"#2"},"west":{"uv":[12.125,6.625,12.25,6.875],"tintindex":-2,"rotation":0,"texture":"#2"},"up":{"uv":[1.125,13.0,1.0,12.875],"tintindex":-2,"rotation":0,"texture":"#2"},"down":{"uv":[1.375,12.875,1.25,13.0],"tintindex":-2,"rotation":0,"texture":"#2"}},"rotation":{"origin":[13.0,6.8,5.5],"angle":-45.0,"axis":"z"}},{"from":[9.506,16.213108,5.506],"to":[11.494,17.201107,6.494],"faces":{"east":{"uv":[12.75,1.25,12.875,1.375],"tintindex":-2,"rotation":0,"texture":"#2"},"south":{"uv":[0.75,12.0,1.0,12.125],"tintindex":-2,"rotation":0,"texture":"#2"},"north":{"uv":[11.875,9.625,12.125,9.75],"tintindex":-2,"rotation":0,"texture":"#2"},"west":{"uv":[12.75,1.5,12.875,1.625],"tintindex":-2,"rotation":0,"texture":"#2"},"up":{"uv":[1.375,12.125,1.125,12.0],"tintindex":-2,"rotation":0,"texture":"#2"},"down":{"uv":[2.125,12.0,1.875,12.125],"tintindex":-2,"rotation":0,"texture":"#2"}},"rotation":{"origin":[10.0,16.707108,6.0],"angle":45.0,"axis":"z"}},{"from":[4.85,-7.0,2.0],"to":[6.85,-5.0,3.0],"faces":{"east":{"uv":[7.25,9.5,7.375,9.75],"tintindex":-2,"rotation":0,"texture":"#2"},"south":{"uv":[5.625,10.375,5.875,10.625],"tintindex":-2,"rotation":0,"texture":"#2"},"north":{"uv":[3.125,10.375,3.375,10.625],"tintindex":-2,"rotation":0,"texture":"#2"},"west":{"uv":[11.75,11.75,11.875,12.0],"tintindex":-2,"rotation":0,"texture":"#2"},"up":{"uv":[7.0,4.125,6.75,4.0],"tintindex":-2,"rotation":0,"texture":"#2"},"down":{"uv":[7.625,3.75,7.375,3.875],"tintindex":-2,"rotation":0,"texture":"#2"}}},{"from":[12.5,5.8,6.0],"to":[13.5,6.8,7.0],"faces":{"east":{"uv":[1.75,12.875,1.875,13.0],"tintindex":-2,"rotation":0,"texture":"#2"},"south":{"uv":[2.0,12.875,2.125,13.0],"tintindex":-2,"rotation":0,"texture":"#2"},"north":{"uv":[1.5,12.875,1.625,13.0],"tintindex":-2,"rotation":0,"texture":"#2"},"west":{"uv":[2.25,12.875,2.375,13.0],"tintindex":-2,"rotation":0,"texture":"#2"},"up":{"uv":[2.625,13.0,2.5,12.875],"tintindex":-2,"rotation":0,"texture":"#2"},"down":{"uv":[2.875,12.875,2.75,13.0],"tintindex":-2,"rotation":0,"texture":"#2"}},"rotation":{"origin":[13.0,6.8,5.5],"angle":-45.0,"axis":"z"}},{"from":[8.075001,-2.15,5.825],"to":[12.375,-0.85,10.125],"faces":{"east":{"uv":[11.0,1.75,11.5,1.875],"tintindex":-2,"rotation":0,"texture":"#2"},"south":{"uv":[11.0,2.0,11.5,2.125],"tintindex":-2,"rotation":0,"texture":"#2"},"north":{"uv":[11.0,1.5,11.5,1.625],"tintindex":-2,"rotation":0,"texture":"#2"},"west":{"uv":[11.0,2.25,11.5,2.375],"tintindex":-2,"rotation":0,"texture":"#2"},"up":{"uv":[8.375,1.125,7.875,0.625],"tintindex":-2,"rotation":0,"texture":"#2"},"down":{"uv":[8.375,1.25,7.875,1.75],"tintindex":-2,"rotation":0,"texture":"#2"}}},{"from":[10.495,15.995,5.2021065],"to":[11.505,20.005,6.2121067],"faces":{"east":{"uv":[4.375,10.5,4.5,11.0],"tintindex":-2,"rotation":0,"texture":"#2"},"south":{"uv":[8.75,10.5,8.875,11.0],"tintindex":-2,"rotation":0,"texture":"#2"},"north":{"uv":[4.125,10.5,4.25,11.0],"tintindex":-2,"rotation":0,"texture":"#2"},"west":{"uv":[9.0,10.5,9.125,11.0],"tintindex":-2,"rotation":0,"texture":"#2"},"up":{"uv":[6.0,12.75,5.875,12.625],"tintindex":-2,"rotation":0,"texture":"#2"},"down":{"uv":[12.75,5.875,12.625,6.0],"tintindex":-2,"rotation":0,"texture":"#2"}},"rotation":{"origin":[11.0,17.5,5.7071066],"angle":-45.0,"axis":"y"}},{"from":[9.0,15.229403,5.153281],"to":[11.0,16.229403,6.153281],"faces":{"east":{"uv":[13.0,10.625,13.125,10.75],"tintindex":-2,"rotation":0,"texture":"#2"},"south":{"uv":[12.375,10.375,12.625,10.5],"tintindex":-2,"rotation":0,"texture":"#2"},"north":{"uv":[12.375,10.125,12.625,10.25],"tintindex":-2,"rotation":0,"texture":"#2"},"west":{"uv":[13.0,10.875,13.125,11.0],"tintindex":-2,"rotation":0,"texture":"#2"},"up":{"uv":[12.625,10.75,12.375,10.625],"tintindex":-2,"rotation":0,"texture":"#2"},"down":{"uv":[12.625,10.875,12.375,11.0],"tintindex":-2,"rotation":0,"texture":"#2"}},"rotation":{"origin":[10.0,15.729403,5.653281],"angle":-22.5,"axis":"x"}},{"from":[5.0,28.5,4.0],"to":[11.0,29.5,12.0],"faces":{"east":{"uv":[9.125,3.5,10.125,3.625],"tintindex":-2,"rotation":0,"texture":"#2"},"south":{"uv":[9.75,2.25,10.5,2.375],"tintindex":-2,"rotation":0,"texture":"#2"},"north":{"uv":[9.75,0.375,10.5,0.5],"tintindex":-2,"rotation":0,"texture":"#2"},"west":{"uv":[5.125,9.125,6.125,9.25],"tintindex":-2,"rotation":0,"texture":"#2"},"up":{"uv":[3.0,4.375,2.25,3.375],"tintindex":-2,"rotation":0,"texture":"#2"},"down":{"uv":[4.125,2.625,3.375,3.625],"tintindex":-2,"rotation":0,"texture":"#2"}},"rotation":{"origin":[8.0,20.5625,8.075],"angle":-22.5,"axis":"x"}},{"from":[12.9,17.4,5.9],"to":[17.1,19.6,10.1],"faces":{"east":{"uv":[9.5,1.375,10.0,1.625],"tintindex":-2,"rotation":0,"texture":"#2"},"south":{"uv":[4.0,9.5,4.5,9.75],"tintindex":-2,"rotation":0,"texture":"#2"},"north":{"uv":[9.5,1.0,10.0,1.25],"tintindex":-2,"rotation":0,"texture":"#2"},"west":{"uv":[6.625,9.5,7.125,9.75],"tintindex":-2,"rotation":0,"texture":"#2"},"up":{"uv":[8.5,6.125,8.0,5.625],"tintindex":-2,"rotation":0,"texture":"#2"},"down":{"uv":[6.75,8.0,6.25,8.5],"tintindex":-2,"rotation":0,"texture":"#2"}},"rotation":{"origin":[15.0,18.5,8.0],"angle":22.5,"axis":"z"}},{"from":[9.0,16.0,5.0],"to":[11.0,20.0,6.0],"faces":{"east":{"uv":[5.0,11.125,5.125,11.625],"tintindex":-2,"rotation":0,"texture":"#2"},"south":{"uv":[8.0,9.375,8.25,9.875],"tintindex":-2,"rotation":0,"texture":"#2"},"north":{"uv":[9.375,7.375,9.625,7.875],"tintindex":-2,"rotation":0,"texture":"#2"},"west":{"uv":[10.0,11.125,10.125,11.625],"tintindex":-2,"rotation":0,"texture":"#2"},"up":{"uv":[12.25,12.375,12.0,12.25],"tintindex":-2,"rotation":0,"texture":"#2"},"down":{"uv":[0.25,12.375,0.0,12.5],"tintindex":-2,"rotation":0,"texture":"#2"}}},{"from":[4.0,24.5,3.65],"to":[5.0,25.5,4.65],"faces":{"east":{"uv":[10.375,12.625,10.5,12.75],"tintindex":-2,"rotation":0,"texture":"#2"},"south":{"uv":[10.625,12.625,10.75,12.75],"tintindex":-2,"rotation":0,"texture":"#2"},"north":{"uv":[10.125,12.625,10.25,12.75],"tintindex":-2,"rotation":0,"texture":"#2"},"west":{"uv":[10.875,12.625,11.0,12.75],"tintindex":-2,"rotation":0,"texture":"#2"},"up":{"uv":[11.25,12.75,11.125,12.625],"tintindex":-2,"rotation":0,"texture":"#2"},"down":{"uv":[11.5,12.625,11.375,12.75],"tintindex":-2,"rotation":0,"texture":"#2"}},"rotation":{"origin":[8.0,20.5625,8.075],"angle":-22.5,"axis":"x"}},{"from":[6.0,26.5,3.65],"to":[10.0,27.5,4.65],"faces":{"east":{"uv":[9.75,13.0,9.875,13.125],"tintindex":-2,"rotation":0,"texture":"#2"},"south":{"uv":[11.5,2.875,12.0,3.0],"tintindex":-2,"rotation":0,"texture":"#2"},"north":{"uv":[11.25,0.25,11.75,0.375],"tintindex":-2,"rotation":0,"texture":"#2"},"west":{"uv":[13.0,9.875,13.125,10.0],"tintindex":-2,"rotation":0,"texture":"#2"},"up":{"uv":[12.0,3.25,11.5,3.125],"tintindex":-2,"rotation":0,"texture":"#2"},"down":{"uv":[12.0,3.375,11.5,3.5],"tintindex":-2,"rotation":0,"texture":"#2"}},"rotation":{"origin":[8.0,20.5625,8.075],"angle":-22.5,"axis":"x"}},{"from":[7.0,9.0,5.7],"to":[9.0,13.0,6.7],"faces":{"east":{"uv":[2.875,10.625,3.0,11.125],"tintindex":-2,"rotation":0,"texture":"#2"},"south":{"uv":[9.375,0.0,9.625,0.5],"tintindex":-2,"rotation":0,"texture":"#2"},"north":{"uv":[6.25,9.25,6.5,9.75],"tintindex":-2,"rotation":0,"texture":"#2"},"west":{"uv":[10.625,7.5,10.75,8.0],"tintindex":-2,"rotation":0,"texture":"#2"},"up":{"uv":[5.875,12.125,5.625,12.0],"tintindex":-2,"rotation":0,"texture":"#2"},"down":{"uv":[10.875,12.0,10.625,12.125],"tintindex":-2,"rotation":0,"texture":"#2"}}},{"from":[3.85,-1.0,6.0],"to":[7.85,0.0,10.0],"faces":{"east":{"uv":[11.5,9.875,12.0,10.0],"tintindex":-2,"rotation":0,"texture":"#2"},"south":{"uv":[11.5,10.125,12.0,10.25],"tintindex":-2,"rotation":0,"texture":"#2"},"north":{"uv":[11.5,9.0,12.0,9.125],"tintindex":-2,"rotation":0,"texture":"#2"},"west":{"uv":[11.5,10.375,12.0,10.5],"tintindex":-2,"rotation":0,"texture":"#2"},"up":{"uv":[8.625,7.375,8.125,6.875],"tintindex":-2,"rotation":0,"texture":"#2"},"down":{"uv":[8.625,7.5,8.125,8.0],"tintindex":-2,"rotation":0,"texture":"#2"}}},{"from":[2.9250002,-5.055691,8.652114],"to":[3.3000002,8.944309,11.652114],"faces":{"east":{"uv":[3.125,3.75,4.875,4.125],"tintindex":-2,"rotation":90,"texture":"#2"},"south":{"uv":[7.875,8.375,7.75,10.125],"tintindex":-2,"rotation":0,"texture":"#2"},"north":{"uv":[7.625,10.125,7.5,8.375],"tintindex":-2,"rotation":180,"texture":"#2"},"west":{"uv":[4.25,2.625,6.0,3.0],"tintindex":-2,"rotation":270,"texture":"#2"},"up":{"uv":[8.625,11.75,8.75,12.125],"tintindex":-2,"rotation":0,"texture":"#2"},"down":{"uv":[7.5,11.75,7.625,12.125],"tintindex":-2,"rotation":180,"texture":"#2"}},"rotation":{"origin":[3.1125002,1.9443092,10.152114],"angle":-45.0,"axis":"x"}},{"from":[8.725298,7.5249996,5.54972],"to":[9.425298,8.925,5.69028],"faces":{"east":{"uv":[12.5,1.75,12.625,1.875],"tintindex":-2,"rotation":0,"texture":"#2"},"south":{"uv":[12.5,2.0,12.625,2.125],"tintindex":-2,"rotation":0,"texture":"#2"},"north":{"uv":[12.5,1.5,12.625,1.625],"tintindex":-2,"rotation":0,"texture":"#2"},"west":{"uv":[12.5,2.25,12.625,2.375],"tintindex":-2,"rotation":0,"texture":"#2"},"up":{"uv":[12.625,2.625,12.5,2.5],"tintindex":-2,"rotation":0,"texture":"#2"},"down":{"uv":[12.625,2.75,12.5,2.875],"tintindex":-2,"rotation":0,"texture":"#2"}}},{"from":[10.5,11.0,6.0],"to":[11.5,12.0,10.0],"faces":{"east":{"uv":[10.5,3.875,11.0,4.0],"tintindex":-2,"rotation":0,"texture":"#2"},"south":{"uv":[12.625,6.125,12.75,6.25],"tintindex":-2,"rotation":0,"texture":"#2"},"north":{"uv":[6.125,12.625,6.25,12.75],"tintindex":-2,"rotation":0,"texture":"#2"},"west":{"uv":[10.5,9.875,11.0,10.0],"tintindex":-2,"rotation":0,"texture":"#2"},"up":{"uv":[9.375,11.0,9.25,10.5],"tintindex":-2,"rotation":0,"texture":"#2"},"down":{"uv":[10.125,10.5,10.0,11.0],"tintindex":-2,"rotation":0,"texture":"#2"}}},{"from":[4.0,25.5,3.65],"to":[12.0,26.5,4.65],"faces":{"east":{"uv":[12.625,7.375,12.75,7.5],"tintindex":-2,"rotation":0,"texture":"#2"},"south":{"uv":[9.125,6.125,10.125,6.25],"tintindex":-2,"rotation":0,"texture":"#2"},"north":{"uv":[9.125,5.875,10.125,6.0],"tintindex":-2,"rotation":0,"texture":"#2"},"west":{"uv":[7.5,12.625,7.625,12.75],"tintindex":-2,"rotation":0,"texture":"#2"},"up":{"uv":[9.0,9.25,8.0,9.125],"tintindex":-2,"rotation":0,"texture":"#2"},"down":{"uv":[10.125,9.125,9.125,9.25],"tintindex":-2,"rotation":0,"texture":"#2"}},"rotation":{"origin":[8.0,20.5625,8.075],"angle":-22.5,"axis":"x"}},{"from":[4.1,-6.0,6.0],"to":[7.6,-2.0,10.0],"faces":{"east":{"uv":[6.75,6.75,7.25,7.25],"tintindex":-2,"rotation":0,"texture":"#2"},"south":{"uv":[6.875,0.0,7.375,0.5],"tintindex":-2,"rotation":0,"texture":"#2"},"north":{"uv":[6.75,6.125,7.25,6.625],"tintindex":-2,"rotation":0,"texture":"#2"},"west":{"uv":[6.875,1.875,7.375,2.375],"tintindex":-2,"rotation":0,"texture":"#2"},"up":{"uv":[5.5,7.375,5.0,6.875],"tintindex":-2,"rotation":0,"texture":"#2"},"down":{"uv":[6.125,6.875,5.625,7.375],"tintindex":-2,"rotation":0,"texture":"#2"}}},{"from":[8.25,-6.0,7.0],"to":[12.05,-4.0,9.9],"faces":{"east":{"uv":[9.5,9.75,9.875,10.0],"tintindex":-2,"rotation":0,"texture":"#2"},"south":{"uv":[9.25,6.375,9.75,6.625],"tintindex":-2,"rotation":0,"texture":"#2"},"north":{"uv":[9.25,5.375,9.75,5.625],"tintindex":-2,"rotation":0,"texture":"#2"},"west":{"uv":[3.625,9.875,4.0,10.125],"tintindex":-2,"rotation":0,"texture":"#2"},"up":{"uv":[7.25,9.0,6.75,8.625],"tintindex":-2,"rotation":0,"texture":"#2"},"down":{"uv":[9.25,0.0,8.75,0.375],"tintindex":-2,"rotation":0,"texture":"#2"}}},{"from":[8.818718,7.3044996,5.5535],"to":[9.312218,7.7980003,5.6865],"faces":{"east":{"uv":[12.5,5.125,12.625,5.25],"tintindex":-2,"rotation":0,"texture":"#2"},"south":{"uv":[5.375,12.5,5.5,12.625],"tintindex":-2,"rotation":0,"texture":"#2"},"north":{"uv":[4.625,12.5,4.75,12.625],"tintindex":-2,"rotation":0,"texture":"#2"},"west":{"uv":[12.5,5.375,12.625,5.5],"tintindex":-2,"rotation":0,"texture":"#2"},"up":{"uv":[12.625,5.75,12.5,5.625],"tintindex":-2,"rotation":0,"texture":"#2"},"down":{"uv":[6.625,12.5,6.5,12.625],"tintindex":-2,"rotation":0,"texture":"#2"}},"rotation":{"origin":[9.039218,7.5249996,5.3575],"angle":-45.0,"axis":"z"}},{"from":[8.3,0.0,6.025],"to":[12.0,2.0,10.025],"faces":{"east":{"uv":[9.625,2.5,10.125,2.75],"tintindex":-2,"rotation":0,"texture":"#2"},"south":{"uv":[9.625,4.125,10.125,4.375],"tintindex":-2,"rotation":0,"texture":"#2"},"north":{"uv":[0.375,9.625,0.875,9.875],"tintindex":-2,"rotation":0,"texture":"#2"},"west":{"uv":[9.75,0.0,10.25,0.25],"tintindex":-2,"rotation":0,"texture":"#2"},"up":{"uv":[5.5,8.625,5.0,8.125],"tintindex":-2,"rotation":0,"texture":"#2"},"down":{"uv":[6.125,8.125,5.625,8.625],"tintindex":-2,"rotation":0,"texture":"#2"}}},{"from":[2.7624998,6.6894617,4.6569605],"to":[3.4625,7.6894617,6.6569605],"faces":{"east":{"uv":[4.5,12.25,4.75,12.375],"tintindex":-2,"rotation":180,"texture":"#2"},"south":{"uv":[9.5,12.875,9.625,13.0],"tintindex":-2,"rotation":180,"texture":"#2"},"north":{"uv":[10.0,12.875,10.125,13.0],"tintindex":-2,"rotation":180,"texture":"#2"},"west":{"uv":[12.25,4.625,12.5,4.75],"tintindex":-2,"rotation":180,"texture":"#2"},"up":{"uv":[5.25,12.25,5.125,12.5],"tintindex":-2,"rotation":0,"texture":"#2"},"down":{"uv":[5.0,12.5,4.875,12.25],"tintindex":-2,"rotation":0,"texture":"#2"}},"rotation":{"origin":[3.1125002,5.9394617,6.1569605],"angle":45.0,"axis":"x"}},{"from":[6.005,7.5,9.730393],"to":[9.995,9.5,10.730393],"faces":{"east":{"uv":[3.125,3.375,3.25,3.625],"tintindex":-2,"rotation":0,"texture":"#2"},"south":{"uv":[8.75,7.625,9.25,7.875],"tintindex":-2,"rotation":0,"texture":"#2"},"north":{"uv":[8.75,7.25,9.25,7.5],"tintindex":-2,"rotation":0,"texture":"#2"},"west":{"uv":[4.5,0.75,4.625,1.0],"tintindex":-2,"rotation":0,"texture":"#2"},"up":{"uv":[10.75,2.625,10.25,2.5],"tintindex":-2,"rotation":0,"texture":"#2"},"down":{"uv":[4.625,10.25,4.125,10.375],"tintindex":-2,"rotation":0,"texture":"#2"}},"rotation":{"origin":[8.5,9.0,10.230393],"angle":45.0,"axis":"x"}},{"from":[2.0,13.5,6.0],"to":[3.0,14.5,10.0],"faces":{"east":{"uv":[10.25,4.125,10.75,4.25],"tintindex":-2,"rotation":0,"texture":"#2"},"south":{"uv":[12.5,0.75,12.625,0.875],"tintindex":-2,"rotation":0,"texture":"#2"},"north":{"uv":[12.5,0.5,12.625,0.625],"tintindex":-2,"rotation":0,"texture":"#2"},"west":{"uv":[10.25,5.75,10.75,5.875],"tintindex":-2,"rotation":0,"texture":"#2"},"up":{"uv":[4.875,10.75,4.75,10.25],"tintindex":-2,"rotation":0,"texture":"#2"},"down":{"uv":[7.5,10.25,7.375,10.75],"tintindex":-2,"rotation":0,"texture":"#2"}}},{"from":[3.9499998,-6.0,7.0],"to":[7.75,-4.0,9.9],"faces":{"east":{"uv":[2.375,5.375,2.75,5.625],"tintindex":-2,"rotation":0,"texture":"#2"},"south":{"uv":[8.75,8.0,9.25,8.25],"tintindex":-2,"rotation":0,"texture":"#2"},"north":{"uv":[8.0,8.75,8.5,9.0],"tintindex":-2,"rotation":0,"texture":"#2"},"west":{"uv":[1.875,6.125,2.25,6.375],"tintindex":-2,"rotation":0,"texture":"#2"},"up":{"uv":[2.875,8.875,2.375,8.5],"tintindex":-2,"rotation":0,"texture":"#2"},"down":{"uv":[3.5,8.5,3.0,8.875],"tintindex":-2,"rotation":0,"texture":"#2"}}},{"from":[2.6125002,3.5882292,2.4188342],"to":[3.6125002,7.588229,3.4188342],"faces":{"east":{"uv":[3.125,11.375,3.25,11.875],"tintindex":-2,"rotation":180,"texture":"#2"},"south":{"uv":[2.5,11.375,2.625,11.875],"tintindex":-2,"rotation":180,"texture":"#2"},"north":{"uv":[3.375,11.375,3.5,11.875],"tintindex":-2,"rotation":180,"texture":"#2"},"west":{"uv":[5.5,11.375,5.625,11.875],"tintindex":-2,"rotation":180,"texture":"#2"},"up":{"uv":[13.125,5.0,13.0,5.125],"tintindex":-2,"rotation":0,"texture":"#2"},"down":{"uv":[4.625,13.125,4.5,13.0],"tintindex":-2,"rotation":0,"texture":"#2"}},"rotation":{"origin":[3.1125002,5.588229,2.9188342],"angle":22.5,"axis":"x"}},{"from":[3.404,24.7496,8.269287],"to":[4.396,26.741598,10.261288],"faces":{"east":{"uv":[10.625,2.125,10.875,2.375],"tintindex":-2,"rotation":0,"texture":"#2"},"south":{"uv":[11.875,11.375,12.0,11.625],"tintindex":-2,"rotation":0,"texture":"#2"},"north":{"uv":[10.375,11.875,10.5,12.125],"tintindex":-2,"rotation":0,"texture":"#2"},"west":{"uv":[2.5,10.625,2.75,10.875],"tintindex":-2,"rotation":0,"texture":"#2"},"up":{"uv":[0.125,12.25,0.0,12.0],"tintindex":-2,"rotation":0,"texture":"#2"},"down":{"uv":[0.375,12.0,0.25,12.25],"tintindex":-2,"rotation":0,"texture":"#2"}},"rotation":{"origin":[8.0,20.5625,8.075],"angle":-45.0,"axis":"x"}},{"from":[6.994,7.244,5.569],"to":[9.006,9.256,5.831],"faces":{"east":{"uv":[11.875,2.5,12.0,2.75],"tintindex":-2,"rotation":0,"texture":"#2"},"south":{"uv":[10.5,3.5,10.75,3.75],"tintindex":-2,"rotation":0,"texture":"#2"},"north":{"uv":[10.5,3.125,10.75,3.375],"tintindex":-2,"rotation":0,"texture":"#2"},"west":{"uv":[3.625,11.875,3.75,12.125],"tintindex":-2,"rotation":0,"texture":"#2"},"up":{"uv":[12.125,0.375,11.875,0.25],"tintindex":-2,"rotation":0,"texture":"#2"},"down":{"uv":[12.125,3.875,11.875,4.0],"tintindex":-2,"rotation":0,"texture":"#2"}}},{"from":[13.0,4.5,6.0],"to":[17.0,8.5,10.0],"faces":{"east":{"uv":[0.625,6.75,1.125,7.25],"tintindex":-2,"rotation":0,"texture":"#2"},"south":{"uv":[7.125,5.5,6.625,6.0],"tintindex":-2,"rotation":0,"texture":"#2"},"north":{"uv":[6.625,5.5,7.125,6.0],"tintindex":-2,"rotation":0,"texture":"#2"},"west":{"uv":[6.625,5.375,7.125,4.875],"tintindex":-2,"rotation":270,"texture":"#2"},"up":{"uv":[4.25,7.25,3.75,6.75],"tintindex":-2,"rotation":0,"texture":"#2"},"down":{"uv":[4.875,6.75,4.375,7.25],"tintindex":-2,"rotation":0,"texture":"#2"}}},{"from":[5.0,17.0,5.5],"to":[11.0,20.0,6.5],"faces":{"east":{"uv":[11.625,5.125,11.75,5.5],"tintindex":-2,"rotation":0,"texture":"#2"},"south":{"uv":[5.625,3.125,6.375,3.5],"tintindex":-2,"rotation":0,"texture":"#2"},"north":{"uv":[5.375,2.125,6.125,2.5],"tintindex":-2,"rotation":0,"texture":"#2"},"west":{"uv":[11.625,6.25,11.75,6.625],"tintindex":-2,"rotation":0,"texture":"#2"},"up":{"uv":[10.5,7.375,9.75,7.25],"tintindex":-2,"rotation":0,"texture":"#2"},"down":{"uv":[10.5,7.5,9.75,7.625],"tintindex":-2,"rotation":0,"texture":"#2"}}},{"from":[6.0,9.0,9.9375],"to":[10.0,14.0,10.9375],"faces":{"east":{"uv":[6.0,10.0,6.125,10.625],"tintindex":-2,"rotation":0,"texture":"#2"},"south":{"uv":[3.0,5.875,3.5,6.5],"tintindex":-2,"rotation":0,"texture":"#2"},"north":{"uv":[2.375,5.875,2.875,6.5],"tintindex":-2,"rotation":0,"texture":"#2"},"west":{"uv":[8.5,10.0,8.625,10.625],"tintindex":-2,"rotation":0,"texture":"#2"},"up":{"uv":[10.75,10.875,10.25,10.75],"tintindex":-2,"rotation":0,"texture":"#2"},"down":{"uv":[0.5,10.875,0.0,11.0],"tintindex":-2,"rotation":0,"texture":"#2"}}},{"from":[6.7187176,8.7045,5.5535],"to":[7.212218,9.198,5.6865],"faces":{"east":{"uv":[1.0,12.625,1.125,12.75],"tintindex":-2,"rotation":0,"texture":"#2"},"south":{"uv":[1.25,12.625,1.375,12.75],"tintindex":-2,"rotation":0,"texture":"#2"},"north":{"uv":[0.75,12.625,0.875,12.75],"tintindex":-2,"rotation":0,"texture":"#2"},"west":{"uv":[1.5,12.625,1.625,12.75],"tintindex":-2,"rotation":0,"texture":"#2"},"up":{"uv":[1.875,12.75,1.75,12.625],"tintindex":-2,"rotation":0,"texture":"#2"},"down":{"uv":[2.125,12.625,2.0,12.75],"tintindex":-2,"rotation":0,"texture":"#2"}},"rotation":{"origin":[6.9392176,8.925,5.3575],"angle":-45.0,"axis":"z"}},{"from":[10.19015,20.495,4.329739],"to":[11.2001505,24.505,6.3397393],"faces":{"east":{"uv":[5.125,9.375,5.375,9.875],"tintindex":-2,"rotation":0,"texture":"#2"},"south":{"uv":[11.0,8.0,11.125,8.5],"tintindex":-2,"rotation":0,"texture":"#2"},"north":{"uv":[7.625,10.875,7.75,11.375],"tintindex":-2,"rotation":0,"texture":"#2"},"west":{"uv":[5.5,9.375,5.75,9.875],"tintindex":-2,"rotation":0,"texture":"#2"},"up":{"uv":[6.875,12.375,6.75,12.125],"tintindex":-2,"rotation":0,"texture":"#2"},"down":{"uv":[7.125,12.125,7.0,12.375],"tintindex":-2,"rotation":0,"texture":"#2"}},"rotation":{"origin":[8.0,20.5625,8.075],"angle":-22.5,"axis":"x"}},{"from":[0.36862898,6.250862,3.75],"to":[1.368629,8.250862,4.75],"faces":{"east":{"uv":[4.25,12.0,4.375,12.25],"tintindex":-2,"rotation":0,"texture":"#2"},"south":{"uv":[8.375,12.0,8.5,12.25],"tintindex":-2,"rotation":0,"texture":"#2"},"north":{"uv":[3.375,12.0,3.5,12.25],"tintindex":-2,"rotation":0,"texture":"#2"},"west":{"uv":[9.375,12.0,9.5,12.25],"tintindex":-2,"rotation":0,"texture":"#2"},"up":{"uv":[12.875,2.375,12.75,2.25],"tintindex":-2,"rotation":0,"texture":"#2"},"down":{"uv":[12.875,2.5,12.75,2.625],"tintindex":-2,"rotation":0,"texture":"#2"}},"rotation":{"origin":[2.176777,9.723223,5.525],"angle":22.5,"axis":"x"}},{"from":[4.035,12.96,6.01],"to":[11.965,15.04,9.99],"faces":{"east":{"uv":[15.0125,0.975,15.9875,0.0],"tintindex":-2,"rotation":90,"texture":"#0"},"south":{"uv":[15.0125,0.975,15.9875,0.0],"tintindex":-2,"rotation":90,"texture":"#0"},"north":{"uv":[15.0125,0.975,15.9875,0.0],"tintindex":-2,"rotation":90,"texture":"#0"},"west":{"uv":[15.0125,0.975,15.9875,0.0],"tintindex":-2,"rotation":90,"texture":"#0"},"up":{"uv":[15.0125,0.975,15.9875,0.0],"tintindex":-2,"rotation":90,"texture":"#0"},"down":{"uv":[15.0125,0.975,15.9875,0.0],"tintindex":-2,"rotation":90,"texture":"#0"}}},{"from":[6.0,14.0,5.5],"to":[7.0,17.0,7.5],"faces":{"east":{"uv":[6.625,9.875,6.875,10.25],"tintindex":-2,"rotation":0,"texture":"#2"},"south":{"uv":[9.125,11.75,9.25,12.125],"tintindex":-2,"rotation":0,"texture":"#2"},"north":{"uv":[8.875,11.75,9.0,12.125],"tintindex":-2,"rotation":0,"texture":"#2"},"west":{"uv":[7.0,9.875,7.25,10.25],"tintindex":-2,"rotation":0,"texture":"#2"},"up":{"uv":[10.875,12.5,10.75,12.25],"tintindex":-2,"rotation":0,"texture":"#2"},"down":{"uv":[11.375,12.25,11.25,12.5],"tintindex":-2,"rotation":0,"texture":"#2"}}},{"from":[2.6055002,7.3012695,2.2811527],"to":[3.6195002,9.315269,5.2951527],"faces":{"east":{"uv":[1.0,9.875,1.25,10.25],"tintindex":-2,"rotation":90,"texture":"#2"},"south":{"uv":[12.25,11.0,12.125,11.25],"tintindex":-2,"rotation":0,"texture":"#2"},"north":{"uv":[12.25,10.875,12.125,10.625],"tintindex":-2,"rotation":180,"texture":"#2"},"west":{"uv":[6.25,9.875,6.5,10.25],"tintindex":-2,"rotation":270,"texture":"#2"},"up":{"uv":[7.25,11.75,7.375,12.125],"tintindex":-2,"rotation":0,"texture":"#2"},"down":{"uv":[6.25,11.75,6.375,12.125],"tintindex":-2,"rotation":180,"texture":"#2"}},"rotation":{"origin":[3.1125002,8.3082695,3.7881527],"angle":45.0,"axis":"x"}},{"from":[6.0,15.0,10.0],"to":[10.0,16.0,11.0],"faces":{"east":{"uv":[12.75,5.375,12.875,5.5],"tintindex":-2,"rotation":0,"texture":"#2"},"south":{"uv":[10.75,4.875,11.25,5.0],"tintindex":-2,"rotation":0,"texture":"#2"},"north":{"uv":[10.75,2.75,11.25,2.875],"tintindex":-2,"rotation":0,"texture":"#2"},"west":{"uv":[12.75,5.625,12.875,5.75],"tintindex":-2,"rotation":0,"texture":"#2"},"up":{"uv":[11.25,9.5,10.75,9.375],"tintindex":-2,"rotation":0,"texture":"#2"},"down":{"uv":[11.25,9.625,10.75,9.75],"tintindex":-2,"rotation":0,"texture":"#2"}}},{"from":[8.5,9.0,6.15],"to":[10.5,11.0,9.85],"faces":{"east":{"uv":[3.0,9.0,3.5,9.25],"tintindex":-2,"rotation":0,"texture":"#2"},"south":{"uv":[10.375,1.375,10.625,1.625],"tintindex":-2,"rotation":0,"texture":"#2"},"north":{"uv":[6.125,2.75,6.375,3.0],"tintindex":-2,"rotation":0,"texture":"#2"},"west":{"uv":[9.0,4.125,9.5,4.375],"tintindex":-2,"rotation":0,"texture":"#2"},"up":{"uv":[9.25,5.0,9.0,4.5],"tintindex":-2,"rotation":0,"texture":"#2"},"down":{"uv":[0.25,9.125,0.0,9.625],"tintindex":-2,"rotation":0,"texture":"#2"}}},{"from":[4.69375,12.68125,9.85],"to":[5.69375,13.13125,10.0],"faces":{"east":{"uv":[15.0125,0.975,15.9875,0.0],"tintindex":-2,"rotation":90,"texture":"#0"},"south":{"uv":[15.0125,0.975,15.9875,0.0],"tintindex":-2,"rotation":90,"texture":"#0"},"north":{"uv":[15.0125,0.975,15.9875,0.0],"tintindex":-2,"rotation":90,"texture":"#0"},"west":{"uv":[15.0125,0.975,15.9875,0.0],"tintindex":-2,"rotation":90,"texture":"#0"},"up":{"uv":[15.0125,0.975,15.9875,0.0],"tintindex":-2,"rotation":90,"texture":"#0"},"down":{"uv":[15.0125,0.975,15.9875,0.0],"tintindex":-2,"rotation":90,"texture":"#0"}}},{"from":[4.69375,14.43125,9.85],"to":[6.69375,14.88125,10.0],"faces":{"east":{"uv":[15.0125,0.975,15.9875,0.0],"tintindex":-2,"rotation":90,"texture":"#0"},"south":{"uv":[15.0125,0.975,15.9875,0.0],"tintindex":-2,"rotation":90,"texture":"#0"},"north":{"uv":[15.0125,0.975,15.9875,0.0],"tintindex":-2,"rotation":90,"texture":"#0"},"west":{"uv":[15.0125,0.975,15.9875,0.0],"tintindex":-2,"rotation":90,"texture":"#0"},"up":{"uv":[15.0125,0.975,15.9875,0.0],"tintindex":-2,"rotation":90,"texture":"#0"},"down":{"uv":[15.0125,0.975,15.9875,0.0],"tintindex":-2,"rotation":90,"texture":"#0"}}},{"from":[13.0,14.5,6.0],"to":[17.0,18.5,10.0],"faces":{"east":{"uv":[7.375,6.5,7.875,7.0],"tintindex":-2,"rotation":0,"texture":"#2"},"south":{"uv":[6.875,7.375,7.375,7.875],"tintindex":-2,"rotation":0,"texture":"#2"},"north":{"uv":[6.25,7.375,6.75,7.875],"tintindex":-2,"rotation":0,"texture":"#2"},"west":{"uv":[7.5,0.0,8.0,0.5],"tintindex":-2,"rotation":0,"texture":"#2"},"up":{"uv":[8.0,2.375,7.5,1.875],"tintindex":-2,"rotation":0,"texture":"#2"},"down":{"uv":[5.5,7.5,5.0,8.0],"tintindex":-2,"rotation":0,"texture":"#2"}}},{"from":[8.65,1.0,6.5],"to":[11.65,3.0,9.5],"faces":{"east":{"uv":[15.0125,0.975,15.9875,0.0],"tintindex":-2,"rotation":90,"texture":"#0"},"south":{"uv":[15.0125,0.975,15.9875,0.0],"tintindex":-2,"rotation":90,"texture":"#0"},"north":{"uv":[15.0125,0.975,15.9875,0.0],"tintindex":-2,"rotation":90,"texture":"#0"},"west":{"uv":[15.0125,0.975,15.9875,0.0],"tintindex":-2,"rotation":90,"texture":"#0"},"up":{"uv":[15.0125,0.975,15.9875,0.0],"tintindex":-2,"rotation":90,"texture":"#0"},"down":{"uv":[15.0125,0.975,15.9875,0.0],"tintindex":-2,"rotation":90,"texture":"#0"}}},{"from":[4.35,-2.0,6.5],"to":[7.35,1.25,9.5],"faces":{"east":{"uv":[15.0125,0.975,15.9875,0.0],"tintindex":-2,"rotation":90,"texture":"#0"},"south":{"uv":[15.0125,0.975,15.9875,0.0],"tintindex":-2,"rotation":90,"texture":"#0"},"north":{"uv":[15.0125,0.975,15.9875,0.0],"tintindex":-2,"rotation":90,"texture":"#0"},"west":{"uv":[15.0125,0.975,15.9875,0.0],"tintindex":-2,"rotation":90,"texture":"#0"},"up":{"uv":[15.0125,0.975,15.9875,0.0],"tintindex":-2,"rotation":90,"texture":"#0"},"down":{"uv":[15.0125,0.975,15.9875,0.0],"tintindex":-2,"rotation":90,"texture":"#0"}}},{"from":[9.30625,14.43125,6.0],"to":[11.80625,14.88125,6.15],"faces":{"east":{"uv":[15.0125,0.975,15.9875,0.0],"tintindex":-2,"rotation":90,"texture":"#0"},"south":{"uv":[15.0125,0.975,15.9875,0.0],"tintindex":-2,"rotation":90,"texture":"#0"},"north":{"uv":[15.0125,0.975,15.9875,0.0],"tintindex":-2,"rotation":90,"texture":"#0"},"west":{"uv":[15.0125,0.975,15.9875,0.0],"tintindex":-2,"rotation":90,"texture":"#0"},"up":{"uv":[15.0125,0.975,15.9875,0.0],"tintindex":-2,"rotation":90,"texture":"#0"},"down":{"uv":[15.0125,0.975,15.9875,0.0],"tintindex":-2,"rotation":90,"texture":"#0"}}},{"from":[7.6752977,7.2749996,5.54972],"to":[8.375298,9.174999,5.69028],"faces":{"east":{"uv":[4.75,11.875,4.875,12.125],"tintindex":-2,"rotation":0,"texture":"#2"},"south":{"uv":[11.875,5.125,12.0,5.375],"tintindex":-2,"rotation":0,"texture":"#2"},"north":{"uv":[4.5,11.875,4.625,12.125],"tintindex":-2,"rotation":0,"texture":"#2"},"west":{"uv":[11.875,5.5,12.0,5.75],"tintindex":-2,"rotation":0,"texture":"#2"},"up":{"uv":[12.75,0.375,12.625,0.25],"tintindex":-2,"rotation":0,"texture":"#2"},"down":{"uv":[0.625,12.625,0.5,12.75],"tintindex":-2,"rotation":0,"texture":"#2"}}},{"from":[4.0,20.5,4.0],"to":[12.0,28.5,12.0],"faces":{"east":{"uv":[0.0,1.125,1.0,2.125],"tintindex":-2,"rotation":0,"texture":"#2"},"south":{"uv":[1.125,0.0,2.125,1.0],"tintindex":-2,"rotation":0,"texture":"#2"},"north":{"uv":[0.0,0.0,1.0,1.0],"tintindex":-2,"rotation":0,"texture":"#2"},"west":{"uv":[1.125,1.125,2.125,2.125],"tintindex":-2,"rotation":0,"texture":"#2"},"up":{"uv":[1.0,3.25,0.0,2.25],"tintindex":-2,"rotation":0,"texture":"#2"},"down":{"uv":[3.25,0.0,2.25,1.0],"tintindex":-2,"rotation":0,"texture":"#2"}},"rotation":{"origin":[8.0,20.5625,8.075],"angle":-22.5,"axis":"x"}},{"from":[8.156855,17.86396,6.01],"to":[9.156855,18.86396,9.99],"faces":{"east":{"uv":[10.125,8.25,10.625,8.375],"tintindex":-2,"rotation":0,"texture":"#2"},"south":{"uv":[12.5,0.0,12.625,0.125],"tintindex":-2,"rotation":0,"texture":"#2"},"north":{"uv":[12.375,12.375,12.5,12.5],"tintindex":-2,"rotation":0,"texture":"#2"},"west":{"uv":[10.125,8.5,10.625,8.625],"tintindex":-2,"rotation":0,"texture":"#2"},"up":{"uv":[3.75,10.75,3.625,10.25],"tintindex":-2,"rotation":0,"texture":"#2"},"down":{"uv":[4.0,10.25,3.875,10.75],"tintindex":-2,"rotation":0,"texture":"#2"}},"rotation":{"origin":[17.656855,18.36396,9.5],"angle":45.0,"axis":"z"}},{"from":[13.2,8.4625,6.2374997],"to":[16.8,12.062501,9.837501],"faces":{"east":{"uv":[7.25,5.25,7.75,5.75],"tintindex":-2,"rotation":0,"texture":"#2"},"south":{"uv":[6.25,2.125,6.75,2.625],"tintindex":-2,"rotation":0,"texture":"#2"},"north":{"uv":[7.25,4.625,7.75,5.125],"tintindex":-2,"rotation":0,"texture":"#2"},"west":{"uv":[1.25,7.375,1.75,7.875],"tintindex":-2,"rotation":0,"texture":"#2"},"up":{"uv":[7.875,3.625,7.375,3.125],"tintindex":-2,"rotation":0,"texture":"#2"},"down":{"uv":[4.25,7.375,3.75,7.875],"tintindex":-2,"rotation":0,"texture":"#2"}}},{"from":[6.0,16.0,5.5],"to":[10.0,17.0,6.5],"faces":{"east":{"uv":[12.75,0.75,12.875,0.875],"tintindex":-2,"rotation":0,"texture":"#2"},"south":{"uv":[10.625,4.625,11.125,4.75],"tintindex":-2,"rotation":0,"texture":"#2"},"north":{"uv":[10.625,4.375,11.125,4.5],"tintindex":-2,"rotation":0,"texture":"#2"},"west":{"uv":[12.75,1.0,12.875,1.125],"tintindex":-2,"rotation":0,"texture":"#2"},"up":{"uv":[5.5,10.75,5.0,10.625],"tintindex":-2,"rotation":0,"texture":"#2"},"down":{"uv":[6.75,10.625,6.25,10.75],"tintindex":-2,"rotation":0,"texture":"#2"}}},{"from":[3.1625,25.087502,6.2375],"to":[4.1625,26.087502,7.2375],"faces":{"east":{"uv":[12.25,12.625,12.375,12.75],"tintindex":-2,"rotation":0,"texture":"#2"},"south":{"uv":[12.625,12.375,12.75,12.5],"tintindex":-2,"rotation":0,"texture":"#2"},"north":{"uv":[12.625,12.125,12.75,12.25],"tintindex":-2,"rotation":0,"texture":"#2"},"west":{"uv":[12.5,12.625,12.625,12.75],"tintindex":-2,"rotation":0,"texture":"#2"},"up":{"uv":[12.875,0.125,12.75,0.0],"tintindex":-2,"rotation":0,"texture":"#2"},"down":{"uv":[12.875,0.5,12.75,0.625],"tintindex":-2,"rotation":0,"texture":"#2"}},"rotation":{"origin":[8.0,20.5625,8.075],"angle":-22.5,"axis":"x"}},{"from":[9.15,-7.0,2.0],"to":[11.15,-5.0,3.0],"faces":{"east":{"uv":[11.0,12.0,11.125,12.25],"tintindex":-2,"rotation":0,"texture":"#2"},"south":{"uv":[2.375,11.0,2.625,11.25],"tintindex":-2,"rotation":0,"texture":"#2"},"north":{"uv":[0.875,11.0,1.125,11.25],"tintindex":-2,"rotation":0,"texture":"#2"},"west":{"uv":[12.125,3.25,12.25,3.5],"tintindex":-2,"rotation":0,"texture":"#2"},"up":{"uv":[12.375,4.5,12.125,4.375],"tintindex":-2,"rotation":0,"texture":"#2"},"down":{"uv":[12.375,5.125,12.125,5.25],"tintindex":-2,"rotation":0,"texture":"#2"}}},{"from":[11.8375,25.087502,6.2375],"to":[12.8375,26.087502,7.2375],"faces":{"east":{"uv":[3.75,12.875,3.875,13.0],"tintindex":-2,"rotation":0,"texture":"#2"},"south":{"uv":[12.875,4.5,13.0,4.625],"tintindex":-2,"rotation":0,"texture":"#2"},"north":{"uv":[3.5,12.875,3.625,13.0],"tintindex":-2,"rotation":0,"texture":"#2"},"west":{"uv":[4.75,12.875,4.875,13.0],"tintindex":-2,"rotation":0,"texture":"#2"},"up":{"uv":[13.0,4.875,12.875,4.75],"tintindex":-2,"rotation":0,"texture":"#2"},"down":{"uv":[5.125,12.875,5.0,13.0],"tintindex":-2,"rotation":0,"texture":"#2"}},"rotation":{"origin":[8.0,20.5625,8.075],"angle":-22.5,"axis":"x"}},{"from":[10.30625,12.88125,6.0],"to":[11.30625,13.331249,6.15],"faces":{"east":{"uv":[15.0125,0.975,15.9875,0.0],"tintindex":-2,"rotation":90,"texture":"#0"},"south":{"uv":[15.0125,0.975,15.9875,0.0],"tintindex":-2,"rotation":90,"texture":"#0"},"north":{"uv":[15.0125,0.975,15.9875,0.0],"tintindex":-2,"rotation":90,"texture":"#0"},"west":{"uv":[15.0125,0.975,15.9875,0.0],"tintindex":-2,"rotation":90,"texture":"#0"},"up":{"uv":[15.0125,0.975,15.9875,0.0],"tintindex":-2,"rotation":90,"texture":"#0"},"down":{"uv":[15.0125,0.975,15.9875,0.0],"tintindex":-2,"rotation":90,"texture":"#0"}}},{"from":[2.2625003,6.39761,3.9988127],"to":[3.9625,8.09761,5.698813],"faces":{"east":{"uv":[11.375,7.0,11.625,7.25],"tintindex":-2,"rotation":270,"texture":"#2"},"south":{"uv":[0.75,11.75,0.5,11.5],"tintindex":-2,"rotation":0,"texture":"#2"},"north":{"uv":[11.75,2.5,11.5,2.75],"tintindex":-2,"rotation":180,"texture":"#2"},"west":{"uv":[9.625,11.375,9.875,11.625],"tintindex":-2,"rotation":90,"texture":"#2"},"up":{"uv":[11.375,4.75,11.625,5.0],"tintindex":-2,"rotation":180,"texture":"#2"},"down":{"uv":[11.375,8.625,11.625,8.875],"tintindex":-2,"rotation":0,"texture":"#2"}}},{"from":[0.0,18.5,6.0],"to":[3.0,19.5,10.0],"faces":{"east":{"uv":[4.75,2.375,5.25,2.5],"tintindex":-2,"rotation":0,"texture":"#2"},"south":{"uv":[6.0,11.5,6.375,11.625],"tintindex":-2,"rotation":0,"texture":"#2"},"north":{"uv":[4.25,5.875,4.625,6.0],"tintindex":-2,"rotation":0,"texture":"#2"},"west":{"uv":[1.625,10.125,2.125,10.25],"tintindex":-2,"rotation":0,"texture":"#2"},"up":{"uv":[0.375,9.0,0.0,8.5],"tintindex":-2,"rotation":0,"texture":"#2"},"down":{"uv":[2.25,8.5,1.875,9.0],"tintindex":-2,"rotation":0,"texture":"#2"}}},{"from":[4.5,9.0,6.0],"to":[5.5,11.0,10.0],"faces":{"east":{"uv":[9.125,3.125,9.625,3.375],"tintindex":-2,"rotation":0,"texture":"#2"},"south":{"uv":[11.875,1.0,12.0,1.25],"tintindex":-2,"rotation":0,"texture":"#2"},"north":{"uv":[0.5,11.875,0.625,12.125],"tintindex":-2,"rotation":0,"texture":"#2"},"west":{"uv":[4.125,9.125,4.625,9.375],"tintindex":-2,"rotation":0,"texture":"#2"},"up":{"uv":[7.0,10.875,6.875,10.375],"tintindex":-2,"rotation":0,"texture":"#2"},"down":{"uv":[7.25,10.375,7.125,10.875],"tintindex":-2,"rotation":0,"texture":"#2"}}},{"from":[-1.0,14.5,6.0],"to":[3.0,18.5,10.0],"faces":{"east":{"uv":[6.0,5.0,6.5,5.5],"tintindex":-2,"rotation":0,"texture":"#2"},"south":{"uv":[6.0,5.625,6.5,6.125],"tintindex":-2,"rotation":0,"texture":"#2"},"north":{"uv":[6.0,1.5,6.5,2.0],"tintindex":-2,"rotation":0,"texture":"#2"},"west":{"uv":[1.25,6.125,1.75,6.625],"tintindex":-2,"rotation":0,"texture":"#2"},"up":{"uv":[6.625,4.125,6.125,3.625],"tintindex":-2,"rotation":0,"texture":"#2"},"down":{"uv":[4.75,6.125,4.25,6.625],"tintindex":-2,"rotation":0,"texture":"#2"}}},{"from":[4.075,12.0,6.05],"to":[11.925,13.0,9.95],"faces":{"east":{"uv":[15.0125,0.975,15.9875,0.0],"tintindex":-2,"rotation":90,"texture":"#0"},"south":{"uv":[15.0125,0.975,15.9875,0.0],"tintindex":-2,"rotation":90,"texture":"#0"},"north":{"uv":[15.0125,0.975,15.9875,0.0],"tintindex":-2,"rotation":90,"texture":"#0"},"west":{"uv":[15.0125,0.975,15.9875,0.0],"tintindex":-2,"rotation":90,"texture":"#0"},"up":{"uv":[15.0125,0.975,15.9875,0.0],"tintindex":-2,"rotation":90,"texture":"#0"},"down":{"uv":[15.0125,0.975,15.9875,0.0],"tintindex":-2,"rotation":90,"texture":"#0"}}},{"from":[6.7187176,7.3044996,5.5535],"to":[7.212218,7.7980003,5.6865],"faces":{"east":{"uv":[2.5,12.625,2.625,12.75],"tintindex":-2,"rotation":0,"texture":"#2"},"south":{"uv":[2.75,12.625,2.875,12.75],"tintindex":-2,"rotation":0,"texture":"#2"},"north":{"uv":[2.25,12.625,2.375,12.75],"tintindex":-2,"rotation":0,"texture":"#2"},"west":{"uv":[3.0,12.625,3.125,12.75],"tintindex":-2,"rotation":0,"texture":"#2"},"up":{"uv":[12.75,3.375,12.625,3.25],"tintindex":-2,"rotation":0,"texture":"#2"},"down":{"uv":[3.625,12.625,3.5,12.75],"tintindex":-2,"rotation":0,"texture":"#2"}},"rotation":{"origin":[6.9392176,7.5249996,5.3575],"angle":-45.0,"axis":"z"}},{"from":[8.818718,8.7045,5.5535],"to":[9.312218,9.198,5.6865],"faces":{"east":{"uv":[12.5,3.625,12.625,3.75],"tintindex":-2,"rotation":0,"texture":"#2"},"south":{"uv":[12.5,3.875,12.625,4.0],"tintindex":-2,"rotation":0,"texture":"#2"},"north":{"uv":[12.5,3.0,12.625,3.125],"tintindex":-2,"rotation":0,"texture":"#2"},"west":{"uv":[12.5,4.125,12.625,4.25],"tintindex":-2,"rotation":0,"texture":"#2"},"up":{"uv":[4.5,12.625,4.375,12.5],"tintindex":-2,"rotation":0,"texture":"#2"},"down":{"uv":[12.625,4.375,12.5,4.5],"tintindex":-2,"rotation":0,"texture":"#2"}},"rotation":{"origin":[9.039218,8.925,5.3575],"angle":-45.0,"axis":"z"}},{"from":[2.7625003,12.374983,-2.1979108],"to":[3.4625,14.074984,-1.4979109],"faces":{"east":{"uv":[8.625,12.25,8.875,12.375],"tintindex":-2,"rotation":270,"texture":"#2"},"south":{"uv":[9.125,12.5,9.0,12.25],"tintindex":-2,"rotation":0,"texture":"#2"},"north":{"uv":[9.75,12.25,9.625,12.5],"tintindex":-2,"rotation":180,"texture":"#2"},"west":{"uv":[12.25,8.625,12.5,8.75],"tintindex":-2,"rotation":90,"texture":"#2"},"up":{"uv":[13.0,3.0,13.125,3.125],"tintindex":-2,"rotation":180,"texture":"#2"},"down":{"uv":[3.25,13.0,3.375,13.125],"tintindex":-2,"rotation":0,"texture":"#2"}},"rotation":{"origin":[3.1125002,13.224983,-1.8479109],"angle":-22.5,"axis":"x"}}],"display":{"gui":{"rotation":[30,225,0]}}}