{"textures":{"0":"modelengine:entity/stolas"},"elements":[{"from":[3.75,3.8353615,5.81922],"to":[12.25,10.3353615,10.81922],"faces":{"east":{"uv":[4.129,5.754,4.746,6.496],"tintindex":-2,"rotation":0,"texture":"#0"},"south":{"uv":[3.754,3.879,4.746,4.621],"tintindex":-2,"rotation":0,"texture":"#0"},"north":{"uv":[2.754,3.879,3.746,4.621],"tintindex":-2,"rotation":0,"texture":"#0"},"west":{"uv":[5.754,4.754,6.371,5.496],"tintindex":-2,"rotation":0,"texture":"#0"},"up":{"uv":[0.996,4.871,0.004,4.254],"tintindex":-2,"rotation":0,"texture":"#0"},"down":{"uv":[5.371,2.879,4.379,3.496],"tintindex":-2,"rotation":0,"texture":"#0"}},"rotation":{"origin":[8.0,5.0853615,7.56922],"angle":22.5,"axis":"x"}},{"from":[4.749,-0.04354913,6.01722],"to":[11.251,3.9584508,9.51922],"faces":{"east":{"uv":[7.504,1.754,7.996,2.246],"tintindex":-2,"rotation":0,"texture":"#0"},"south":{"uv":[6.254,3.504,7.121,3.996],"tintindex":-2,"rotation":0,"texture":"#0"},"north":{"uv":[6.004,1.504,6.871,1.996],"tintindex":-2,"rotation":0,"texture":"#0"},"west":{"uv":[2.504,7.504,2.996,7.996],"tintindex":-2,"rotation":0,"texture":"#0"},"up":{"uv":[6.246,6.746,5.379,6.254],"tintindex":-2,"rotation":0,"texture":"#0"},"down":{"uv":[7.121,6.254,6.254,6.746],"tintindex":-2,"rotation":0,"texture":"#0"}}},{"from":[11.5,6.707451,6.26822],"to":[15.0,9.207451,8.76822],"faces":{"east":{"uv":[1.254,6.004,1.496,6.246],"tintindex":-2,"rotation":0,"texture":"#0"},"south":{"uv":[8.129,4.004,8.496,4.246],"tintindex":-2,"rotation":0,"texture":"#0"},"north":{"uv":[4.004,8.129,4.371,8.371],"tintindex":-2,"rotation":0,"texture":"#0"},"west":{"uv":[2.754,6.379,2.996,6.621],"tintindex":-2,"rotation":0,"texture":"#0"},"up":{"uv":[8.496,4.496,8.129,4.254],"tintindex":-2,"rotation":0,"texture":"#0"},"down":{"uv":[8.496,4.504,8.129,4.746],"tintindex":-2,"rotation":0,"texture":"#0"}},"rotation":{"origin":[13.5,7.957451,7.51822],"angle":22.5,"axis":"z"}},{"from":[6.25,9.5172615,6.63592],"to":[9.75,12.7672615,10.13592],"faces":{"east":{"uv":[6.254,8.004,6.621,8.371],"tintindex":-2,"rotation":0,"texture":"#0"},"south":{"uv":[6.629,8.004,6.996,8.371],"tintindex":-2,"rotation":0,"texture":"#0"},"north":{"uv":[4.379,3.504,4.746,3.871],"tintindex":-2,"rotation":0,"texture":"#0"},"west":{"uv":[8.004,6.754,8.371,7.121],"tintindex":-2,"rotation":0,"texture":"#0"},"up":{"uv":[8.496,0.621,8.129,0.254],"tintindex":-2,"rotation":0,"texture":"#0"},"down":{"uv":[8.496,0.629,8.129,0.996],"tintindex":-2,"rotation":0,"texture":"#0"}},"rotation":{"origin":[8.0,11.7672615,8.38592],"angle":-22.5,"axis":"x"}},{"from":[5.25,8.5172615,5.63592],"to":[10.75,11.0172615,11.13592],"faces":{"east":{"uv":[7.754,5.504,8.371,5.746],"tintindex":-2,"rotation":0,"texture":"#0"},"south":{"uv":[8.004,0.004,8.621,0.246],"tintindex":-2,"rotation":0,"texture":"#0"},"north":{"uv":[4.754,2.504,5.371,2.746],"tintindex":-2,"rotation":0,"texture":"#0"},"west":{"uv":[8.004,1.754,8.621,1.996],"tintindex":-2,"rotation":0,"texture":"#0"},"up":{"uv":[7.121,3.496,6.504,2.879],"tintindex":-2,"rotation":0,"texture":"#0"},"down":{"uv":[7.246,0.004,6.629,0.621],"tintindex":-2,"rotation":0,"texture":"#0"}}},{"from":[1.0,6.707451,6.26822],"to":[4.5,9.207451,8.76822],"faces":{"east":{"uv":[1.504,5.004,1.746,5.246],"tintindex":-2,"rotation":0,"texture":"#0"},"south":{"uv":[7.254,0.379,7.621,0.621],"tintindex":-2,"rotation":0,"texture":"#0"},"north":{"uv":[5.379,6.004,5.746,6.246],"tintindex":-2,"rotation":0,"texture":"#0"},"west":{"uv":[3.004,5.379,3.246,5.621],"tintindex":-2,"rotation":0,"texture":"#0"},"up":{"uv":[8.496,3.746,8.129,3.504],"tintindex":-2,"rotation":0,"texture":"#0"},"down":{"uv":[8.496,3.754,8.129,3.996],"tintindex":-2,"rotation":0,"texture":"#0"}},"rotation":{"origin":[2.5,7.957451,7.51822],"angle":-22.5,"axis":"z"}},{"from":[4.75,-0.042549133,6.01822],"to":[5.25,1.9574509,9.51822],"faces":{"east":{"uv":[4.754,5.754,5.246,5.996],"tintindex":-2,"rotation":0,"texture":"#0"},"south":{"uv":[7.004,2.629,7.121,2.871],"tintindex":-2,"rotation":0,"texture":"#0"},"north":{"uv":[5.379,1.629,5.496,1.871],"tintindex":-2,"rotation":0,"texture":"#0"},"west":{"uv":[6.879,5.504,7.371,5.746],"tintindex":-2,"rotation":0,"texture":"#0"},"up":{"uv":[1.871,2.996,1.754,2.504],"tintindex":-2,"rotation":0,"texture":"#0"},"down":{"uv":[1.996,2.504,1.879,2.996],"tintindex":-2,"rotation":0,"texture":"#0"}},"rotation":{"origin":[8.0,1.9574509,7.76822],"angle":-22.5,"axis":"z"}},{"from":[10.75,-0.042549133,6.01822],"to":[11.25,1.9574509,9.51822],"faces":{"east":{"uv":[8.004,2.004,8.496,2.246],"tintindex":-2,"rotation":0,"texture":"#0"},"south":{"uv":[4.379,7.379,4.496,7.621],"tintindex":-2,"rotation":0,"texture":"#0"},"north":{"uv":[7.379,1.754,7.496,1.996],"tintindex":-2,"rotation":0,"texture":"#0"},"west":{"uv":[1.004,8.129,1.496,8.371],"tintindex":-2,"rotation":0,"texture":"#0"},"up":{"uv":[5.496,1.621,5.379,1.129],"tintindex":-2,"rotation":0,"texture":"#0"},"down":{"uv":[5.871,2.004,5.754,2.496],"tintindex":-2,"rotation":0,"texture":"#0"}},"rotation":{"origin":[8.0,1.9574509,7.76822],"angle":22.5,"axis":"z"}},{"from":[3.749,2.706451,5.01722],"to":[12.251,9.208451,10.01922],"faces":{"east":{"uv":[3.504,5.754,4.121,6.496],"tintindex":-2,"rotation":0,"texture":"#0"},"south":{"uv":[1.754,3.879,2.746,4.621],"tintindex":-2,"rotation":0,"texture":"#0"},"north":{"uv":[3.754,2.129,4.746,2.871],"tintindex":-2,"rotation":0,"texture":"#0"},"west":{"uv":[5.754,4.004,6.371,4.746],"tintindex":-2,"rotation":0,"texture":"#0"},"up":{"uv":[4.996,0.621,4.004,0.004],"tintindex":-2,"rotation":0,"texture":"#0"},"down":{"uv":[4.996,0.629,4.004,1.246],"tintindex":-2,"rotation":0,"texture":"#0"}}}],"display":{"gui":{"rotation":[30,225,0]}}}