{"textures":{"12":"modelengine:entity/stolas_spawn"},"elements":[{"from":[1.0,1.0,1.0],"to":[15.0,15.0,15.0],"faces":{"east":{"uv":[3.5,0.0,0.0,3.5],"tintindex":-2,"rotation":0,"texture":"#12"},"south":{"uv":[3.5,0.0,7.0,3.5],"tintindex":-2,"rotation":0,"texture":"#12"},"north":{"uv":[0.0,0.0,3.5,3.5],"tintindex":-2,"rotation":0,"texture":"#12"},"west":{"uv":[7.0,0.0,3.5,3.5],"tintindex":-2,"rotation":0,"texture":"#12"},"up":{"uv":[3.5,0.0,0.0,3.5],"tintindex":-2,"rotation":0,"texture":"#12"},"down":{"uv":[3.5,3.5,7.0,0.0],"tintindex":-2,"rotation":0,"texture":"#12"}},"rotation":{"origin":[8.0,8.0,8.0],"angle":22.5,"axis":"x"}}],"display":{"gui":{"rotation":[30,225,0]}}}