{"textures":{"14":"modelengine:entity/stolas_death"},"elements":[{"from":[-3.0,7.0,6.5],"to":[19.0,10.0,9.5],"faces":{"east":{"uv":[0.0,6.0,1.5,7.5],"tintindex":-2,"rotation":0,"texture":"#14"},"south":{"uv":[0.0,0.0,11.0,1.5],"tintindex":-2,"rotation":0,"texture":"#14"},"north":{"uv":[0.0,0.0,11.0,1.5],"tintindex":-2,"rotation":0,"texture":"#14"},"west":{"uv":[1.5,6.0,3.0,7.5],"tintindex":-2,"rotation":0,"texture":"#14"},"up":{"uv":[0.0,0.0,11.0,1.5],"tintindex":-2,"rotation":0,"texture":"#14"},"down":{"uv":[0.0,0.0,11.0,1.5],"tintindex":-2,"rotation":0,"texture":"#14"}}},{"from":[0.5,9.0,9.0],"to":[22.5,12.0,12.0],"faces":{"east":{"uv":[0.0,6.0,1.5,7.5],"tintindex":-2,"rotation":0,"texture":"#14"},"south":{"uv":[0.0,0.0,11.0,1.5],"tintindex":-2,"rotation":0,"texture":"#14"},"north":{"uv":[0.0,0.0,11.0,1.5],"tintindex":-2,"rotation":0,"texture":"#14"},"west":{"uv":[1.5,6.0,3.0,7.5],"tintindex":-2,"rotation":0,"texture":"#14"},"up":{"uv":[0.0,0.0,11.0,1.5],"tintindex":-2,"rotation":0,"texture":"#14"},"down":{"uv":[0.0,0.0,11.0,1.5],"tintindex":-2,"rotation":0,"texture":"#14"}}},{"from":[2.5,8.0,4.5],"to":[24.5,11.0,7.5],"faces":{"east":{"uv":[0.0,6.0,1.5,7.5],"tintindex":-2,"rotation":0,"texture":"#14"},"south":{"uv":[0.0,0.0,11.0,1.5],"tintindex":-2,"rotation":0,"texture":"#14"},"north":{"uv":[0.0,0.0,11.0,1.5],"tintindex":-2,"rotation":0,"texture":"#14"},"west":{"uv":[1.5,6.0,3.0,7.5],"tintindex":-2,"rotation":0,"texture":"#14"},"up":{"uv":[0.0,0.0,11.0,1.5],"tintindex":-2,"rotation":0,"texture":"#14"},"down":{"uv":[0.0,0.0,11.0,1.5],"tintindex":-2,"rotation":0,"texture":"#14"}}},{"from":[-6.0,8.5,6.0],"to":[16.0,11.5,9.0],"faces":{"east":{"uv":[0.0,6.0,1.5,7.5],"tintindex":-2,"rotation":0,"texture":"#14"},"south":{"uv":[0.0,0.0,11.0,1.5],"tintindex":-2,"rotation":0,"texture":"#14"},"north":{"uv":[0.0,0.0,11.0,1.5],"tintindex":-2,"rotation":0,"texture":"#14"},"west":{"uv":[1.5,6.0,3.0,7.5],"tintindex":-2,"rotation":0,"texture":"#14"},"up":{"uv":[0.0,0.0,11.0,1.5],"tintindex":-2,"rotation":0,"texture":"#14"},"down":{"uv":[0.0,0.0,11.0,1.5],"tintindex":-2,"rotation":0,"texture":"#14"}}},{"from":[-10.0,6.5,8.0],"to":[12.0,9.5,11.0],"faces":{"east":{"uv":[0.0,6.0,1.5,7.5],"tintindex":-2,"rotation":0,"texture":"#14"},"south":{"uv":[0.0,0.0,11.0,1.5],"tintindex":-2,"rotation":0,"texture":"#14"},"north":{"uv":[0.0,0.0,11.0,1.5],"tintindex":-2,"rotation":0,"texture":"#14"},"west":{"uv":[1.5,6.0,3.0,7.5],"tintindex":-2,"rotation":0,"texture":"#14"},"up":{"uv":[0.0,0.0,11.0,1.5],"tintindex":-2,"rotation":0,"texture":"#14"},"down":{"uv":[0.0,0.0,11.0,1.5],"tintindex":-2,"rotation":0,"texture":"#14"}}}],"display":{"gui":{"rotation":[30,225,0]}}}