{"textures":{"0":"modelengine:entity/stolas"},"elements":[{"from":[-0.5,7.25,5.0],"to":[5.25,9.75,11.0],"faces":{"east":{"uv":[1.004,7.254,1.746,7.621],"tintindex":-2,"rotation":0,"texture":"#0"},"south":{"uv":[1.754,7.254,2.496,7.621],"tintindex":-2,"rotation":0,"texture":"#0"},"north":{"uv":[7.254,0.004,7.996,0.371],"tintindex":-2,"rotation":0,"texture":"#0"},"west":{"uv":[7.379,1.379,8.121,1.746],"tintindex":-2,"rotation":0,"texture":"#0"},"up":{"uv":[1.746,4.996,1.004,4.254],"tintindex":-2,"rotation":0,"texture":"#0"},"down":{"uv":[5.371,1.254,4.629,1.996],"tintindex":-2,"rotation":0,"texture":"#0"}},"rotation":{"origin":[2.0,8.0,8.0],"angle":-22.5,"axis":"z"}},{"from":[3.5,5.75,4.25],"to":[7.0,9.25,11.75],"faces":{"east":{"uv":[4.754,2.004,5.746,2.496],"tintindex":-2,"rotation":0,"texture":"#0"},"south":{"uv":[7.504,6.754,7.996,7.246],"tintindex":-2,"rotation":0,"texture":"#0"},"north":{"uv":[6.504,7.504,6.996,7.996],"tintindex":-2,"rotation":0,"texture":"#0"},"west":{"uv":[5.254,3.504,6.246,3.996],"tintindex":-2,"rotation":0,"texture":"#0"},"up":{"uv":[1.496,5.996,1.004,5.004],"tintindex":-2,"rotation":0,"texture":"#0"},"down":{"uv":[5.746,4.004,5.254,4.996],"tintindex":-2,"rotation":0,"texture":"#0"}},"rotation":{"origin":[5.0,7.75,8.0],"angle":-45.0,"axis":"z"}},{"from":[4.75,7.25,5.0],"to":[10.5,9.75,11.0],"faces":{"east":{"uv":[7.379,3.879,8.121,4.246],"tintindex":-2,"rotation":0,"texture":"#0"},"south":{"uv":[7.379,4.254,8.121,4.621],"tintindex":-2,"rotation":0,"texture":"#0"},"north":{"uv":[3.254,7.379,3.996,7.746],"tintindex":-2,"rotation":0,"texture":"#0"},"west":{"uv":[7.379,4.629,8.121,4.996],"tintindex":-2,"rotation":0,"texture":"#0"},"up":{"uv":[2.496,5.371,1.754,4.629],"tintindex":-2,"rotation":0,"texture":"#0"},"down":{"uv":[3.246,4.629,2.504,5.371],"tintindex":-2,"rotation":0,"texture":"#0"}},"rotation":{"origin":[8.0,8.0,8.0],"angle":22.5,"axis":"z"}}],"display":{"gui":{"rotation":[30,225,0]}}}