{"textures":{"0":"modelengine:entity/stolas"},"elements":[{"from":[4.25,8.25,4.4239197],"to":[11.75,15.75,11.92392],"faces":{"east":{"uv":[2.629,3.004,3.496,3.871],"tintindex":-2,"rotation":0,"texture":"#0"},"south":{"uv":[0.004,3.379,0.871,4.246],"tintindex":-2,"rotation":0,"texture":"#0"},"north":{"uv":[1.754,3.004,2.621,3.871],"tintindex":-2,"rotation":0,"texture":"#0"},"west":{"uv":[0.879,3.379,1.746,4.246],"tintindex":-2,"rotation":0,"texture":"#0"},"up":{"uv":[4.371,3.871,3.504,3.004],"tintindex":-2,"rotation":0,"texture":"#0"},"down":{"uv":[4.621,1.254,3.754,2.121],"tintindex":-2,"rotation":0,"texture":"#0"}}},{"from":[4.5,8.5,4.72024],"to":[11.5,15.5,11.72024],"faces":{"east":{"uv":[2.004,2.129,2.871,2.996],"tintindex":-2,"rotation":0,"texture":"#0"},"south":{"uv":[0.004,2.504,0.871,3.371],"tintindex":-2,"rotation":0,"texture":"#0"},"north":{"uv":[2.004,1.254,2.871,2.121],"tintindex":-2,"rotation":0,"texture":"#0"},"west":{"uv":[0.879,2.504,1.746,3.371],"tintindex":-2,"rotation":0,"texture":"#0"},"up":{"uv":[3.746,2.121,2.879,1.254],"tintindex":-2,"rotation":0,"texture":"#0"},"down":{"uv":[3.746,2.129,2.879,2.996],"tintindex":-2,"rotation":0,"texture":"#0"}}}],"display":{"gui":{"rotation":[30,225,0]}}}