{"textures":{"0":"modelengine:entity/stolas"},"elements":[{"from":[6.0,1.0,6.0],"to":[10.0,9.0,10.0],"faces":{"east":{"uv":[1.504,5.379,1.996,6.371],"tintindex":-2,"rotation":0,"texture":"#0"},"south":{"uv":[2.004,5.379,2.496,6.371],"tintindex":-2,"rotation":0,"texture":"#0"},"north":{"uv":[5.254,5.004,5.746,5.996],"tintindex":-2,"rotation":0,"texture":"#0"},"west":{"uv":[2.504,5.379,2.996,6.371],"tintindex":-2,"rotation":0,"texture":"#0"},"up":{"uv":[0.496,8.246,0.004,7.754],"tintindex":-2,"rotation":0,"texture":"#0"},"down":{"uv":[0.996,7.754,0.504,8.246],"tintindex":-2,"rotation":0,"texture":"#0"}}}],"display":{"gui":{"rotation":[30,225,0]}}}