{"textures":{"0":"modelengine:entity/stolas"},"elements":[{"from":[-1.0,9.171572,7.5],"to":[0.41420984,10.585791,8.5],"faces":{"east":{"uv":[3.121,5.629,3.004,5.746],"tintindex":-2,"rotation":0,"texture":"#0"},"south":{"uv":[5.496,1.879,5.379,1.996],"tintindex":-2,"rotation":0,"texture":"#0"},"north":{"uv":[1.746,5.254,1.629,5.371],"tintindex":-2,"rotation":0,"texture":"#0"},"west":{"uv":[5.371,2.754,5.254,2.871],"tintindex":-2,"rotation":0,"texture":"#0"},"up":{"uv":[3.129,5.746,3.246,5.629],"tintindex":-2,"rotation":0,"texture":"#0"},"down":{"uv":[1.254,6.254,1.371,6.371],"tintindex":-2,"rotation":0,"texture":"#0"}},"rotation":{"origin":[0.0,9.585791,8.0],"angle":-45.0,"axis":"z"}},{"from":[-0.005,8.995,7.495],"to":[4.005,11.005,8.505],"faces":{"east":{"uv":[8.246,6.254,8.129,6.496],"tintindex":-2,"rotation":0,"texture":"#0"},"south":{"uv":[8.621,3.254,8.129,3.496],"tintindex":-2,"rotation":0,"texture":"#0"},"north":{"uv":[8.621,3.004,8.129,3.246],"tintindex":-2,"rotation":0,"texture":"#0"},"west":{"uv":[7.621,2.254,7.504,2.496],"tintindex":-2,"rotation":0,"texture":"#0"},"up":{"uv":[6.379,6.246,6.871,6.129],"tintindex":-2,"rotation":0,"texture":"#0"},"down":{"uv":[7.629,3.754,8.121,3.871],"tintindex":-2,"rotation":0,"texture":"#0"}}},{"from":[3.0,9.171572,7.5],"to":[4.4142103,10.585791,8.5],"faces":{"east":{"uv":[5.246,1.129,5.129,1.246],"tintindex":-2,"rotation":0,"texture":"#0"},"south":{"uv":[5.121,1.129,5.004,1.246],"tintindex":-2,"rotation":0,"texture":"#0"},"north":{"uv":[4.371,2.879,4.254,2.996],"tintindex":-2,"rotation":0,"texture":"#0"},"west":{"uv":[4.746,2.004,4.629,2.121],"tintindex":-2,"rotation":0,"texture":"#0"},"up":{"uv":[5.254,1.246,5.371,1.129],"tintindex":-2,"rotation":0,"texture":"#0"},"down":{"uv":[1.504,5.254,1.621,5.371],"tintindex":-2,"rotation":0,"texture":"#0"}},"rotation":{"origin":[4.0,9.585791,8.0],"angle":-45.0,"axis":"z"}},{"from":[-12.0,6.0,8.0],"to":[4.0,11.0,8.0],"faces":{"south":{"uv":[1.996,0.629,0.004,1.246],"tintindex":-2,"rotation":0,"texture":"#0"},"north":{"uv":[0.004,0.629,1.996,1.246],"tintindex":-2,"rotation":0,"texture":"#0"}}}],"display":{"gui":{"rotation":[30,225,0]}}}