{"textures":{"0":"modelengine:entity/stolas"},"elements":[{"from":[5.85,-1.0,8.0],"to":[9.85,8.0,12.0],"faces":{"east":{"uv":[3.754,4.629,4.246,5.746],"tintindex":-2,"rotation":0,"texture":"#0"},"south":{"uv":[4.254,4.629,4.746,5.746],"tintindex":-2,"rotation":0,"texture":"#0"},"north":{"uv":[3.254,4.629,3.746,5.746],"tintindex":-2,"rotation":0,"texture":"#0"},"west":{"uv":[4.754,3.504,5.246,4.621],"tintindex":-2,"rotation":0,"texture":"#0"},"up":{"uv":[1.496,8.121,1.004,7.629],"tintindex":-2,"rotation":0,"texture":"#0"},"down":{"uv":[1.996,7.629,1.504,8.121],"tintindex":-2,"rotation":0,"texture":"#0"}}}],"display":{"gui":{"rotation":[30,225,0]}}}