{"textures":{"0":"modelengine:entity/stolas"},"elements":[{"from":[5.75,2.25,5.75],"to":[10.25,9.25,10.25],"faces":{"east":{"uv":[1.754,6.379,2.246,7.246],"tintindex":-2,"rotation":0,"texture":"#0"},"south":{"uv":[2.254,6.379,2.746,7.246],"tintindex":-2,"rotation":0,"texture":"#0"},"north":{"uv":[1.254,6.379,1.746,7.246],"tintindex":-2,"rotation":0,"texture":"#0"},"west":{"uv":[6.379,4.004,6.871,4.871],"tintindex":-2,"rotation":0,"texture":"#0"},"up":{"uv":[8.121,0.871,7.629,0.379],"tintindex":-2,"rotation":0,"texture":"#0"},"down":{"uv":[8.121,0.879,7.629,1.371],"tintindex":-2,"rotation":0,"texture":"#0"}}}],"display":{"gui":{"rotation":[30,225,0]}}}