{"textures":{"0":"modelengine:entity/stolas"},"elements":[{"from":[3.75,2.875,5.125],"to":[8.25,8.375,9.625],"faces":{"east":{"uv":[7.004,2.004,7.496,2.621],"tintindex":-2,"rotation":0,"texture":"#0"},"south":{"uv":[5.496,7.129,5.004,7.746],"tintindex":-2,"rotation":0,"texture":"#0"},"north":{"uv":[7.621,3.254,7.129,3.871],"tintindex":-2,"rotation":0,"texture":"#0"},"west":{"uv":[4.996,7.129,4.504,7.746],"tintindex":-2,"rotation":0,"texture":"#0"},"up":{"uv":[3.004,8.246,3.496,7.754],"tintindex":-2,"rotation":0,"texture":"#0"},"down":{"uv":[8.121,6.254,7.629,6.746],"tintindex":-2,"rotation":0,"texture":"#0"}}},{"from":[3.7498,1.1248,7.3748],"to":[8.2502,3.6252,9.8752],"faces":{"east":{"uv":[4.504,6.504,4.746,6.746],"tintindex":-2,"rotation":0,"texture":"#0"},"south":{"uv":[8.129,1.254,8.621,1.496],"tintindex":-2,"rotation":0,"texture":"#0"},"north":{"uv":[8.129,1.004,8.621,1.246],"tintindex":-2,"rotation":0,"texture":"#0"},"west":{"uv":[1.004,6.754,1.246,6.996],"tintindex":-2,"rotation":0,"texture":"#0"},"up":{"uv":[1.996,8.371,1.504,8.129],"tintindex":-2,"rotation":0,"texture":"#0"},"down":{"uv":[8.621,1.504,8.129,1.746],"tintindex":-2,"rotation":0,"texture":"#0"}}}],"display":{"gui":{"rotation":[30,225,0]}}}