{"textures":{"0":"modelengine:entity/stolas"},"elements":[{"from":[6.0,1.0,6.0],"to":[10.0,9.0,10.0],"faces":{"east":{"uv":[5.504,0.004,5.996,0.996],"tintindex":-2,"rotation":0,"texture":"#0"},"south":{"uv":[5.504,1.004,5.996,1.996],"tintindex":-2,"rotation":0,"texture":"#0"},"north":{"uv":[5.379,2.504,5.871,3.496],"tintindex":-2,"rotation":0,"texture":"#0"},"west":{"uv":[3.004,5.754,3.496,6.746],"tintindex":-2,"rotation":0,"texture":"#0"},"up":{"uv":[4.871,8.246,4.379,7.754],"tintindex":-2,"rotation":0,"texture":"#0"},"down":{"uv":[5.371,7.754,4.879,8.246],"tintindex":-2,"rotation":0,"texture":"#0"}}}],"display":{"gui":{"rotation":[30,225,0]}}}