{"textures":{"0":"modelengine:entity/stolas"},"elements":[{"from":[6.15,-1.0,8.0],"to":[10.15,8.0,12.0],"faces":{"east":{"uv":[0.004,4.879,0.496,5.996],"tintindex":-2,"rotation":0,"texture":"#0"},"south":{"uv":[0.504,4.879,0.996,5.996],"tintindex":-2,"rotation":0,"texture":"#0"},"north":{"uv":[4.754,4.629,5.246,5.746],"tintindex":-2,"rotation":0,"texture":"#0"},"west":{"uv":[5.004,0.004,5.496,1.121],"tintindex":-2,"rotation":0,"texture":"#0"},"up":{"uv":[8.121,3.246,7.629,2.754],"tintindex":-2,"rotation":0,"texture":"#0"},"down":{"uv":[8.121,3.254,7.629,3.746],"tintindex":-2,"rotation":0,"texture":"#0"}}}],"display":{"gui":{"rotation":[30,225,0]}}}