{"textures":{"0":"modelengine:entity/stolas"},"elements":[{"from":[5.75,2.25,5.75],"to":[10.25,9.25,10.25],"faces":{"east":{"uv":[6.504,2.004,6.996,2.871],"tintindex":-2,"rotation":0,"texture":"#0"},"south":{"uv":[3.504,6.504,3.996,7.371],"tintindex":-2,"rotation":0,"texture":"#0"},"north":{"uv":[6.379,4.879,6.871,5.746],"tintindex":-2,"rotation":0,"texture":"#0"},"west":{"uv":[4.004,6.504,4.496,7.371],"tintindex":-2,"rotation":0,"texture":"#0"},"up":{"uv":[2.496,8.121,2.004,7.629],"tintindex":-2,"rotation":0,"texture":"#0"},"down":{"uv":[8.121,2.254,7.629,2.746],"tintindex":-2,"rotation":0,"texture":"#0"}}}],"display":{"gui":{"rotation":[30,225,0]}}}