{"textures":{"0":"modelengine:entity/stolas"},"elements":[{"from":[7.75,2.875,5.125],"to":[12.25,8.375,9.625],"faces":{"east":{"uv":[4.504,7.129,4.996,7.746],"tintindex":-2,"rotation":0,"texture":"#0"},"south":{"uv":[5.004,7.129,5.496,7.746],"tintindex":-2,"rotation":0,"texture":"#0"},"north":{"uv":[7.129,3.254,7.621,3.871],"tintindex":-2,"rotation":0,"texture":"#0"},"west":{"uv":[5.504,7.129,5.996,7.746],"tintindex":-2,"rotation":0,"texture":"#0"},"up":{"uv":[3.496,8.246,3.004,7.754],"tintindex":-2,"rotation":0,"texture":"#0"},"down":{"uv":[3.996,7.754,3.504,8.246],"tintindex":-2,"rotation":0,"texture":"#0"}}},{"from":[7.7498,1.1248,7.3748],"to":[12.2502,3.6252,9.8752],"faces":{"east":{"uv":[3.254,6.754,3.496,6.996],"tintindex":-2,"rotation":0,"texture":"#0"},"south":{"uv":[8.129,2.254,8.621,2.496],"tintindex":-2,"rotation":0,"texture":"#0"},"north":{"uv":[2.004,8.129,2.496,8.371],"tintindex":-2,"rotation":0,"texture":"#0"},"west":{"uv":[1.004,7.004,1.246,7.246],"tintindex":-2,"rotation":0,"texture":"#0"},"up":{"uv":[8.621,2.746,8.129,2.504],"tintindex":-2,"rotation":0,"texture":"#0"},"down":{"uv":[8.621,2.754,8.129,2.996],"tintindex":-2,"rotation":0,"texture":"#0"}}}],"display":{"gui":{"rotation":[30,225,0]}}}