{"textures":{"0":"modelengine:entity/stolas"},"elements":[{"from":[7.0,7.0,7.0],"to":[9.0,9.0,9.0],"faces":{"east":{"uv":[2.504,7.254,2.746,7.496],"tintindex":-2,"rotation":0,"texture":"#0"},"south":{"uv":[7.379,5.754,7.621,5.996],"tintindex":-2,"rotation":0,"texture":"#0"},"north":{"uv":[7.621,5.754,7.379,5.996],"tintindex":-2,"rotation":0,"texture":"#0"},"west":{"uv":[3.004,7.504,3.246,7.746],"tintindex":-2,"rotation":0,"texture":"#0"},"up":{"uv":[6.496,7.996,6.254,7.754],"tintindex":-2,"rotation":0,"texture":"#0"},"down":{"uv":[8.371,4.754,8.129,4.996],"tintindex":-2,"rotation":0,"texture":"#0"}},"rotation":{"origin":[8.0,8.0,8.0],"angle":45.0,"axis":"z"}},{"from":[6.0,6.0,7.5],"to":[10.0,10.0,8.5],"faces":{"east":{"uv":[2.879,8.004,2.996,8.496],"tintindex":-2,"rotation":0,"texture":"#0"},"south":{"uv":[5.379,7.754,5.871,8.246],"tintindex":-2,"rotation":0,"texture":"#0"},"north":{"uv":[5.871,7.754,5.379,8.246],"tintindex":-2,"rotation":0,"texture":"#0"},"west":{"uv":[8.129,5.754,8.246,6.246],"tintindex":-2,"rotation":0,"texture":"#0"},"up":{"uv":[4.246,2.996,3.754,2.879],"tintindex":-2,"rotation":0,"texture":"#0"},"down":{"uv":[5.246,2.754,4.754,2.871],"tintindex":-2,"rotation":0,"texture":"#0"}},"rotation":{"origin":[8.0,8.0,8.0],"angle":45.0,"axis":"z"}}],"display":{"gui":{"rotation":[30,225,0]}}}