{
	"credit": "Made with Blockbench",
	"texture_size": [32, 32],
	"textures": {
		"0": "item/2tier/bow/bows2",
		"1": "item/2tier/bow/texturearrow"
	},
	"elements": [
		{
			"from": [11.43211, 6.79289, 7.9],
			"to": [12.68211, 9.29289, 9.1],
			"rotation": {"angle": 0, "axis": "y", "origin": [11.20711, 4.79289, 8.5]},
			"faces": {
				"north": {"uv": [5.5, 4.5, 6.125, 5.75], "texture": "#0"},
				"east": {"uv": [3.5, 6, 4.125, 7.25], "texture": "#0"},
				"south": {"uv": [4.5, 6, 5.125, 7.25], "texture": "#0"},
				"west": {"uv": [5.5, 6, 6.125, 7.25], "texture": "#0"},
				"up": {"uv": [8.125, 8.125, 7.5, 7.5], "texture": "#0"},
				"down": {"uv": [8.625, 3.5, 8, 4.125], "texture": "#0"}
			}
		},
		{
			"from": [10, 12, 8],
			"to": [11, 15, 9],
			"faces": {
				"north": {"uv": [0, 6, 0.5, 7.5], "texture": "#0"},
				"east": {"uv": [6.5, 4.5, 7, 6], "texture": "#0"},
				"south": {"uv": [6.5, 6, 7, 7.5], "texture": "#0"},
				"west": {"uv": [7, 4.5, 7.5, 6], "texture": "#0"},
				"up": {"uv": [9.5, 4.5, 9, 4], "texture": "#0"},
				"down": {"uv": [5, 9, 4.5, 9.5], "texture": "#0"}
			}
		},
		{
			"from": [9.70711, 10.70711, 8.05],
			"to": [12.70711, 11.70711, 8.95],
			"rotation": {"angle": -22.5, "axis": "z", "origin": [11.20711, 11.20711, 8.5]},
			"faces": {
				"north": {"uv": [7, 6, 8.5, 6.5], "texture": "#0"},
				"east": {"uv": [5, 9, 5.5, 9.5], "texture": "#0"},
				"south": {"uv": [7, 6.5, 8.5, 7], "texture": "#0"},
				"west": {"uv": [9, 5, 9.5, 5.5], "texture": "#0"},
				"up": {"uv": [8.5, 7.5, 7, 7], "texture": "#0"},
				"down": {"uv": [9, 1.5, 7.5, 2], "texture": "#0"}
			}
		},
		{
			"from": [10, 1, 8],
			"to": [11, 4, 9],
			"rotation": {"angle": 0, "axis": "y", "origin": [0, 16, 0]},
			"faces": {
				"north": {"uv": [0, 7.5, 0.5, 9], "texture": "#0"},
				"east": {"uv": [3.5, 7.5, 4, 9], "texture": "#0"},
				"south": {"uv": [7.5, 3.5, 8, 5], "texture": "#0"},
				"west": {"uv": [4, 7.5, 4.5, 9], "texture": "#0"},
				"up": {"uv": [6, 9.5, 5.5, 9], "texture": "#0"},
				"down": {"uv": [9.5, 5.5, 9, 6], "texture": "#0"}
			}
		},
		{
			"from": [9.70711, 4.29289, 8.05],
			"to": [12.70711, 5.29289, 8.95],
			"rotation": {"angle": 22.5, "axis": "z", "origin": [11.20711, 4.79289, 8.5]},
			"faces": {
				"north": {"uv": [7.5, 2, 9, 2.5], "texture": "#0"},
				"east": {"uv": [6, 9, 6.5, 9.5], "texture": "#0"},
				"south": {"uv": [7.5, 2.5, 9, 3], "texture": "#0"},
				"west": {"uv": [6.5, 9, 7, 9.5], "texture": "#0"},
				"up": {"uv": [6, 8, 4.5, 7.5], "texture": "#0"},
				"down": {"uv": [9, 5, 7.5, 5.5], "texture": "#0"}
			}
		},
		{
			"from": [11.68211, 5.54289, 8.15],
			"to": [12.43211, 10.54289, 8.85],
			"rotation": {"angle": 0, "axis": "y", "origin": [11.20711, 4.79289, 8.5]},
			"faces": {
				"north": {"uv": [3.5, 3.5, 3.875, 6], "texture": "#0"},
				"east": {"uv": [4, 3.5, 4.375, 6], "texture": "#0"},
				"south": {"uv": [4.5, 3.5, 4.875, 6], "texture": "#0"},
				"west": {"uv": [5, 3.5, 5.375, 6], "texture": "#0"},
				"up": {"uv": [0.375, 9.875, 0, 9.5], "texture": "#0"},
				"down": {"uv": [9.875, 3.5, 9.5, 3.875], "texture": "#0"}
			}
		},
		{
			"from": [12.47875, 6.39094, 8.375],
			"to": [15.47875, 6.64094, 8.625],
			"rotation": {"angle": 45, "axis": "z", "origin": [13.97875, 5.94094, 8.5]},
			"faces": {
				"north": {"uv": [7, 9, 8.5, 9.125], "texture": "#0"},
				"east": {"uv": [10.5, 5.5, 10.625, 5.625], "texture": "#0"},
				"south": {"uv": [9, 8, 10.5, 8.125], "texture": "#0"},
				"west": {"uv": [6, 10.5, 6.125, 10.625], "texture": "#0"},
				"up": {"uv": [10, 9.125, 8.5, 9], "texture": "#0"},
				"down": {"uv": [10.5, 8.5, 9, 8.625], "texture": "#0"}
			}
		},
		{
			"from": [12.47875, 9.35906, 8.375],
			"to": [15.47875, 9.60906, 8.625],
			"rotation": {"angle": -45, "axis": "z", "origin": [13.97875, 10.05906, 8.5]},
			"faces": {
				"north": {"uv": [9.5, 1.5, 11, 1.625], "texture": "#0"},
				"east": {"uv": [10.5, 6, 10.625, 6.125], "texture": "#0"},
				"south": {"uv": [9.5, 2, 11, 2.125], "texture": "#0"},
				"west": {"uv": [6.5, 10.5, 6.625, 10.625], "texture": "#0"},
				"up": {"uv": [11, 2.625, 9.5, 2.5], "texture": "#0"},
				"down": {"uv": [5, 9.5, 3.5, 9.625], "texture": "#0"}
			}
		},
		{
			"from": [11, 14, 7.975],
			"to": [12, 20, 9.025],
			"rotation": {"angle": 45, "axis": "z", "origin": [10.5, 13.5, 8.5]},
			"faces": {
				"north": {"uv": [0, 0, 0.5, 3], "texture": "#0"},
				"east": {"uv": [0.5, 0, 1, 3], "texture": "#0"},
				"south": {"uv": [1, 0, 1.5, 3], "texture": "#0"},
				"west": {"uv": [1.5, 0, 2, 3], "texture": "#0"},
				"up": {"uv": [9, 8.5, 8.5, 8], "texture": "#0"},
				"down": {"uv": [0.5, 9, 0, 9.5], "texture": "#0"}
			}
		},
		{
			"from": [11, -4, 7.975],
			"to": [12, 2, 9.025],
			"rotation": {"angle": -45, "axis": "z", "origin": [10.5, 2.5, 8.5]},
			"faces": {
				"north": {"uv": [2, 0, 2.5, 3], "texture": "#0"},
				"east": {"uv": [2.5, 0, 3, 3], "texture": "#0"},
				"south": {"uv": [0, 3, 0.5, 6], "texture": "#0"},
				"west": {"uv": [3, 0, 3.5, 3], "texture": "#0"},
				"up": {"uv": [9.5, 2, 9, 1.5], "texture": "#0"},
				"down": {"uv": [9.5, 2, 9, 2.5], "texture": "#0"}
			}
		},
		{
			"from": [4.89752, 18.39169, 8.025],
			"to": [8.14752, 19.39169, 8.975],
			"rotation": {"angle": -22.5, "axis": "z", "origin": [6.52252, 18.89169, 8.5]},
			"faces": {
				"north": {"uv": [3.5, 1.5, 5.125, 2], "texture": "#0"},
				"east": {"uv": [9, 2.5, 9.5, 3], "texture": "#0"},
				"south": {"uv": [3.5, 2, 5.125, 2.5], "texture": "#0"},
				"west": {"uv": [3.5, 9, 4, 9.5], "texture": "#0"},
				"up": {"uv": [5.125, 3, 3.5, 2.5], "texture": "#0"},
				"down": {"uv": [7.125, 1.5, 5.5, 2], "texture": "#0"}
			}
		},
		{
			"from": [4.89752, -3.39169, 8.025],
			"to": [8.14752, -2.39169, 8.975],
			"rotation": {"angle": 22.5, "axis": "z", "origin": [6.52252, -2.89169, 8.5]},
			"faces": {
				"north": {"uv": [5.5, 2, 7.125, 2.5], "texture": "#0"},
				"east": {"uv": [9, 3.5, 9.5, 4], "texture": "#0"},
				"south": {"uv": [5.5, 2.5, 7.125, 3], "texture": "#0"},
				"west": {"uv": [4, 9, 4.5, 9.5], "texture": "#0"},
				"up": {"uv": [7.125, 4, 5.5, 3.5], "texture": "#0"},
				"down": {"uv": [7.125, 4, 5.5, 4.5], "texture": "#0"}
			}
		},
		{
			"from": [12.94076, 9.50197, 8.5],
			"to": [16.04076, 9.90197, 8.5],
			"rotation": {"angle": -45, "axis": "z", "origin": [14.26576, 10.75197, 8.5]},
			"faces": {
				"north": {"uv": [4.5, 8, 6, 8.25], "texture": "#0"},
				"east": {"uv": [0, 0, 0, 0.25], "texture": "#0"},
				"south": {"uv": [8, 4.5, 9.5, 4.75], "texture": "#0"},
				"west": {"uv": [0, 0, 0, 0.25], "texture": "#0"},
				"up": {"uv": [1.5, 0, 0, 0], "texture": "#0"},
				"down": {"uv": [1.5, 0, 0, 0], "texture": "#0"}
			}
		},
		{
			"from": [9.70711, 11.70711, 8.5],
			"to": [12.70711, 12.20711, 8.5],
			"rotation": {"angle": -22.5, "axis": "z", "origin": [11.20711, 11.20711, 8.5]},
			"faces": {
				"north": {"uv": [6, 8, 7.5, 8.25], "texture": "#0"},
				"east": {"uv": [0, 0, 0, 0.25], "texture": "#0"},
				"south": {"uv": [4.5, 8.5, 6, 8.75], "texture": "#0"},
				"west": {"uv": [0, 0, 0, 0.25], "texture": "#0"},
				"up": {"uv": [1.5, 0, 0, 0], "texture": "#0"},
				"down": {"uv": [1.5, 0, 0, 0], "texture": "#0"}
			}
		},
		{
			"from": [9.70711, 3.79289, 8.5],
			"to": [12.70711, 4.29289, 8.5],
			"rotation": {"angle": 22.5, "axis": "z", "origin": [11.20711, 4.79289, 8.5]},
			"faces": {
				"north": {"uv": [6, 8.5, 7.5, 8.75], "texture": "#0"},
				"east": {"uv": [0, 0, 0, 0.25], "texture": "#0"},
				"south": {"uv": [8.5, 6, 10, 6.25], "texture": "#0"},
				"west": {"uv": [0, 0, 0, 0.25], "texture": "#0"},
				"up": {"uv": [1.5, 0, 0, 0], "texture": "#0"},
				"down": {"uv": [1.5, 0, 0, 0], "texture": "#0"}
			}
		},
		{
			"from": [12.94076, 6.09803, 8.5],
			"to": [16.04076, 6.49803, 8.5],
			"rotation": {"angle": 45, "axis": "z", "origin": [14.26576, 5.24803, 8.5]},
			"faces": {
				"north": {"uv": [8.5, 6.5, 10, 6.75], "texture": "#0"},
				"east": {"uv": [0, 0, 0, 0.25], "texture": "#0"},
				"south": {"uv": [8.5, 7, 10, 7.25], "texture": "#0"},
				"west": {"uv": [0, 0, 0, 0.25], "texture": "#0"},
				"up": {"uv": [1.5, 0, 0, 0], "texture": "#0"},
				"down": {"uv": [1.5, 0, 0, 0], "texture": "#0"}
			}
		},
		{
			"from": [0.98366, -2.8953, 8.5],
			"to": [1.13366, 12.6297, 8.5],
			"rotation": {"angle": 45, "axis": "z", "origin": [3.30866, 2.1047, 8.5]},
			"faces": {
				"north": {"uv": [2.5, 3.5, 2.625, 11.25], "texture": "#0"},
				"east": {"uv": [0, 0, 0, 7.75], "texture": "#0"},
				"south": {"uv": [3, 3.5, 3.125, 11.25], "texture": "#0"},
				"west": {"uv": [0, 0, 0, 7.75], "texture": "#0"},
				"up": {"uv": [0.125, 0, 0, 0], "texture": "#0"},
				"down": {"uv": [0.125, 0, 0, 0], "texture": "#0"}
			}
		},
		{
			"from": [0.98366, 3.2203, 8.5],
			"to": [1.13366, 18.8953, 8.5],
			"rotation": {"angle": -45, "axis": "z", "origin": [3.30866, 13.8953, 8.5]},
			"faces": {
				"north": {"uv": [1.5, 3.5, 1.625, 11.375], "texture": "#0"},
				"east": {"uv": [0, 0, 0, 7.875], "texture": "#0"},
				"south": {"uv": [2, 3.5, 2.125, 11.375], "texture": "#0"},
				"west": {"uv": [0, 0, 0, 7.875], "texture": "#0"},
				"up": {"uv": [0.125, 0, 0, 0], "texture": "#0"},
				"down": {"uv": [0.125, 0, 0, 0], "texture": "#0"}
			}
		},
		{
			"from": [-5.775, 8.15, 8.25],
			"to": [-3.4, 8.15, 8.75],
			"rotation": {"angle": 0, "axis": "y", "origin": [1.625, 7.9, 16.1]},
			"faces": {
				"north": {"uv": [0, 0, 1.25, 0], "texture": "#1"},
				"east": {"uv": [0, 0, 0.25, 0], "texture": "#1"},
				"south": {"uv": [0, 0, 1.25, 0], "texture": "#1"},
				"west": {"uv": [0, 0, 0.25, 0], "texture": "#1"},
				"up": {"uv": [1.25, 2.75, 0, 2.5], "texture": "#1"},
				"down": {"uv": [2.75, 2.5, 1.5, 2.75], "texture": "#1"}
			}
		},
		{
			"from": [13.2, 8.425, 8.425],
			"to": [14, 8.55, 8.575],
			"rotation": {"angle": -22.5, "axis": "z", "origin": [13.2375, 8.15, 8.5]},
			"faces": {
				"north": {"uv": [0, 3, 0.5, 3.25], "texture": "#1"},
				"east": {"uv": [3.5, 2.5, 3.75, 2.75], "texture": "#1"},
				"south": {"uv": [0.5, 3, 1, 3.25], "texture": "#1"},
				"west": {"uv": [3, 3.5, 3.25, 3.75], "texture": "#1"},
				"up": {"uv": [1.5, 3.25, 1, 3], "texture": "#1"},
				"down": {"uv": [2, 3, 1.5, 3.25], "texture": "#1"}
			}
		},
		{
			"from": [12.85, 8.425, 8.45],
			"to": [13.2, 8.55, 8.55],
			"rotation": {"angle": -45, "axis": "z", "origin": [13.2375, 8.15, 8.5]},
			"faces": {
				"north": {"uv": [3.5, 3, 3.75, 3.25], "texture": "#1"},
				"east": {"uv": [3.5, 3.5, 3.75, 3.75], "texture": "#1"},
				"south": {"uv": [0, 4, 0.25, 4.25], "texture": "#1"},
				"west": {"uv": [0.5, 4, 0.75, 4.25], "texture": "#1"},
				"up": {"uv": [1.25, 4.25, 1, 4], "texture": "#1"},
				"down": {"uv": [1.75, 4, 1.5, 4.25], "texture": "#1"}
			}
		},
		{
			"from": [13.175, 7.7, 8.425],
			"to": [13.975, 7.825, 8.575],
			"rotation": {"angle": 22.5, "axis": "z", "origin": [13.2375, 8.15, 8.5]},
			"faces": {
				"north": {"uv": [2, 3, 2.5, 3.25], "texture": "#1"},
				"east": {"uv": [2, 4, 2.25, 4.25], "texture": "#1"},
				"south": {"uv": [3, 2, 3.5, 2.25], "texture": "#1"},
				"west": {"uv": [4, 2, 4.25, 2.25], "texture": "#1"},
				"up": {"uv": [3, 3.25, 2.5, 3], "texture": "#1"},
				"down": {"uv": [3.5, 2.5, 3, 2.75], "texture": "#1"}
			}
		},
		{
			"from": [12.775, 7.725, 8.45],
			"to": [13.125, 7.85, 8.55],
			"rotation": {"angle": 45, "axis": "z", "origin": [13.2375, 8.15, 8.5]},
			"faces": {
				"north": {"uv": [2.5, 4, 2.75, 4.25], "texture": "#1"},
				"east": {"uv": [4, 2.5, 4.25, 2.75], "texture": "#1"},
				"south": {"uv": [3, 4, 3.25, 4.25], "texture": "#1"},
				"west": {"uv": [4, 3, 4.25, 3.25], "texture": "#1"},
				"up": {"uv": [3.75, 4.25, 3.5, 4], "texture": "#1"},
				"down": {"uv": [4.25, 3.5, 4, 3.75], "texture": "#1"}
			}
		},
		{
			"from": [13.2, 8.075, 8.75],
			"to": [14, 8.2, 8.9],
			"rotation": {"angle": 22.5, "axis": "y", "origin": [13.2375, 8.15, 8.5]},
			"faces": {
				"north": {"uv": [3, 3, 3.5, 3.25], "texture": "#1"},
				"east": {"uv": [4, 4, 4.25, 4.25], "texture": "#1"},
				"south": {"uv": [0, 3.5, 0.5, 3.75], "texture": "#1"},
				"west": {"uv": [0, 4.5, 0.25, 4.75], "texture": "#1"},
				"up": {"uv": [1, 3.75, 0.5, 3.5], "texture": "#1"},
				"down": {"uv": [1.5, 3.5, 1, 3.75], "texture": "#1"}
			}
		},
		{
			"from": [13.11771, 8.1, 8.69178],
			"to": [13.46771, 8.175, 8.84178],
			"rotation": {"angle": 45, "axis": "y", "origin": [13.44271, 8.1375, 8.76678]},
			"faces": {
				"north": {"uv": [0.5, 4.5, 0.75, 4.75], "texture": "#1"},
				"east": {"uv": [1, 4.5, 1.25, 4.75], "texture": "#1"},
				"south": {"uv": [1.5, 4.5, 1.75, 4.75], "texture": "#1"},
				"west": {"uv": [2, 4.5, 2.25, 4.75], "texture": "#1"},
				"up": {"uv": [4.75, 2.25, 4.5, 2], "texture": "#1"},
				"down": {"uv": [2.75, 4.5, 2.5, 4.75], "texture": "#1"}
			}
		},
		{
			"from": [13.2, 8.075, 8.1],
			"to": [14, 8.2, 8.25],
			"rotation": {"angle": -22.5, "axis": "y", "origin": [13.2375, 8.15, 8.5]},
			"faces": {
				"north": {"uv": [1.5, 3.5, 2, 3.75], "texture": "#1"},
				"east": {"uv": [4.5, 2.5, 4.75, 2.75], "texture": "#1"},
				"south": {"uv": [2, 3.5, 2.5, 3.75], "texture": "#1"},
				"west": {"uv": [3, 4.5, 3.25, 4.75], "texture": "#1"},
				"up": {"uv": [4, 2.25, 3.5, 2], "texture": "#1"},
				"down": {"uv": [3, 3.5, 2.5, 3.75], "texture": "#1"}
			}
		},
		{
			"from": [13.08674, 8.1, 7.98755],
			"to": [13.43674, 8.175, 8.13755],
			"rotation": {"angle": -45, "axis": "y", "origin": [13.21174, 8.1375, 8.13755]},
			"faces": {
				"north": {"uv": [4.5, 3, 4.75, 3.25], "texture": "#1"},
				"east": {"uv": [3.5, 4.5, 3.75, 4.75], "texture": "#1"},
				"south": {"uv": [4.5, 3.5, 4.75, 3.75], "texture": "#1"},
				"west": {"uv": [4, 4.5, 4.25, 4.75], "texture": "#1"},
				"up": {"uv": [4.75, 4.25, 4.5, 4], "texture": "#1"},
				"down": {"uv": [4.75, 4.5, 4.5, 4.75], "texture": "#1"}
			}
		},
		{
			"from": [-5.775, 7.775, 8.5],
			"to": [-3.4, 8.525, 8.5],
			"rotation": {"angle": 0, "axis": "y", "origin": [1.625, 7.9, 16.1]},
			"faces": {
				"north": {"uv": [0, 2, 1.25, 2.5], "texture": "#1"},
				"east": {"uv": [0, 0, 0, 0.5], "texture": "#1"},
				"south": {"uv": [1.5, 2, 2.75, 2.5], "texture": "#1"},
				"west": {"uv": [0, 0, 0, 0.5], "texture": "#1"},
				"up": {"uv": [1.25, 0, 0, 0], "texture": "#1"},
				"down": {"uv": [1.25, 0, 0, 0], "texture": "#1"}
			}
		},
		{
			"from": [-5.775, 8.025, 8.375],
			"to": [13.85, 8.275, 8.625],
			"rotation": {"angle": 0, "axis": "y", "origin": [1.625, 7.9, 16.1]},
			"faces": {
				"north": {"uv": [0, 0, 9.75, 0.25], "texture": "#1"},
				"east": {"uv": [0, 5, 0.25, 5.25], "texture": "#1"},
				"south": {"uv": [0, 0.5, 9.75, 0.75], "texture": "#1"},
				"west": {"uv": [0.5, 5, 0.75, 5.25], "texture": "#1"},
				"up": {"uv": [9.75, 1.25, 0, 1], "texture": "#1"},
				"down": {"uv": [9.75, 1.5, 0, 1.75], "texture": "#1"}
			}
		}
	],
	"display": {
		"thirdperson_righthand": {
			"rotation": [-89.13, 12.03, 95.46],
			"translation": [-1.5, -1.5, 3.5]
		},
		"thirdperson_lefthand": {
			"rotation": [155.72, 54.14, -89.17],
			"translation": [-4.5, -4.25, 6.25],
			"scale": [1.2, 1.2, 1.2]
		},
		"firstperson_righthand": {
			"rotation": [177.62, 88.86, -165.92],
			"translation": [3.25, 4.35, 2.05],
			"scale": [0.7, 0.7, 1]
		},
		"firstperson_lefthand": {
			"rotation": [0, -102, -15],
			"translation": [-0.25, 3.5, 5]
		},
		"ground": {
			"rotation": [-135.56, 62.18, 3.7],
			"translation": [0, 5, 0],
			"scale": [0.7, 0.7, 0.7]
		},
		"gui": {
			"rotation": [47, -173, 30],
			"translation": [-0.75, 0, 0],
			"scale": [0.9, 0.9, 2.33]
		},
		"head": {
			"rotation": [-90, 0, 90],
			"translation": [0, 3.75, -3.5]
		},
		"fixed": {
			"rotation": [0, 0, -46],
			"translation": [1, -1, 0]
		}
	},
	"groups": [
		{
			"name": "group",
			"origin": [11.20711, 4.79289, 8.5],
			"color": 0,
			"nbt": "{}",
			"children": [0, 1, 2, 3, 4, 5, 6, 7]
		},
		{
			"name": "group",
			"origin": [6.52252, -2.89169, 8.5],
			"color": 0,
			"nbt": "{}",
			"children": [8, 9, 10, 11]
		},
		{
			"name": "group",
			"origin": [14.26576, 5.24803, 8.5],
			"color": 0,
			"nbt": "{}",
			"children": [12, 13, 14, 15]
		},
		16,
		17,
		{
			"name": "arrow",
			"origin": [5.875, 1.9, 16.1],
			"color": 0,
			"nbt": "{}",
			"children": [18, 19, 20, 21, 22, 23, 24, 25, 26, 27, 28]
		}
	]
}