{"textures":{"0":"modelengine:entity/stolas"},"elements":[{"from":[4.25,8.0,5.5],"to":[11.75,10.5,5.5],"faces":{"south":{"uv":[0.004,6.754,0.996,7.121],"tintindex":-2,"rotation":0,"texture":"#0"},"north":{"uv":[6.629,1.004,7.621,1.371],"tintindex":-2,"rotation":0,"texture":"#0"}}},{"from":[4.25,8.0,5.5],"to":[4.25,10.5,13.0],"faces":{"east":{"uv":[6.379,5.754,7.371,6.121],"tintindex":-2,"rotation":0,"texture":"#0"},"west":{"uv":[6.629,0.629,7.621,0.996],"tintindex":-2,"rotation":0,"texture":"#0"}}},{"from":[11.75,8.0,5.5],"to":[11.75,10.5,13.0],"faces":{"east":{"uv":[4.504,6.754,5.496,7.121],"tintindex":-2,"rotation":0,"texture":"#0"},"west":{"uv":[5.504,6.754,6.496,7.121],"tintindex":-2,"rotation":0,"texture":"#0"}}}],"display":{"gui":{"rotation":[30,225,0]}}}