{"textures":{"0":"modelengine:entity/stolas"},"elements":[{"from":[0.21638012,6.7584496,5.5],"to":[6.71638,10.25845,10.5],"faces":{"east":{"uv":[6.246,8.371,5.879,7.754],"tintindex":-2,"rotation":90,"texture":"#0"},"south":{"uv":[7.379,5.004,7.746,5.746],"tintindex":-2,"rotation":90,"texture":"#0"},"north":{"uv":[4.004,7.379,4.371,8.121],"tintindex":-2,"rotation":270,"texture":"#0"},"west":{"uv":[8.121,7.254,7.754,7.871],"tintindex":-2,"rotation":90,"texture":"#0"},"up":{"uv":[5.879,2.004,6.496,2.746],"tintindex":-2,"rotation":90,"texture":"#0"},"down":{"uv":[5.754,5.504,6.371,6.246],"tintindex":-2,"rotation":90,"texture":"#0"}},"rotation":{"origin":[4.22563,8.93338,8.0],"angle":45.0,"axis":"z"}},{"from":[1.5144701,7.3665085,5.25],"to":[8.01447,11.8665085,10.75],"faces":{"east":{"uv":[0.996,7.746,0.504,7.129],"tintindex":-2,"rotation":90,"texture":"#0"},"south":{"uv":[6.504,6.754,6.996,7.496],"tintindex":-2,"rotation":90,"texture":"#0"},"north":{"uv":[2.754,6.754,3.246,7.496],"tintindex":-2,"rotation":270,"texture":"#0"},"west":{"uv":[7.621,2.629,7.129,3.246],"tintindex":-2,"rotation":90,"texture":"#0"},"up":{"uv":[0.004,6.004,0.621,6.746],"tintindex":-2,"rotation":90,"texture":"#0"},"down":{"uv":[5.879,2.754,6.496,3.496],"tintindex":-2,"rotation":90,"texture":"#0"}},"rotation":{"origin":[4.22563,8.93338,8.0],"angle":22.5,"axis":"z"}}],"display":{"gui":{"rotation":[30,225,0]}}}