{"textures":{"0":"modelengine:entity/stolas"},"elements":[{"from":[-2.0,6.5,7.9875],"to":[6.0,9.0,7.9875],"faces":{"south":{"uv":[1.996,1.879,0.004,2.496],"tintindex":-2,"rotation":0,"texture":"#0"},"north":{"uv":[0.004,1.879,1.996,2.496],"tintindex":-2,"rotation":0,"texture":"#0"}}},{"from":[-7.5,6.5,7.9875],"to":[0.5,9.0,7.9875],"faces":{"south":{"uv":[1.996,1.879,0.004,2.496],"tintindex":-2,"rotation":0,"texture":"#0"},"north":{"uv":[0.004,1.879,1.996,2.496],"tintindex":-2,"rotation":0,"texture":"#0"}},"rotation":{"origin":[5.5,9.0,8.0],"angle":22.5,"axis":"z"}}],"display":{"gui":{"rotation":[30,225,0]}}}