{"textures":{"0":"modelengine:entity/stolas"},"elements":[{"from":[9.28362,6.7584496,5.5],"to":[15.78362,10.25845,10.5],"faces":{"east":{"uv":[8.121,7.871,7.754,7.254],"tintindex":-2,"rotation":90,"texture":"#0"},"south":{"uv":[7.379,5.746,7.746,5.004],"tintindex":-2,"rotation":90,"texture":"#0"},"north":{"uv":[4.004,8.121,4.371,7.379],"tintindex":-2,"rotation":270,"texture":"#0"},"west":{"uv":[6.246,7.754,5.879,8.371],"tintindex":-2,"rotation":90,"texture":"#0"},"up":{"uv":[5.879,2.746,6.496,2.004],"tintindex":-2,"rotation":90,"texture":"#0"},"down":{"uv":[5.754,6.246,6.371,5.504],"tintindex":-2,"rotation":90,"texture":"#0"}},"rotation":{"origin":[11.77437,8.93338,8.0],"angle":-45.0,"axis":"z"}},{"from":[7.98553,7.3665085,5.25],"to":[14.48553,11.8665085,10.75],"faces":{"east":{"uv":[7.621,3.246,7.129,2.629],"tintindex":-2,"rotation":90,"texture":"#0"},"south":{"uv":[6.504,7.496,6.996,6.754],"tintindex":-2,"rotation":90,"texture":"#0"},"north":{"uv":[2.754,7.496,3.246,6.754],"tintindex":-2,"rotation":270,"texture":"#0"},"west":{"uv":[0.996,7.129,0.504,7.746],"tintindex":-2,"rotation":90,"texture":"#0"},"up":{"uv":[0.004,6.746,0.621,6.004],"tintindex":-2,"rotation":90,"texture":"#0"},"down":{"uv":[5.879,3.496,6.496,2.754],"tintindex":-2,"rotation":90,"texture":"#0"}},"rotation":{"origin":[11.77437,8.93338,8.0],"angle":-22.5,"axis":"z"}}],"display":{"gui":{"rotation":[30,225,0]}}}