{"textures":{"0":"modelengine:entity/stolas"},"elements":[{"from":[12.0,6.0,8.0],"to":[28.0,11.0,8.0],"faces":{"south":{"uv":[2.004,0.629,3.996,1.246],"tintindex":-2,"rotation":0,"texture":"#0"},"north":{"uv":[2.004,0.004,3.996,0.621],"tintindex":-2,"rotation":0,"texture":"#0"}}},{"from":[16.0,4.0,8.0],"to":[32.0,9.0,8.0],"faces":{"south":{"uv":[2.004,0.629,3.996,1.246],"tintindex":-2,"rotation":0,"texture":"#0"},"north":{"uv":[3.996,0.629,2.004,1.246],"tintindex":-2,"rotation":0,"texture":"#0"}},"rotation":{"origin":[13.0,10.0,8.0],"angle":-22.5,"axis":"z"}},{"from":[12.0,6.0,8.0],"to":[28.0,11.0,8.0],"faces":{"south":{"uv":[2.004,0.629,3.996,1.246],"tintindex":-2,"rotation":0,"texture":"#0"},"north":{"uv":[3.996,0.629,2.004,1.246],"tintindex":-2,"rotation":0,"texture":"#0"}}},{"from":[12.0,6.0,8.0],"to":[28.0,11.0,8.0],"faces":{"south":{"uv":[2.004,0.629,3.996,1.246],"tintindex":-2,"rotation":0,"texture":"#0"},"north":{"uv":[3.996,0.629,2.004,1.246],"tintindex":-2,"rotation":0,"texture":"#0"}}}],"display":{"gui":{"rotation":[30,225,0]}}}