{"textures":{"0":"modelengine:entity/stolas"},"elements":[{"from":[15.5,6.5,7.9875],"to":[23.5,9.0,7.9875],"faces":{"south":{"uv":[0.004,1.879,1.996,2.496],"tintindex":-2,"rotation":0,"texture":"#0"},"north":{"uv":[1.996,1.879,0.004,2.496],"tintindex":-2,"rotation":0,"texture":"#0"}},"rotation":{"origin":[10.5,9.0,8.0],"angle":-22.5,"axis":"z"}},{"from":[10.0,6.5,7.9875],"to":[18.0,9.0,7.9875],"faces":{"south":{"uv":[0.004,1.879,1.996,2.496],"tintindex":-2,"rotation":0,"texture":"#0"},"north":{"uv":[1.996,1.879,0.004,2.496],"tintindex":-2,"rotation":0,"texture":"#0"}}}],"display":{"gui":{"rotation":[30,225,0]}}}