{"textures":{"12":"modelengine:entity/texture"},"elements":[{"from":[-8.0,5.5,-8.0],"to":[24.0,10.5,-8.0],"faces":{"east":{"uv":[8.0,1.25,16.0,2.5],"tintindex":-2,"rotation":0,"texture":"#12"},"south":{"uv":[8.0,2.5,16.0,3.75],"tintindex":-2,"rotation":0,"texture":"#12"},"north":{"uv":[8.0,0.0,16.0,1.25],"tintindex":-2,"rotation":0,"texture":"#12"},"west":{"uv":[8.0,3.75,16.0,5.0],"tintindex":-2,"rotation":0,"texture":"#12"},"up":{"uv":[8.0,8.0,0.0,0.0],"tintindex":-2,"rotation":0,"texture":"#12"},"down":{"uv":[8.0,8.0,0.0,16.0],"tintindex":-2,"rotation":0,"texture":"#12"}}},{"from":[-8.0,5.5,24.0],"to":[24.0,10.5,24.0],"faces":{"east":{"uv":[8.0,1.25,16.0,2.5],"tintindex":-2,"rotation":0,"texture":"#12"},"south":{"uv":[8.0,2.5,16.0,3.75],"tintindex":-2,"rotation":0,"texture":"#12"},"north":{"uv":[8.0,0.0,16.0,1.25],"tintindex":-2,"rotation":0,"texture":"#12"},"west":{"uv":[8.0,3.75,16.0,5.0],"tintindex":-2,"rotation":0,"texture":"#12"},"up":{"uv":[8.0,8.0,0.0,0.0],"tintindex":-2,"rotation":0,"texture":"#12"},"down":{"uv":[8.0,8.0,0.0,16.0],"tintindex":-2,"rotation":0,"texture":"#12"}}},{"from":[-8.0,5.5,-8.0],"to":[-8.0,10.5,24.0],"faces":{"east":{"uv":[8.0,1.25,16.0,2.5],"tintindex":-2,"rotation":0,"texture":"#12"},"south":{"uv":[8.0,2.5,16.0,3.75],"tintindex":-2,"rotation":0,"texture":"#12"},"north":{"uv":[8.0,0.0,16.0,1.25],"tintindex":-2,"rotation":0,"texture":"#12"},"west":{"uv":[8.0,3.75,16.0,5.0],"tintindex":-2,"rotation":0,"texture":"#12"},"up":{"uv":[8.0,8.0,0.0,0.0],"tintindex":-2,"rotation":0,"texture":"#12"},"down":{"uv":[8.0,8.0,0.0,16.0],"tintindex":-2,"rotation":0,"texture":"#12"}}},{"from":[24.0,5.5,-8.0],"to":[24.0,10.5,24.0],"faces":{"east":{"uv":[8.0,1.25,16.0,2.5],"tintindex":-2,"rotation":0,"texture":"#12"},"south":{"uv":[8.0,2.5,16.0,3.75],"tintindex":-2,"rotation":0,"texture":"#12"},"north":{"uv":[8.0,0.0,16.0,1.25],"tintindex":-2,"rotation":0,"texture":"#12"},"west":{"uv":[8.0,3.75,16.0,5.0],"tintindex":-2,"rotation":0,"texture":"#12"},"up":{"uv":[8.0,8.0,0.0,0.0],"tintindex":-2,"rotation":0,"texture":"#12"},"down":{"uv":[8.0,8.0,0.0,16.0],"tintindex":-2,"rotation":0,"texture":"#12"}}}],"display":{"gui":{"rotation":[30,225,0]}}}