{"textures":{"13":"modelengine:entity/stolas_weapon"},"elements":[{"from":[8.0,4.566666,11.133334],"to":[8.0,11.233334,26.133333],"faces":{"east":{"uv":[5.0,0.0,7.5,5.625],"tintindex":-2,"rotation":270,"texture":"#13"},"west":{"uv":[0.0,5.625,2.5,11.25],"tintindex":-2,"rotation":90,"texture":"#13"}}},{"from":[7.75,7.816666,-4.5333347],"to":[8.25,8.316667,15.466667],"faces":{"east":{"uv":[7.75,6.0,8.0,13.5],"tintindex":-2,"rotation":270,"texture":"#13"},"south":{"uv":[8.75,6.25,8.5,6.0],"tintindex":-2,"rotation":0,"texture":"#13"},"north":{"uv":[8.75,6.25,8.5,6.5],"tintindex":-2,"rotation":180,"texture":"#13"},"west":{"uv":[8.25,6.0,8.5,13.5],"tintindex":-2,"rotation":90,"texture":"#13"},"up":{"uv":[7.5,6.0,7.75,13.5],"tintindex":-2,"rotation":180,"texture":"#13"},"down":{"uv":[8.0,6.0,8.25,13.5],"tintindex":-2,"rotation":0,"texture":"#13"}},"rotation":{"origin":[8.0,8.066667,5.4666667],"angle":-45.0,"axis":"z"}},{"from":[4.833333,8.066667,11.133334],"to":[11.5,8.066667,26.133333],"faces":{"up":{"uv":[0.0,0.0,2.5,5.625],"tintindex":-2,"rotation":180,"texture":"#13"},"down":{"uv":[2.5,0.0,5.0,5.625],"tintindex":-2,"rotation":0,"texture":"#13"}}},{"from":[8.0,4.566666,-9.533335],"to":[8.0,11.233334,-1.5333338],"faces":{"east":{"uv":[2.5,5.625,5.0,8.625],"tintindex":-2,"rotation":270,"texture":"#13"},"west":{"uv":[5.0,5.625,7.5,8.625],"tintindex":-2,"rotation":90,"texture":"#13"}}},{"from":[4.5,8.066667,-9.533335],"to":[11.166667,8.066667,-1.5333338],"faces":{"up":{"uv":[7.5,0.0,10.0,3.0],"tintindex":-2,"rotation":180,"texture":"#13"},"down":{"uv":[7.5,3.0,10.0,6.0],"tintindex":-2,"rotation":0,"texture":"#13"}}}],"display":{"gui":{"rotation":[30,225,0]}}}