{"textures":{"0":"modelengine:entity/boneshading_white","2":"modelengine:entity/fallen_knight"},"elements":[{"from":[3.495,11.995,9.795793],"to":[5.505,15.005,10.805793],"faces":{"east":{"uv":[6.5,11.625,6.625,12.0],"tintindex":-2,"rotation":0,"texture":"#2"},"south":{"uv":[9.75,8.25,10.0,8.625],"tintindex":-2,"rotation":0,"texture":"#2"},"north":{"uv":[4.625,9.75,4.875,10.125],"tintindex":-2,"rotation":0,"texture":"#2"},"west":{"uv":[6.75,11.625,6.875,12.0],"tintindex":-2,"rotation":0,"texture":"#2"},"up":{"uv":[12.375,2.125,12.125,2.0],"tintindex":-2,"rotation":0,"texture":"#2"},"down":{"uv":[12.375,2.25,12.125,2.375],"tintindex":-2,"rotation":0,"texture":"#2"}},"rotation":{"origin":[5.0,12.5,10.300793],"angle":-45.0,"axis":"y"}},{"from":[5.0,11.0,9.5079],"to":[11.0,15.0,10.5079],"faces":{"east":{"uv":[5.875,10.75,6.0,11.25],"tintindex":-2,"rotation":0,"texture":"#2"},"south":{"uv":[0.875,5.375,1.625,5.875],"tintindex":-2,"rotation":0,"texture":"#2"},"north":{"uv":[0.0,5.25,0.75,5.75],"tintindex":-2,"rotation":0,"texture":"#2"},"west":{"uv":[10.75,8.125,10.875,8.625],"tintindex":-2,"rotation":0,"texture":"#2"},"up":{"uv":[10.5,7.875,9.75,7.75],"tintindex":-2,"rotation":0,"texture":"#2"},"down":{"uv":[10.5,8.0,9.75,8.125],"tintindex":-2,"rotation":0,"texture":"#2"}}},{"from":[6.770598,11.0,4.6611814],"to":[7.770598,15.0,5.6611814],"faces":{"east":{"uv":[1.375,11.375,1.5,11.875],"tintindex":-2,"rotation":0,"texture":"#2"},"south":{"uv":[2.0,11.375,2.125,11.875],"tintindex":-2,"rotation":0,"texture":"#2"},"north":{"uv":[1.125,11.375,1.25,11.875],"tintindex":-2,"rotation":0,"texture":"#2"},"west":{"uv":[2.25,11.375,2.375,11.875],"tintindex":-2,"rotation":0,"texture":"#2"},"up":{"uv":[4.375,13.125,4.25,13.0],"tintindex":-2,"rotation":0,"texture":"#2"},"down":{"uv":[13.125,4.25,13.0,4.375],"tintindex":-2,"rotation":0,"texture":"#2"}},"rotation":{"origin":[7.270598,13.0,5.1611814],"angle":-22.5,"axis":"y"}},{"from":[5.0,12.0,5.0079],"to":[11.0,15.0,6.0079],"faces":{"east":{"uv":[11.625,5.125,11.75,5.5],"tintindex":-2,"rotation":0,"texture":"#2"},"south":{"uv":[5.625,3.125,6.375,3.5],"tintindex":-2,"rotation":0,"texture":"#2"},"north":{"uv":[5.375,2.125,6.125,2.5],"tintindex":-2,"rotation":0,"texture":"#2"},"west":{"uv":[11.625,6.25,11.75,6.625],"tintindex":-2,"rotation":0,"texture":"#2"},"up":{"uv":[10.5,7.375,9.75,7.25],"tintindex":-2,"rotation":0,"texture":"#2"},"down":{"uv":[10.5,7.5,9.75,7.625],"tintindex":-2,"rotation":0,"texture":"#2"}}},{"from":[3.994,6.994,5.5019],"to":[12.006,10.006,9.5139],"faces":{"east":{"uv":[4.125,8.625,4.625,9.0],"tintindex":-2,"rotation":0,"texture":"#2"},"south":{"uv":[5.0,3.75,6.0,4.125],"tintindex":-2,"rotation":0,"texture":"#2"},"north":{"uv":[4.75,4.875,5.75,5.25],"tintindex":-2,"rotation":0,"texture":"#2"},"west":{"uv":[8.625,5.375,9.125,5.75],"tintindex":-2,"rotation":0,"texture":"#2"},"up":{"uv":[5.5,4.75,4.5,4.25],"tintindex":-2,"rotation":0,"texture":"#2"},"down":{"uv":[5.75,0.75,4.75,1.25],"tintindex":-2,"rotation":0,"texture":"#2"}}},{"from":[9.30625,8.68125,5.5079],"to":[11.30625,9.13125,5.6579],"faces":{"east":{"uv":[14.5625,0.0,16.0,0.875],"tintindex":-2,"rotation":0,"texture":"#0"},"south":{"uv":[14.5625,0.0,16.0,0.875],"tintindex":-2,"rotation":0,"texture":"#0"},"north":{"uv":[14.5625,0.0,16.0,0.875],"tintindex":-2,"rotation":0,"texture":"#0"},"west":{"uv":[14.5625,0.0,16.0,0.875],"tintindex":-2,"rotation":0,"texture":"#0"},"up":{"uv":[14.5625,0.0,16.0,0.875],"tintindex":-2,"rotation":0,"texture":"#0"},"down":{"uv":[14.5625,0.0,16.0,0.875],"tintindex":-2,"rotation":0,"texture":"#0"}}},{"from":[4.69375,7.8812504,5.5079],"to":[5.69375,8.331249,5.6579],"faces":{"east":{"uv":[14.5625,0.0,16.0,0.875],"tintindex":-2,"rotation":0,"texture":"#0"},"south":{"uv":[14.5625,0.0,16.0,0.875],"tintindex":-2,"rotation":0,"texture":"#0"},"north":{"uv":[14.5625,0.0,16.0,0.875],"tintindex":-2,"rotation":0,"texture":"#0"},"west":{"uv":[14.5625,0.0,16.0,0.875],"tintindex":-2,"rotation":0,"texture":"#0"},"up":{"uv":[14.5625,0.0,16.0,0.875],"tintindex":-2,"rotation":0,"texture":"#0"},"down":{"uv":[14.5625,0.0,16.0,0.875],"tintindex":-2,"rotation":0,"texture":"#0"}}},{"from":[4.506,11.213107,5.0139003],"to":[6.494,12.201108,6.0019],"faces":{"east":{"uv":[12.75,1.75,12.875,1.875],"tintindex":-2,"rotation":0,"texture":"#2"},"south":{"uv":[3.0,12.0,3.25,12.125],"tintindex":-2,"rotation":0,"texture":"#2"},"north":{"uv":[2.25,12.0,2.5,12.125],"tintindex":-2,"rotation":0,"texture":"#2"},"west":{"uv":[12.75,2.0,12.875,2.125],"tintindex":-2,"rotation":0,"texture":"#2"},"up":{"uv":[4.125,12.125,3.875,12.0],"tintindex":-2,"rotation":0,"texture":"#2"},"down":{"uv":[5.5,12.0,5.25,12.125],"tintindex":-2,"rotation":0,"texture":"#2"}},"rotation":{"origin":[6.0,11.707108,5.5079],"angle":-45.0,"axis":"z"}},{"from":[4.69375,8.68125,5.5079],"to":[6.69375,9.13125,5.6579],"faces":{"east":{"uv":[14.5625,0.0,16.0,0.875],"tintindex":-2,"rotation":0,"texture":"#0"},"south":{"uv":[14.5625,0.0,16.0,0.875],"tintindex":-2,"rotation":0,"texture":"#0"},"north":{"uv":[14.5625,0.0,16.0,0.875],"tintindex":-2,"rotation":0,"texture":"#0"},"west":{"uv":[14.5625,0.0,16.0,0.875],"tintindex":-2,"rotation":0,"texture":"#0"},"up":{"uv":[14.5625,0.0,16.0,0.875],"tintindex":-2,"rotation":0,"texture":"#0"},"down":{"uv":[14.5625,0.0,16.0,0.875],"tintindex":-2,"rotation":0,"texture":"#0"}}},{"from":[5.0,10.229403,4.6611814],"to":[7.0,11.229403,5.6611814],"faces":{"east":{"uv":[13.0,10.125,13.125,10.25],"tintindex":-2,"rotation":0,"texture":"#2"},"south":{"uv":[9.25,12.375,9.5,12.5],"tintindex":-2,"rotation":0,"texture":"#2"},"north":{"uv":[12.375,8.125,12.625,8.25],"tintindex":-2,"rotation":0,"texture":"#2"},"west":{"uv":[13.0,10.375,13.125,10.5],"tintindex":-2,"rotation":0,"texture":"#2"},"up":{"uv":[12.625,9.375,12.375,9.25],"tintindex":-2,"rotation":0,"texture":"#2"},"down":{"uv":[12.625,9.875,12.375,10.0],"tintindex":-2,"rotation":0,"texture":"#2"}},"rotation":{"origin":[6.0,10.729403,5.1611814],"angle":-22.5,"axis":"x"}},{"from":[4.506,10.213107,9.5139],"to":[6.494,11.201108,10.501901],"faces":{"east":{"uv":[8.75,12.75,8.875,12.875],"tintindex":-2,"rotation":0,"texture":"#2"},"south":{"uv":[1.5,12.125,1.75,12.25],"tintindex":-2,"rotation":0,"texture":"#2"},"north":{"uv":[12.125,1.25,12.375,1.375],"tintindex":-2,"rotation":0,"texture":"#2"},"west":{"uv":[12.75,9.125,12.875,9.25],"tintindex":-2,"rotation":0,"texture":"#2"},"up":{"uv":[12.375,1.625,12.125,1.5],"tintindex":-2,"rotation":0,"texture":"#2"},"down":{"uv":[12.375,1.75,12.125,1.875],"tintindex":-2,"rotation":0,"texture":"#2"}},"rotation":{"origin":[6.0,10.707108,10.0079],"angle":-45.0,"axis":"z"}},{"from":[4.035,7.96,5.5179],"to":[11.965,10.04,9.4979],"faces":{"east":{"uv":[14.5625,0.0,16.0,0.875],"tintindex":-2,"rotation":0,"texture":"#0"},"south":{"uv":[14.5625,0.0,16.0,0.875],"tintindex":-2,"rotation":0,"texture":"#0"},"north":{"uv":[14.5625,0.0,16.0,0.875],"tintindex":-2,"rotation":0,"texture":"#0"},"west":{"uv":[14.5625,0.0,16.0,0.875],"tintindex":-2,"rotation":0,"texture":"#0"},"up":{"uv":[14.5625,0.0,16.0,0.875],"tintindex":-2,"rotation":0,"texture":"#0"},"down":{"uv":[14.5625,0.0,16.0,0.875],"tintindex":-2,"rotation":0,"texture":"#0"}}},{"from":[10.495,11.995,9.795793],"to":[12.505,15.005,10.805793],"faces":{"east":{"uv":[7.0,11.625,7.125,12.0],"tintindex":-2,"rotation":0,"texture":"#2"},"south":{"uv":[9.125,9.75,9.375,10.125],"tintindex":-2,"rotation":0,"texture":"#2"},"north":{"uv":[8.75,9.75,9.0,10.125],"tintindex":-2,"rotation":0,"texture":"#2"},"west":{"uv":[11.625,9.25,11.75,9.625],"tintindex":-2,"rotation":0,"texture":"#2"},"up":{"uv":[12.375,2.625,12.125,2.5],"tintindex":-2,"rotation":0,"texture":"#2"},"down":{"uv":[2.875,12.125,2.625,12.25],"tintindex":-2,"rotation":0,"texture":"#2"}},"rotation":{"origin":[11.0,12.5,10.300793],"angle":45.0,"axis":"y"}},{"from":[6.0,9.0,5.0079],"to":[7.0,12.0,7.0079],"faces":{"east":{"uv":[6.625,9.875,6.875,10.25],"tintindex":-2,"rotation":0,"texture":"#2"},"south":{"uv":[9.125,11.75,9.25,12.125],"tintindex":-2,"rotation":0,"texture":"#2"},"north":{"uv":[8.875,11.75,9.0,12.125],"tintindex":-2,"rotation":0,"texture":"#2"},"west":{"uv":[7.0,9.875,7.25,10.25],"tintindex":-2,"rotation":0,"texture":"#2"},"up":{"uv":[10.875,12.5,10.75,12.25],"tintindex":-2,"rotation":0,"texture":"#2"},"down":{"uv":[11.375,12.25,11.25,12.5],"tintindex":-2,"rotation":0,"texture":"#2"}}},{"from":[9.506,11.213107,5.0139003],"to":[11.494,12.201108,6.0019],"faces":{"east":{"uv":[12.75,1.25,12.875,1.375],"tintindex":-2,"rotation":0,"texture":"#2"},"south":{"uv":[0.75,12.0,1.0,12.125],"tintindex":-2,"rotation":0,"texture":"#2"},"north":{"uv":[11.875,9.625,12.125,9.75],"tintindex":-2,"rotation":0,"texture":"#2"},"west":{"uv":[12.75,1.5,12.875,1.625],"tintindex":-2,"rotation":0,"texture":"#2"},"up":{"uv":[1.375,12.125,1.125,12.0],"tintindex":-2,"rotation":0,"texture":"#2"},"down":{"uv":[2.125,12.0,1.875,12.125],"tintindex":-2,"rotation":0,"texture":"#2"}},"rotation":{"origin":[10.0,11.707108,5.5079],"angle":45.0,"axis":"z"}},{"from":[6.0,10.0,9.5079],"to":[10.0,11.0,10.5079],"faces":{"east":{"uv":[12.75,5.375,12.875,5.5],"tintindex":-2,"rotation":0,"texture":"#2"},"south":{"uv":[10.75,4.875,11.25,5.0],"tintindex":-2,"rotation":0,"texture":"#2"},"north":{"uv":[10.75,2.75,11.25,2.875],"tintindex":-2,"rotation":0,"texture":"#2"},"west":{"uv":[12.75,5.625,12.875,5.75],"tintindex":-2,"rotation":0,"texture":"#2"},"up":{"uv":[11.25,9.5,10.75,9.375],"tintindex":-2,"rotation":0,"texture":"#2"},"down":{"uv":[11.25,9.625,10.75,9.75],"tintindex":-2,"rotation":0,"texture":"#2"}}},{"from":[10.495,10.995,4.7100067],"to":[11.505,15.005,5.720007],"faces":{"east":{"uv":[4.375,10.5,4.5,11.0],"tintindex":-2,"rotation":0,"texture":"#2"},"south":{"uv":[8.75,10.5,8.875,11.0],"tintindex":-2,"rotation":0,"texture":"#2"},"north":{"uv":[4.125,10.5,4.25,11.0],"tintindex":-2,"rotation":0,"texture":"#2"},"west":{"uv":[9.0,10.5,9.125,11.0],"tintindex":-2,"rotation":0,"texture":"#2"},"up":{"uv":[6.0,12.75,5.875,12.625],"tintindex":-2,"rotation":0,"texture":"#2"},"down":{"uv":[12.75,5.875,12.625,6.0],"tintindex":-2,"rotation":0,"texture":"#2"}},"rotation":{"origin":[11.0,12.5,5.215007],"angle":-45.0,"axis":"y"}},{"from":[4.69375,8.68125,9.3579],"to":[6.69375,9.13125,9.5079],"faces":{"east":{"uv":[14.5625,0.0,16.0,0.875],"tintindex":-2,"rotation":0,"texture":"#0"},"south":{"uv":[14.5625,0.0,16.0,0.875],"tintindex":-2,"rotation":0,"texture":"#0"},"north":{"uv":[14.5625,0.0,16.0,0.875],"tintindex":-2,"rotation":0,"texture":"#0"},"west":{"uv":[14.5625,0.0,16.0,0.875],"tintindex":-2,"rotation":0,"texture":"#0"},"up":{"uv":[14.5625,0.0,16.0,0.875],"tintindex":-2,"rotation":0,"texture":"#0"},"down":{"uv":[14.5625,0.0,16.0,0.875],"tintindex":-2,"rotation":0,"texture":"#0"}}},{"from":[4.69375,7.6812496,9.3579],"to":[5.69375,8.13125,9.5079],"faces":{"east":{"uv":[14.5625,0.0,16.0,0.875],"tintindex":-2,"rotation":0,"texture":"#0"},"south":{"uv":[14.5625,0.0,16.0,0.875],"tintindex":-2,"rotation":0,"texture":"#0"},"north":{"uv":[14.5625,0.0,16.0,0.875],"tintindex":-2,"rotation":0,"texture":"#0"},"west":{"uv":[14.5625,0.0,16.0,0.875],"tintindex":-2,"rotation":0,"texture":"#0"},"up":{"uv":[14.5625,0.0,16.0,0.875],"tintindex":-2,"rotation":0,"texture":"#0"},"down":{"uv":[14.5625,0.0,16.0,0.875],"tintindex":-2,"rotation":0,"texture":"#0"}}},{"from":[5.0,11.0,4.5079],"to":[7.0,15.0,5.5079],"faces":{"east":{"uv":[0.25,11.375,0.375,11.875],"tintindex":-2,"rotation":0,"texture":"#2"},"south":{"uv":[8.375,9.375,8.625,9.875],"tintindex":-2,"rotation":0,"texture":"#2"},"north":{"uv":[9.375,8.0,9.625,8.5],"tintindex":-2,"rotation":0,"texture":"#2"},"west":{"uv":[0.875,11.375,1.0,11.875],"tintindex":-2,"rotation":0,"texture":"#2"},"up":{"uv":[1.75,12.5,1.5,12.375],"tintindex":-2,"rotation":0,"texture":"#2"},"down":{"uv":[2.875,12.375,2.625,12.5],"tintindex":-2,"rotation":0,"texture":"#2"}}},{"from":[4.69375,9.43125,9.3579],"to":[6.69375,9.88125,9.5079],"faces":{"east":{"uv":[14.5625,0.0,16.0,0.875],"tintindex":-2,"rotation":0,"texture":"#0"},"south":{"uv":[14.5625,0.0,16.0,0.875],"tintindex":-2,"rotation":0,"texture":"#0"},"north":{"uv":[14.5625,0.0,16.0,0.875],"tintindex":-2,"rotation":0,"texture":"#0"},"west":{"uv":[14.5625,0.0,16.0,0.875],"tintindex":-2,"rotation":0,"texture":"#0"},"up":{"uv":[14.5625,0.0,16.0,0.875],"tintindex":-2,"rotation":0,"texture":"#0"},"down":{"uv":[14.5625,0.0,16.0,0.875],"tintindex":-2,"rotation":0,"texture":"#0"}}},{"from":[9.0,10.229403,4.6611814],"to":[11.0,11.229403,5.6611814],"faces":{"east":{"uv":[13.0,10.625,13.125,10.75],"tintindex":-2,"rotation":0,"texture":"#2"},"south":{"uv":[12.375,10.375,12.625,10.5],"tintindex":-2,"rotation":0,"texture":"#2"},"north":{"uv":[12.375,10.125,12.625,10.25],"tintindex":-2,"rotation":0,"texture":"#2"},"west":{"uv":[13.0,10.875,13.125,11.0],"tintindex":-2,"rotation":0,"texture":"#2"},"up":{"uv":[12.625,10.75,12.375,10.625],"tintindex":-2,"rotation":0,"texture":"#2"},"down":{"uv":[12.625,10.875,12.375,11.0],"tintindex":-2,"rotation":0,"texture":"#2"}},"rotation":{"origin":[10.0,10.729403,5.1611814],"angle":-22.5,"axis":"x"}},{"from":[10.30625,7.6812496,9.3579],"to":[11.30625,8.13125,9.5079],"faces":{"east":{"uv":[14.5625,0.0,16.0,0.875],"tintindex":-2,"rotation":0,"texture":"#0"},"south":{"uv":[14.5625,0.0,16.0,0.875],"tintindex":-2,"rotation":0,"texture":"#0"},"north":{"uv":[14.5625,0.0,16.0,0.875],"tintindex":-2,"rotation":0,"texture":"#0"},"west":{"uv":[14.5625,0.0,16.0,0.875],"tintindex":-2,"rotation":0,"texture":"#0"},"up":{"uv":[14.5625,0.0,16.0,0.875],"tintindex":-2,"rotation":0,"texture":"#0"},"down":{"uv":[14.5625,0.0,16.0,0.875],"tintindex":-2,"rotation":0,"texture":"#0"}}},{"from":[9.30625,8.68125,9.3579],"to":[11.30625,9.13125,9.5079],"faces":{"east":{"uv":[14.5625,0.0,16.0,0.875],"tintindex":-2,"rotation":0,"texture":"#0"},"south":{"uv":[14.5625,0.0,16.0,0.875],"tintindex":-2,"rotation":0,"texture":"#0"},"north":{"uv":[14.5625,0.0,16.0,0.875],"tintindex":-2,"rotation":0,"texture":"#0"},"west":{"uv":[14.5625,0.0,16.0,0.875],"tintindex":-2,"rotation":0,"texture":"#0"},"up":{"uv":[14.5625,0.0,16.0,0.875],"tintindex":-2,"rotation":0,"texture":"#0"},"down":{"uv":[14.5625,0.0,16.0,0.875],"tintindex":-2,"rotation":0,"texture":"#0"}}},{"from":[7.0,10.229403,5.1611814],"to":[9.0,11.229403,6.1611814],"faces":{"east":{"uv":[13.0,11.125,13.125,11.25],"tintindex":-2,"rotation":0,"texture":"#2"},"south":{"uv":[12.375,11.375,12.625,11.5],"tintindex":-2,"rotation":0,"texture":"#2"},"north":{"uv":[12.375,11.125,12.625,11.25],"tintindex":-2,"rotation":0,"texture":"#2"},"west":{"uv":[13.0,11.375,13.125,11.5],"tintindex":-2,"rotation":0,"texture":"#2"},"up":{"uv":[12.625,11.75,12.375,11.625],"tintindex":-2,"rotation":0,"texture":"#2"},"down":{"uv":[12.625,11.875,12.375,12.0],"tintindex":-2,"rotation":0,"texture":"#2"}},"rotation":{"origin":[8.0,10.729403,5.6611814],"angle":-22.5,"axis":"x"}},{"from":[9.0,11.0,4.5079],"to":[11.0,15.0,5.5079],"faces":{"east":{"uv":[5.0,11.125,5.125,11.625],"tintindex":-2,"rotation":0,"texture":"#2"},"south":{"uv":[8.0,9.375,8.25,9.875],"tintindex":-2,"rotation":0,"texture":"#2"},"north":{"uv":[9.375,7.375,9.625,7.875],"tintindex":-2,"rotation":0,"texture":"#2"},"west":{"uv":[10.0,11.125,10.125,11.625],"tintindex":-2,"rotation":0,"texture":"#2"},"up":{"uv":[12.25,12.375,12.0,12.25],"tintindex":-2,"rotation":0,"texture":"#2"},"down":{"uv":[0.25,12.375,0.0,12.5],"tintindex":-2,"rotation":0,"texture":"#2"}}},{"from":[9.506,10.213107,9.5139],"to":[11.494,11.201108,10.501901],"faces":{"east":{"uv":[12.75,5.125,12.875,5.25],"tintindex":-2,"rotation":0,"texture":"#2"},"south":{"uv":[12.0,12.0,12.25,12.125],"tintindex":-2,"rotation":0,"texture":"#2"},"north":{"uv":[12.0,11.75,12.25,11.875],"tintindex":-2,"rotation":0,"texture":"#2"},"west":{"uv":[5.375,12.75,5.5,12.875],"tintindex":-2,"rotation":0,"texture":"#2"},"up":{"uv":[12.375,0.125,12.125,0.0],"tintindex":-2,"rotation":0,"texture":"#2"},"down":{"uv":[12.375,0.5,12.125,0.625],"tintindex":-2,"rotation":0,"texture":"#2"}},"rotation":{"origin":[10.0,10.707108,10.0079],"angle":45.0,"axis":"z"}},{"from":[9.30625,9.43125,5.5079],"to":[11.80625,9.88125,5.6579],"faces":{"east":{"uv":[14.5625,0.0,16.0,0.875],"tintindex":-2,"rotation":0,"texture":"#0"},"south":{"uv":[14.5625,0.0,16.0,0.875],"tintindex":-2,"rotation":0,"texture":"#0"},"north":{"uv":[14.5625,0.0,16.0,0.875],"tintindex":-2,"rotation":0,"texture":"#0"},"west":{"uv":[14.5625,0.0,16.0,0.875],"tintindex":-2,"rotation":0,"texture":"#0"},"up":{"uv":[14.5625,0.0,16.0,0.875],"tintindex":-2,"rotation":0,"texture":"#0"},"down":{"uv":[14.5625,0.0,16.0,0.875],"tintindex":-2,"rotation":0,"texture":"#0"}}},{"from":[9.0,9.0,5.0079],"to":[10.0,12.0,7.0079],"faces":{"east":{"uv":[0.0,9.75,0.25,10.125],"tintindex":-2,"rotation":0,"texture":"#2"},"south":{"uv":[11.625,1.0,11.75,1.375],"tintindex":-2,"rotation":0,"texture":"#2"},"north":{"uv":[5.25,11.5,5.375,11.875],"tintindex":-2,"rotation":0,"texture":"#2"},"west":{"uv":[9.75,1.75,10.0,2.125],"tintindex":-2,"rotation":0,"texture":"#2"},"up":{"uv":[12.0,6.5,11.875,6.25],"tintindex":-2,"rotation":0,"texture":"#2"},"down":{"uv":[7.875,11.875,7.75,12.125],"tintindex":-2,"rotation":0,"texture":"#2"}}},{"from":[3.94375,9.43125,5.5079],"to":[6.69375,9.88125,5.6579],"faces":{"east":{"uv":[14.5625,0.0,16.0,0.875],"tintindex":-2,"rotation":0,"texture":"#0"},"south":{"uv":[14.5625,0.0,16.0,0.875],"tintindex":-2,"rotation":0,"texture":"#0"},"north":{"uv":[14.5625,0.0,16.0,0.875],"tintindex":-2,"rotation":0,"texture":"#0"},"west":{"uv":[14.5625,0.0,16.0,0.875],"tintindex":-2,"rotation":0,"texture":"#0"},"up":{"uv":[14.5625,0.0,16.0,0.875],"tintindex":-2,"rotation":0,"texture":"#0"},"down":{"uv":[14.5625,0.0,16.0,0.875],"tintindex":-2,"rotation":0,"texture":"#0"}}},{"from":[2.94,9.94,5.4479003],"to":[13.06,15.06,9.567901],"faces":{"east":{"uv":[5.375,1.375,5.875,2.0],"tintindex":-2,"rotation":0,"texture":"#2"},"south":{"uv":[3.375,1.875,4.625,2.5],"tintindex":-2,"rotation":0,"texture":"#2"},"north":{"uv":[3.375,1.125,4.625,1.75],"tintindex":-2,"rotation":0,"texture":"#2"},"west":{"uv":[1.75,5.375,2.25,6.0],"tintindex":-2,"rotation":0,"texture":"#2"},"up":{"uv":[4.375,4.75,3.125,4.25],"tintindex":-2,"rotation":0,"texture":"#2"},"down":{"uv":[5.5,3.125,4.25,3.625],"tintindex":-2,"rotation":0,"texture":"#2"}}},{"from":[6.0,11.0,5.0079],"to":[10.0,12.0,6.0079],"faces":{"east":{"uv":[12.75,0.75,12.875,0.875],"tintindex":-2,"rotation":0,"texture":"#2"},"south":{"uv":[10.625,4.625,11.125,4.75],"tintindex":-2,"rotation":0,"texture":"#2"},"north":{"uv":[10.625,4.375,11.125,4.5],"tintindex":-2,"rotation":0,"texture":"#2"},"west":{"uv":[12.75,1.0,12.875,1.125],"tintindex":-2,"rotation":0,"texture":"#2"},"up":{"uv":[5.5,10.75,5.0,10.625],"tintindex":-2,"rotation":0,"texture":"#2"},"down":{"uv":[6.75,10.625,6.25,10.75],"tintindex":-2,"rotation":0,"texture":"#2"}}},{"from":[10.30625,7.8812504,5.5079],"to":[11.30625,8.331249,5.6579],"faces":{"east":{"uv":[14.5625,0.0,16.0,0.875],"tintindex":-2,"rotation":0,"texture":"#0"},"south":{"uv":[14.5625,0.0,16.0,0.875],"tintindex":-2,"rotation":0,"texture":"#0"},"north":{"uv":[14.5625,0.0,16.0,0.875],"tintindex":-2,"rotation":0,"texture":"#0"},"west":{"uv":[14.5625,0.0,16.0,0.875],"tintindex":-2,"rotation":0,"texture":"#0"},"up":{"uv":[14.5625,0.0,16.0,0.875],"tintindex":-2,"rotation":0,"texture":"#0"},"down":{"uv":[14.5625,0.0,16.0,0.875],"tintindex":-2,"rotation":0,"texture":"#0"}}},{"from":[9.30625,9.43125,9.3579],"to":[11.30625,9.88125,9.5079],"faces":{"east":{"uv":[14.5625,0.0,16.0,0.875],"tintindex":-2,"rotation":0,"texture":"#0"},"south":{"uv":[14.5625,0.0,16.0,0.875],"tintindex":-2,"rotation":0,"texture":"#0"},"north":{"uv":[14.5625,0.0,16.0,0.875],"tintindex":-2,"rotation":0,"texture":"#0"},"west":{"uv":[14.5625,0.0,16.0,0.875],"tintindex":-2,"rotation":0,"texture":"#0"},"up":{"uv":[14.5625,0.0,16.0,0.875],"tintindex":-2,"rotation":0,"texture":"#0"},"down":{"uv":[14.5625,0.0,16.0,0.875],"tintindex":-2,"rotation":0,"texture":"#0"}}},{"from":[4.495,10.995,4.7100067],"to":[5.505,15.005,5.720007],"faces":{"east":{"uv":[10.0,9.875,10.125,10.375],"tintindex":-2,"rotation":0,"texture":"#2"},"south":{"uv":[10.125,0.625,10.25,1.125],"tintindex":-2,"rotation":0,"texture":"#2"},"north":{"uv":[5.625,4.25,5.75,4.75],"tintindex":-2,"rotation":0,"texture":"#2"},"west":{"uv":[10.125,1.25,10.25,1.75],"tintindex":-2,"rotation":0,"texture":"#2"},"up":{"uv":[6.625,3.5,6.5,3.375],"tintindex":-2,"rotation":0,"texture":"#2"},"down":{"uv":[6.75,1.875,6.625,2.0],"tintindex":-2,"rotation":0,"texture":"#2"}},"rotation":{"origin":[5.0,12.5,5.215007],"angle":45.0,"axis":"y"}},{"from":[8.229402,11.0,4.6611814],"to":[9.229402,15.0,5.6611814],"faces":{"east":{"uv":[11.25,8.0,11.375,8.5],"tintindex":-2,"rotation":0,"texture":"#2"},"south":{"uv":[8.125,11.25,8.25,11.75],"tintindex":-2,"rotation":0,"texture":"#2"},"north":{"uv":[7.875,11.25,8.0,11.75],"tintindex":-2,"rotation":0,"texture":"#2"},"west":{"uv":[0.0,11.375,0.125,11.875],"tintindex":-2,"rotation":0,"texture":"#2"},"up":{"uv":[4.125,13.125,4.0,13.0],"tintindex":-2,"rotation":0,"texture":"#2"},"down":{"uv":[13.125,4.0,13.0,4.125],"tintindex":-2,"rotation":0,"texture":"#2"}},"rotation":{"origin":[8.729402,13.0,5.1611814],"angle":22.5,"axis":"y"}},{"from":[4.075,7.0,5.5579],"to":[11.925,8.0,9.4579],"faces":{"east":{"uv":[14.5625,0.0,16.0,0.875],"tintindex":-2,"rotation":0,"texture":"#0"},"south":{"uv":[14.5625,0.0,16.0,0.875],"tintindex":-2,"rotation":0,"texture":"#0"},"north":{"uv":[14.5625,0.0,16.0,0.875],"tintindex":-2,"rotation":0,"texture":"#0"},"west":{"uv":[14.5625,0.0,16.0,0.875],"tintindex":-2,"rotation":0,"texture":"#0"},"up":{"uv":[14.5625,0.0,16.0,0.875],"tintindex":-2,"rotation":0,"texture":"#0"},"down":{"uv":[14.5625,0.0,16.0,0.875],"tintindex":-2,"rotation":0,"texture":"#0"}}}],"display":{"gui":{"rotation":[30,225,0]}}}