{"textures":{"0":"modelengine:entity/boneshading_white","2":"modelengine:entity/fallen_knight"},"elements":[{"from":[4.961567,5.027952,6.05],"to":[8.961567,6.027952,10.05],"faces":{"east":{"uv":[10.875,3.0,11.375,3.125],"tintindex":-2,"rotation":0,"texture":"#2"},"south":{"uv":[10.875,3.25,11.375,3.375],"tintindex":-2,"rotation":0,"texture":"#2"},"north":{"uv":[10.875,2.5,11.375,2.625],"tintindex":-2,"rotation":0,"texture":"#2"},"west":{"uv":[10.875,3.5,11.375,3.625],"tintindex":-2,"rotation":0,"texture":"#2"},"up":{"uv":[4.875,7.875,4.375,7.375],"tintindex":-2,"rotation":0,"texture":"#2"},"down":{"uv":[7.875,5.875,7.375,6.375],"tintindex":-2,"rotation":0,"texture":"#2"}}},{"from":[5.1615667,3.6904528,6.2374997],"to":[8.761567,7.290454,9.837501],"faces":{"east":{"uv":[7.25,5.25,7.75,5.75],"tintindex":-2,"rotation":0,"texture":"#2"},"south":{"uv":[6.25,2.125,6.75,2.625],"tintindex":-2,"rotation":0,"texture":"#2"},"north":{"uv":[7.25,4.625,7.75,5.125],"tintindex":-2,"rotation":0,"texture":"#2"},"west":{"uv":[1.25,7.375,1.75,7.875],"tintindex":-2,"rotation":0,"texture":"#2"},"up":{"uv":[7.875,3.625,7.375,3.125],"tintindex":-2,"rotation":0,"texture":"#2"},"down":{"uv":[4.25,7.375,3.75,7.875],"tintindex":-2,"rotation":0,"texture":"#2"}}},{"from":[5.461567,6.727953,6.5],"to":[8.461567,8.727953,9.5],"faces":{"east":{"uv":[14.5625,0.0,16.0,0.875],"tintindex":-2,"rotation":0,"texture":"#0"},"south":{"uv":[14.5625,0.0,16.0,0.875],"tintindex":-2,"rotation":0,"texture":"#0"},"north":{"uv":[14.5625,0.0,16.0,0.875],"tintindex":-2,"rotation":0,"texture":"#0"},"west":{"uv":[14.5625,0.0,16.0,0.875],"tintindex":-2,"rotation":0,"texture":"#0"},"up":{"uv":[14.5625,0.0,16.0,0.875],"tintindex":-2,"rotation":0,"texture":"#0"},"down":{"uv":[14.5625,0.0,16.0,0.875],"tintindex":-2,"rotation":0,"texture":"#0"}}}],"display":{"gui":{"rotation":[30,225,0]}}}