{"textures":{"0":"modelengine:entity/boneshading_white","2":"modelengine:entity/fallen_knight"},"elements":[{"from":[6.5,2.0,6.5],"to":[9.5,4.0,9.5],"faces":{"east":{"uv":[14.5625,0.0,16.0,0.875],"tintindex":-2,"rotation":0,"texture":"#0"},"south":{"uv":[14.5625,0.0,16.0,0.875],"tintindex":-2,"rotation":0,"texture":"#0"},"north":{"uv":[14.5625,0.0,16.0,0.875],"tintindex":-2,"rotation":0,"texture":"#0"},"west":{"uv":[14.5625,0.0,16.0,0.875],"tintindex":-2,"rotation":0,"texture":"#0"},"up":{"uv":[14.5625,0.0,16.0,0.875],"tintindex":-2,"rotation":0,"texture":"#0"},"down":{"uv":[14.5625,0.0,16.0,0.875],"tintindex":-2,"rotation":0,"texture":"#0"}}},{"from":[6.0,4.0,6.0],"to":[10.0,9.0,10.0],"faces":{"east":{"uv":[5.875,4.25,6.375,4.875],"tintindex":-2,"rotation":0,"texture":"#2"},"south":{"uv":[0.625,6.0,1.125,6.625],"tintindex":-2,"rotation":0,"texture":"#2"},"north":{"uv":[3.625,5.875,4.125,6.5],"tintindex":-2,"rotation":0,"texture":"#2"},"west":{"uv":[6.0,0.75,6.5,1.375],"tintindex":-2,"rotation":0,"texture":"#2"},"up":{"uv":[8.0,8.25,7.5,7.75],"tintindex":-2,"rotation":0,"texture":"#2"},"down":{"uv":[0.5,7.875,0.0,8.375],"tintindex":-2,"rotation":0,"texture":"#2"}}},{"from":[6.15,8.9375,6.15],"to":[9.85,9.637501,9.85],"faces":{"east":{"uv":[11.0,0.75,11.5,0.875],"tintindex":-2,"rotation":0,"texture":"#2"},"south":{"uv":[11.0,1.0,11.5,1.125],"tintindex":-2,"rotation":0,"texture":"#2"},"north":{"uv":[11.0,0.5,11.5,0.625],"tintindex":-2,"rotation":0,"texture":"#2"},"west":{"uv":[11.0,1.25,11.5,1.375],"tintindex":-2,"rotation":0,"texture":"#2"},"up":{"uv":[8.25,3.0,7.75,2.5],"tintindex":-2,"rotation":0,"texture":"#2"},"down":{"uv":[8.25,3.75,7.75,4.25],"tintindex":-2,"rotation":0,"texture":"#2"}}}],"display":{"gui":{"rotation":[30,225,0]}}}